{"assembly_sequence":[{"Deformation":null,"compliance":0.0,"holdPartIDs":[],"installPartIDs":[24],"partDirections":null},{"Deformation":null,"compliance":0.0,"holdPartIDs":[],"installPartIDs":[25],"partDirections":null},{"Deformation":null,"compliance":0.0,"holdPartIDs":[],"installPartIDs":[28],"partDirections":null},{"Deformation":null,"compliance":0.0,"holdPartIDs":[],"installPartIDs":[22],"partDirections":null},{"Deformation":null,"compliance":0.0,"holdPartIDs":[],"installPartIDs":[19],"partDirections":null},{"Deformation":null,"compliance":0.0,"holdPartIDs":[],"installPartIDs":[21],"partDirections":null},{"Deformation":null,"compliance":0.0,"holdPartIDs":[],"installPartIDs":[20],"partDirections":null},{"Deformation":null,"compliance":0.0,"holdPartIDs":[],"installPartIDs":[29],"partDirections":null},{"Deformation":null,"compliance":0.0,"holdPartIDs":[],"installPartIDs":[27],"partDirections":null},{"Deformation":null,"compliance":0.0,"holdPartIDs":[],"installPartIDs":[23],"partDirections":null},{"Deformation":null,"compliance":0.0,"holdPartIDs":[],"installPartIDs":[26],"partDirections":null},{"Deformation":null,"compliance":0.0,"holdPartIDs":[],"installPartIDs":[11],"partDirections":null},{"Deformation":null,"compliance":0.0,"holdPartIDs":[],"installPartIDs":[17],"partDirections":null},{"Deformation":null,"compliance":0.0,"holdPartIDs":[],"installPartIDs":[16],"partDirections":null},{"Deformation":null,"compliance":0.0,"holdPartIDs":[],"installPartIDs":[13],"partDirections":null},{"Deformation":null,"compliance":0.0,"holdPartIDs":[],"installPartIDs":[18],"partDirections":null},{"Deformation":null,"compliance":0.0,"holdPartIDs":[],"installPartIDs":[15],"partDirections":null},{"Deformation":null,"compliance":0.0,"holdPartIDs":[],"installPartIDs":[14],"partDirections":null},{"Deformation":null,"compliance":0.0,"holdPartIDs":[],"installPartIDs":[1],"partDirections":null},{"Deformation":null,"compliance":0.0,"holdPartIDs":[],"installPartIDs":[0],"partDirections":null},{"Deformation":null,"compliance":0.0,"holdPartIDs":[],"installPartIDs":[8],"partDirections":null},{"Deformation":null,"compliance":0.0,"holdPartIDs":[],"installPartIDs":[3],"partDirections":null},{"Deformation":null,"compliance":0.0,"holdPartIDs":[],"installPartIDs":[6],"partDirections":null},{"Deformation":null,"compliance":0.0,"holdPartIDs":[],"installPartIDs":[12],"partDirections":null},{"Deformation":null,"compliance":0.0,"holdPartIDs":[],"installPartIDs":[2],"partDirections":null},{"Deformation":null,"compliance":0.0,"holdPartIDs":[],"installPartIDs":[9],"partDirections":null},{"Deformation":null,"compliance":0.0,"holdPartIDs":[],"installPartIDs":[7],"partDirections":null},{"Deformation":null,"compliance":0.0,"holdPartIDs":[],"installPartIDs":[10],"partDirections":null},{"Deformation":null,"compliance":0.0,"holdPartIDs":[],"installPartIDs":[5],"partDirections":null},{"Deformation":null,"compliance":0.0,"holdPartIDs":[],"installPartIDs":[4],"partDirections":null}],"benchmark_compliance":1.2871880885055284e-05,"benchmark_time":0.014016208,"cross_secs":[{"A":7.853981633974483e-05}],"elements":[{"end_node_inds":[0,1]},{"end_node_inds":[0,2]},{"end_node_inds":[0,3]},{"end_node_inds":[1,3]},{"end_node_inds":[0,4]},{"end_node_inds":[2,4]},{"end_node_inds":[3,5]},{"end_node_inds":[4,6]},{"end_node_inds":[0,7]},{"end_node_inds":[3,7]},{"end_node_inds":[4,7]},{"end_node_inds":[6,7]},{"end_node_inds":[3,8]},{"end_node_inds":[5,8]},{"end_node_inds":[7,8]},{"end_node_inds":[8,9]},{"end_node_inds":[7,10]},{"end_node_inds":[7,11]},{"end_node_inds":[8,11]},{"end_node_inds":[9,11]},{"end_node_inds":[10,11]},{"end_node_inds":[11,12]},{"end_node_inds":[10,14]},{"end_node_inds":[11,14]},{"end_node_inds":[12,14]},{"end_node_inds":[13,14]},{"end_node_inds":[12,15]},{"end_node_inds":[14,15]},{"end_node_inds":[14,16]},{"end_node_inds":[15,16]}],"materials":[{"E":129000000.0,"G12":46071428.57142857,"density":58.0}],"nodes":[{"is_grounded":0,"node_ind":0,"point":[0.0,0.782664444066137,0.8589881650649817]},{"is_grounded":1,"node_ind":1,"point":[0.03778716816478756,0.3890181827521939,0.023306509369780303]},{"is_grounded":1,"node_ind":2,"point":[0.09412996016960219,1.1134975478542677,0.023306509369780303]},{"is_grounded":0,"node_ind":3,"point":[0.27470873359272857,0.12584591703541842,0.8589881650649817]},{"is_grounded":0,"node_ind":4,"point":[0.5622946318700732,1.3898482448315943,0.8589881650649817]},{"is_grounded":1,"node_ind":5,"point":[0.6513817109188057,0.0,0.023306509369780303]},{"is_grounded":1,"node_ind":6,"point":[0.7771599874557833,1.0363147989699053,0.05197356259453135]},{"is_grounded":0,"node_ind":7,"point":[0.9665469008186609,0.8496495474959748,0.822113504590781]},{"is_grounded":0,"node_ind":8,"point":[0.9450870499317499,0.08988838804939413,0.8589881650649817]},{"is_grounded":1,"node_ind":9,"point":[1.353353967725454,0.22729254270065205,0.004227881161801506]},{"is_grounded":1,"node_ind":10,"point":[1.4786829502549717,0.8465682284041438,0.08201871462454877]},{"is_grounded":0,"node_ind":11,"point":[1.5542653667861117,0.321345997364309,0.29839811665889954]},{"is_grounded":1,"node_ind":12,"point":[2.2923663784812636,0.22712485592211445,0.0]},{"is_grounded":1,"node_ind":13,"point":[2.2053921600385955,0.5156912951047107,0.06295029632834502]},{"is_grounded":0,"node_ind":14,"point":[2.286168885474506,0.3202365880033288,0.29839811665889954]},{"is_grounded":0,"node_ind":15,"point":[2.868683254140129,0.256605893619675,0.7886209960109517]},{"is_grounded":1,"node_ind":16,"point":[3.0,0.2908753792088079,0.09464748802053621]}]}