{"assembly_sequence":[{"Deformation":null,"compliance":0.0,"holdPartIDs":[],"installPartIDs":[11],"partDirections":null},{"Deformation":null,"compliance":0.0,"holdPartIDs":[],"installPartIDs":[39],"partDirections":null},{"Deformation":null,"compliance":0.0,"holdPartIDs":[],"installPartIDs":[4],"partDirections":null},{"Deformation":null,"compliance":0.0,"holdPartIDs":[],"installPartIDs":[28],"partDirections":null},{"Deformation":null,"compliance":0.0,"holdPartIDs":[],"installPartIDs":[35],"partDirections":null},{"Deformation":null,"compliance":0.0,"holdPartIDs":[],"installPartIDs":[33],"partDirections":null},{"Deformation":null,"compliance":0.0,"holdPartIDs":[],"installPartIDs":[25],"partDirections":null},{"Deformation":null,"compliance":0.0,"holdPartIDs":[],"installPartIDs":[13],"partDirections":null},{"Deformation":null,"compliance":0.0,"holdPartIDs":[],"installPartIDs":[2],"partDirections":null},{"Deformation":null,"compliance":0.0,"holdPartIDs":[],"installPartIDs":[7],"partDirections":null},{"Deformation":null,"compliance":0.0,"holdPartIDs":[],"installPartIDs":[24],"partDirections":null},{"Deformation":null,"compliance":0.0,"holdPartIDs":[],"installPartIDs":[34],"partDirections":null},{"Deformation":null,"compliance":0.0,"holdPartIDs":[],"installPartIDs":[27],"partDirections":null},{"Deformation":null,"compliance":0.0,"holdPartIDs":[],"installPartIDs":[32],"partDirections":null},{"Deformation":null,"compliance":0.0,"holdPartIDs":[],"installPartIDs":[5],"partDirections":null},{"Deformation":null,"compliance":0.0,"holdPartIDs":[],"installPartIDs":[21],"partDirections":null},{"Deformation":null,"compliance":0.0,"holdPartIDs":[],"installPartIDs":[29],"partDirections":null},{"Deformation":null,"compliance":0.0,"holdPartIDs":[],"installPartIDs":[12],"partDirections":null},{"Deformation":null,"compliance":0.0,"holdPartIDs":[],"installPartIDs":[3],"partDirections":null},{"Deformation":null,"compliance":0.0,"holdPartIDs":[],"installPartIDs":[1],"partDirections":null},{"Deformation":null,"compliance":0.0,"holdPartIDs":[],"installPartIDs":[0],"partDirections":null},{"Deformation":null,"compliance":0.0,"holdPartIDs":[],"installPartIDs":[20],"partDirections":null},{"Deformation":null,"compliance":0.0,"holdPartIDs":[],"installPartIDs":[23],"partDirections":null},{"Deformation":null,"compliance":0.0,"holdPartIDs":[],"installPartIDs":[26],"partDirections":null},{"Deformation":null,"compliance":0.0,"holdPartIDs":[],"installPartIDs":[22],"partDirections":null},{"Deformation":null,"compliance":0.0,"holdPartIDs":[],"installPartIDs":[14],"partDirections":null},{"Deformation":null,"compliance":0.0,"holdPartIDs":[],"installPartIDs":[15],"partDirections":null},{"Deformation":null,"compliance":0.0,"holdPartIDs":[],"installPartIDs":[19],"partDirections":null},{"Deformation":null,"compliance":0.0,"holdPartIDs":[],"installPartIDs":[30],"partDirections":null},{"Deformation":null,"compliance":0.0,"holdPartIDs":[],"installPartIDs":[8],"partDirections":null},{"Deformation":null,"compliance":0.0,"holdPartIDs":[],"installPartIDs":[9],"partDirections":null},{"Deformation":null,"compliance":0.0,"holdPartIDs":[],"installPartIDs":[6],"partDirections":null},{"Deformation":null,"compliance":0.0,"holdPartIDs":[],"installPartIDs":[10],"partDirections":null},{"Deformation":null,"compliance":0.0,"holdPartIDs":[],"installPartIDs":[37],"partDirections":null},{"Deformation":null,"compliance":0.0,"holdPartIDs":[],"installPartIDs":[38],"partDirections":null},{"Deformation":null,"compliance":0.0,"holdPartIDs":[],"installPartIDs":[31],"partDirections":null},{"Deformation":null,"compliance":0.0,"holdPartIDs":[],"installPartIDs":[36],"partDirections":null},{"Deformation":null,"compliance":0.0,"holdPartIDs":[],"installPartIDs":[17],"partDirections":null},{"Deformation":null,"compliance":0.0,"holdPartIDs":[],"installPartIDs":[16],"partDirections":null},{"Deformation":null,"compliance":0.0,"holdPartIDs":[],"installPartIDs":[18],"partDirections":null}],"benchmark_compliance":0.0006295384657919454,"benchmark_time":0.040484334,"cross_secs":[{"A":7.853981633974483e-05}],"elements":[{"end_node_inds":[0,1]},{"end_node_inds":[0,2]},{"end_node_inds":[1,2]},{"end_node_inds":[0,3]},{"end_node_inds":[2,3]},{"end_node_inds":[2,4]},{"end_node_inds":[4,5]},{"end_node_inds":[2,6]},{"end_node_inds":[2,7]},{"end_node_inds":[4,7]},{"end_node_inds":[5,7]},{"end_node_inds":[6,7]},{"end_node_inds":[1,8]},{"end_node_inds":[2,8]},{"end_node_inds":[0,9]},{"end_node_inds":[3,9]},{"end_node_inds":[4,10]},{"end_node_inds":[5,10]},{"end_node_inds":[7,10]},{"end_node_inds":[0,11]},{"end_node_inds":[1,11]},{"end_node_inds":[8,11]},{"end_node_inds":[9,11]},{"end_node_inds":[9,12]},{"end_node_inds":[2,13]},{"end_node_inds":[8,13]},{"end_node_inds":[9,13]},{"end_node_inds":[11,13]},{"end_node_inds":[12,13]},{"end_node_inds":[2,14]},{"end_node_inds":[4,14]},{"end_node_inds":[10,14]},{"end_node_inds":[13,14]},{"end_node_inds":[7,15]},{"end_node_inds":[13,15]},{"end_node_inds":[7,16]},{"end_node_inds":[10,16]},{"end_node_inds":[13,16]},{"end_node_inds":[14,16]},{"end_node_inds":[15,16]}],"materials":[{"E":129000000.0,"G12":46071428.57142857,"density":58.0}],"nodes":[{"is_grounded":0,"node_ind":0,"point":[0.032520653868793825,0.02273957198440812,0.6362680363785076]},{"is_grounded":0,"node_ind":1,"point":[0.03905738667745219,0.461156496979333,1.2744778924992435]},{"is_grounded":0,"node_ind":2,"point":[0.0,0.9762396129809294,0.7220607849226885]},{"is_grounded":1,"node_ind":3,"point":[0.045528915416311364,0.7774533821088004,0.0]},{"is_grounded":0,"node_ind":4,"point":[0.019512392321276297,1.275495167596045,1.3383572999374929]},{"is_grounded":0,"node_ind":5,"point":[0.045528915416311364,1.8328247708110854,1.8781460128235457]},{"is_grounded":1,"node_ind":6,"point":[0.019512392321276297,3.0,0.005747557203938167]},{"is_grounded":0,"node_ind":7,"point":[0.019512392321276297,3.0,1.8908427686266458]},{"is_grounded":0,"node_ind":8,"point":[0.5894987803514234,0.9105339953625052,0.8544973825738096]},{"is_grounded":0,"node_ind":9,"point":[0.9423395382344375,0.0,0.6566784479441109]},{"is_grounded":0,"node_ind":10,"point":[0.9779637867314812,1.8595414933177654,1.888512256574057]},{"is_grounded":0,"node_ind":11,"point":[1.035874075442432,0.461156496979333,1.2744778924992435]},{"is_grounded":1,"node_ind":12,"point":[1.0294025529063953,0.7774533821088004,0.0]},{"is_grounded":0,"node_ind":13,"point":[1.0749314683227067,0.9762396129809294,0.7220607849226885]},{"is_grounded":0,"node_ind":14,"point":[1.0554190760014304,1.275495167596045,1.3383572999374929]},{"is_grounded":1,"node_ind":15,"point":[1.0554190760014304,3.0,0.005747557203938167]},{"is_grounded":0,"node_ind":16,"point":[1.0554190760014304,3.0,1.8908427686266458]}]}