{"assembly_sequence":[{"Deformation":null,"compliance":0.0,"holdPartIDs":[],"installPartIDs":[22],"partDirections":null},{"Deformation":null,"compliance":0.0,"holdPartIDs":[],"installPartIDs":[36],"partDirections":null},{"Deformation":null,"compliance":0.0,"holdPartIDs":[],"installPartIDs":[89],"partDirections":null},{"Deformation":null,"compliance":0.0,"holdPartIDs":[],"installPartIDs":[88],"partDirections":null},{"Deformation":null,"compliance":0.0,"holdPartIDs":[],"installPartIDs":[62],"partDirections":null},{"Deformation":null,"compliance":0.0,"holdPartIDs":[],"installPartIDs":[65],"partDirections":null},{"Deformation":null,"compliance":0.0,"holdPartIDs":[],"installPartIDs":[90],"partDirections":null},{"Deformation":null,"compliance":0.0,"holdPartIDs":[],"installPartIDs":[63],"partDirections":null},{"Deformation":null,"compliance":0.0,"holdPartIDs":[],"installPartIDs":[91],"partDirections":null},{"Deformation":null,"compliance":0.0,"holdPartIDs":[],"installPartIDs":[75],"partDirections":null},{"Deformation":null,"compliance":0.0,"holdPartIDs":[],"installPartIDs":[77],"partDirections":null},{"Deformation":null,"compliance":0.0,"holdPartIDs":[],"installPartIDs":[79],"partDirections":null},{"Deformation":null,"compliance":0.0,"holdPartIDs":[],"installPartIDs":[85],"partDirections":null},{"Deformation":null,"compliance":0.0,"holdPartIDs":[],"installPartIDs":[84],"partDirections":null},{"Deformation":null,"compliance":0.0,"holdPartIDs":[],"installPartIDs":[76],"partDirections":null},{"Deformation":null,"compliance":0.0,"holdPartIDs":[],"installPartIDs":[82],"partDirections":null},{"Deformation":null,"compliance":0.0,"holdPartIDs":[],"installPartIDs":[83],"partDirections":null},{"Deformation":null,"compliance":0.0,"holdPartIDs":[],"installPartIDs":[19],"partDirections":null},{"Deformation":null,"compliance":0.0,"holdPartIDs":[],"installPartIDs":[80],"partDirections":null},{"Deformation":null,"compliance":0.0,"holdPartIDs":[],"installPartIDs":[64],"partDirections":null},{"Deformation":null,"compliance":0.0,"holdPartIDs":[],"installPartIDs":[87],"partDirections":null},{"Deformation":null,"compliance":0.0,"holdPartIDs":[],"installPartIDs":[29],"partDirections":null},{"Deformation":null,"compliance":0.0,"holdPartIDs":[],"installPartIDs":[118],"partDirections":null},{"Deformation":null,"compliance":0.0,"holdPartIDs":[],"installPartIDs":[120],"partDirections":null},{"Deformation":null,"compliance":0.0,"holdPartIDs":[],"installPartIDs":[113],"partDirections":null},{"Deformation":null,"compliance":0.0,"holdPartIDs":[],"installPartIDs":[28],"partDirections":null},{"Deformation":null,"compliance":0.0,"holdPartIDs":[],"installPartIDs":[74],"partDirections":null},{"Deformation":null,"compliance":0.0,"holdPartIDs":[],"installPartIDs":[112],"partDirections":null},{"Deformation":null,"compliance":0.0,"holdPartIDs":[],"installPartIDs":[86],"partDirections":null},{"Deformation":null,"compliance":0.0,"holdPartIDs":[],"installPartIDs":[26],"partDirections":null},{"Deformation":null,"compliance":0.0,"holdPartIDs":[],"installPartIDs":[117],"partDirections":null},{"Deformation":null,"compliance":0.0,"holdPartIDs":[],"installPartIDs":[61],"partDirections":null},{"Deformation":null,"compliance":0.0,"holdPartIDs":[],"installPartIDs":[114],"partDirections":null},{"Deformation":null,"compliance":0.0,"holdPartIDs":[],"installPartIDs":[68],"partDirections":null},{"Deformation":null,"compliance":0.0,"holdPartIDs":[],"installPartIDs":[103],"partDirections":null},{"Deformation":null,"compliance":0.0,"holdPartIDs":[],"installPartIDs":[119],"partDirections":null},{"Deformation":null,"compliance":0.0,"holdPartIDs":[],"installPartIDs":[21],"partDirections":null},{"Deformation":null,"compliance":0.0,"holdPartIDs":[],"installPartIDs":[25],"partDirections":null},{"Deformation":null,"compliance":0.0,"holdPartIDs":[],"installPartIDs":[122],"partDirections":null},{"Deformation":null,"compliance":0.0,"holdPartIDs":[],"installPartIDs":[10],"partDirections":null},{"Deformation":null,"compliance":0.0,"holdPartIDs":[],"installPartIDs":[110],"partDirections":null},{"Deformation":null,"compliance":0.0,"holdPartIDs":[],"installPartIDs":[109],"partDirections":null},{"Deformation":null,"compliance":0.0,"holdPartIDs":[],"installPartIDs":[5],"partDirections":null},{"Deformation":null,"compliance":0.0,"holdPartIDs":[],"installPartIDs":[121],"partDirections":null},{"Deformation":null,"compliance":0.0,"holdPartIDs":[],"installPartIDs":[18],"partDirections":null},{"Deformation":null,"compliance":0.0,"holdPartIDs":[],"installPartIDs":[108],"partDirections":null},{"Deformation":null,"compliance":0.0,"holdPartIDs":[],"installPartIDs":[60],"partDirections":null},{"Deformation":null,"compliance":0.0,"holdPartIDs":[],"installPartIDs":[96],"partDirections":null},{"Deformation":null,"compliance":0.0,"holdPartIDs":[],"installPartIDs":[104],"partDirections":null},{"Deformation":null,"compliance":0.0,"holdPartIDs":[],"installPartIDs":[35],"partDirections":null},{"Deformation":null,"compliance":0.0,"holdPartIDs":[],"installPartIDs":[116],"partDirections":null},{"Deformation":null,"compliance":0.0,"holdPartIDs":[],"installPartIDs":[48],"partDirections":null},{"Deformation":null,"compliance":0.0,"holdPartIDs":[],"installPartIDs":[71],"partDirections":null},{"Deformation":null,"compliance":0.0,"holdPartIDs":[],"installPartIDs":[102],"partDirections":null},{"Deformation":null,"compliance":0.0,"holdPartIDs":[],"installPartIDs":[59],"partDirections":null},{"Deformation":null,"compliance":0.0,"holdPartIDs":[],"installPartIDs":[94],"partDirections":null},{"Deformation":null,"compliance":0.0,"holdPartIDs":[],"installPartIDs":[51],"partDirections":null},{"Deformation":null,"compliance":0.0,"holdPartIDs":[],"installPartIDs":[100],"partDirections":null},{"Deformation":null,"compliance":0.0,"holdPartIDs":[],"installPartIDs":[16],"partDirections":null},{"Deformation":null,"compliance":0.0,"holdPartIDs":[],"installPartIDs":[99],"partDirections":null},{"Deformation":null,"compliance":0.0,"holdPartIDs":[],"installPartIDs":[11],"partDirections":null},{"Deformation":null,"compliance":0.0,"holdPartIDs":[],"installPartIDs":[105],"partDirections":null},{"Deformation":null,"compliance":0.0,"holdPartIDs":[],"installPartIDs":[98],"partDirections":null},{"Deformation":null,"compliance":0.0,"holdPartIDs":[],"installPartIDs":[49],"partDirections":null},{"Deformation":null,"compliance":0.0,"holdPartIDs":[],"installPartIDs":[92],"partDirections":null},{"Deformation":null,"compliance":0.0,"holdPartIDs":[],"installPartIDs":[106],"partDirections":null},{"Deformation":null,"compliance":0.0,"holdPartIDs":[],"installPartIDs":[55],"partDirections":null},{"Deformation":null,"compliance":0.0,"holdPartIDs":[],"installPartIDs":[95],"partDirections":null},{"Deformation":null,"compliance":0.0,"holdPartIDs":[],"installPartIDs":[57],"partDirections":null},{"Deformation":null,"compliance":0.0,"holdPartIDs":[],"installPartIDs":[58],"partDirections":null},{"Deformation":null,"compliance":0.0,"holdPartIDs":[],"installPartIDs":[101],"partDirections":null},{"Deformation":null,"compliance":0.0,"holdPartIDs":[],"installPartIDs":[78],"partDirections":null},{"Deformation":null,"compliance":0.0,"holdPartIDs":[],"installPartIDs":[107],"partDirections":null},{"Deformation":null,"compliance":0.0,"holdPartIDs":[],"installPartIDs":[70],"partDirections":null},{"Deformation":null,"compliance":0.0,"holdPartIDs":[],"installPartIDs":[52],"partDirections":null},{"Deformation":null,"compliance":0.0,"holdPartIDs":[],"installPartIDs":[115],"partDirections":null},{"Deformation":null,"compliance":0.0,"holdPartIDs":[],"installPartIDs":[43],"partDirections":null},{"Deformation":null,"compliance":0.0,"holdPartIDs":[],"installPartIDs":[127],"partDirections":null},{"Deformation":null,"compliance":0.0,"holdPartIDs":[],"installPartIDs":[41],"partDirections":null},{"Deformation":null,"compliance":0.0,"holdPartIDs":[],"installPartIDs":[124],"partDirections":null},{"Deformation":null,"compliance":0.0,"holdPartIDs":[],"installPartIDs":[42],"partDirections":null},{"Deformation":null,"compliance":0.0,"holdPartIDs":[],"installPartIDs":[125],"partDirections":null},{"Deformation":null,"compliance":0.0,"holdPartIDs":[],"installPartIDs":[39],"partDirections":null},{"Deformation":null,"compliance":0.0,"holdPartIDs":[],"installPartIDs":[33],"partDirections":null},{"Deformation":null,"compliance":0.0,"holdPartIDs":[],"installPartIDs":[123],"partDirections":null},{"Deformation":null,"compliance":0.0,"holdPartIDs":[],"installPartIDs":[66],"partDirections":null},{"Deformation":null,"compliance":0.0,"holdPartIDs":[],"installPartIDs":[126],"partDirections":null},{"Deformation":null,"compliance":0.0,"holdPartIDs":[],"installPartIDs":[72],"partDirections":null},{"Deformation":null,"compliance":0.0,"holdPartIDs":[],"installPartIDs":[46],"partDirections":null},{"Deformation":null,"compliance":0.0,"holdPartIDs":[],"installPartIDs":[8],"partDirections":null},{"Deformation":null,"compliance":0.0,"holdPartIDs":[],"installPartIDs":[67],"partDirections":null},{"Deformation":null,"compliance":0.0,"holdPartIDs":[],"installPartIDs":[81],"partDirections":null},{"Deformation":null,"compliance":0.0,"holdPartIDs":[],"installPartIDs":[111],"partDirections":null},{"Deformation":null,"compliance":0.0,"holdPartIDs":[],"installPartIDs":[73],"partDirections":null},{"Deformation":null,"compliance":0.0,"holdPartIDs":[],"installPartIDs":[40],"partDirections":null},{"Deformation":null,"compliance":0.0,"holdPartIDs":[],"installPartIDs":[17],"partDirections":null},{"Deformation":null,"compliance":0.0,"holdPartIDs":[],"installPartIDs":[97],"partDirections":null},{"Deformation":null,"compliance":0.0,"holdPartIDs":[],"installPartIDs":[69],"partDirections":null},{"Deformation":null,"compliance":0.0,"holdPartIDs":[],"installPartIDs":[93],"partDirections":null},{"Deformation":null,"compliance":0.0,"holdPartIDs":[],"installPartIDs":[24],"partDirections":null},{"Deformation":null,"compliance":0.0,"holdPartIDs":[],"installPartIDs":[56],"partDirections":null},{"Deformation":null,"compliance":0.0,"holdPartIDs":[],"installPartIDs":[50],"partDirections":null},{"Deformation":null,"compliance":0.0,"holdPartIDs":[],"installPartIDs":[34],"partDirections":null},{"Deformation":null,"compliance":0.0,"holdPartIDs":[],"installPartIDs":[47],"partDirections":null},{"Deformation":null,"compliance":0.0,"holdPartIDs":[],"installPartIDs":[31],"partDirections":null},{"Deformation":null,"compliance":0.0,"holdPartIDs":[],"installPartIDs":[32],"partDirections":null},{"Deformation":null,"compliance":0.0,"holdPartIDs":[],"installPartIDs":[54],"partDirections":null},{"Deformation":null,"compliance":0.0,"holdPartIDs":[],"installPartIDs":[23],"partDirections":null},{"Deformation":null,"compliance":0.0,"holdPartIDs":[],"installPartIDs":[45],"partDirections":null},{"Deformation":null,"compliance":0.0,"holdPartIDs":[],"installPartIDs":[4],"partDirections":null},{"Deformation":null,"compliance":0.0,"holdPartIDs":[],"installPartIDs":[1],"partDirections":null},{"Deformation":null,"compliance":0.0,"holdPartIDs":[],"installPartIDs":[53],"partDirections":null},{"Deformation":null,"compliance":0.0,"holdPartIDs":[],"installPartIDs":[20],"partDirections":null},{"Deformation":null,"compliance":0.0,"holdPartIDs":[],"installPartIDs":[14],"partDirections":null},{"Deformation":null,"compliance":0.0,"holdPartIDs":[],"installPartIDs":[7],"partDirections":null},{"Deformation":null,"compliance":0.0,"holdPartIDs":[],"installPartIDs":[27],"partDirections":null},{"Deformation":null,"compliance":0.0,"holdPartIDs":[],"installPartIDs":[3],"partDirections":null},{"Deformation":null,"compliance":0.0,"holdPartIDs":[],"installPartIDs":[12],"partDirections":null},{"Deformation":null,"compliance":0.0,"holdPartIDs":[],"installPartIDs":[38],"partDirections":null},{"Deformation":null,"compliance":0.0,"holdPartIDs":[],"installPartIDs":[15],"partDirections":null},{"Deformation":null,"compliance":0.0,"holdPartIDs":[],"installPartIDs":[9],"partDirections":null},{"Deformation":null,"compliance":0.0,"holdPartIDs":[],"installPartIDs":[37],"partDirections":null},{"Deformation":null,"compliance":0.0,"holdPartIDs":[],"installPartIDs":[44],"partDirections":null},{"Deformation":null,"compliance":0.0,"holdPartIDs":[],"installPartIDs":[6],"partDirections":null},{"Deformation":null,"compliance":0.0,"holdPartIDs":[],"installPartIDs":[2],"partDirections":null},{"Deformation":null,"compliance":0.0,"holdPartIDs":[],"installPartIDs":[30],"partDirections":null},{"Deformation":null,"compliance":0.0,"holdPartIDs":[],"installPartIDs":[13],"partDirections":null},{"Deformation":null,"compliance":0.0,"holdPartIDs":[],"installPartIDs":[0],"partDirections":null}],"benchmark_compliance":0.004678620621796698,"benchmark_time":1.1623375,"cross_secs":[{"A":7.853981633974483e-05}],"elements":[{"end_node_inds":[0,1]},{"end_node_inds":[1,2]},{"end_node_inds":[0,3]},{"end_node_inds":[1,3]},{"end_node_inds":[2,3]},{"end_node_inds":[0,4]},{"end_node_inds":[0,5]},{"end_node_inds":[2,5]},{"end_node_inds":[3,5]},{"end_node_inds":[4,5]},{"end_node_inds":[0,6]},{"end_node_inds":[4,6]},{"end_node_inds":[5,6]},{"end_node_inds":[0,7]},{"end_node_inds":[1,7]},{"end_node_inds":[2,7]},{"end_node_inds":[0,8]},{"end_node_inds":[5,8]},{"end_node_inds":[0,9]},{"end_node_inds":[4,9]},{"end_node_inds":[5,9]},{"end_node_inds":[6,9]},{"end_node_inds":[8,9]},{"end_node_inds":[2,10]},{"end_node_inds":[5,10]},{"end_node_inds":[0,11]},{"end_node_inds":[6,11]},{"end_node_inds":[0,12]},{"end_node_inds":[6,12]},{"end_node_inds":[11,12]},{"end_node_inds":[0,13]},{"end_node_inds":[1,13]},{"end_node_inds":[2,13]},{"end_node_inds":[3,13]},{"end_node_inds":[10,13]},{"end_node_inds":[0,14]},{"end_node_inds":[12,14]},{"end_node_inds":[0,15]},{"end_node_inds":[1,15]},{"end_node_inds":[3,15]},{"end_node_inds":[5,15]},{"end_node_inds":[6,15]},{"end_node_inds":[7,15]},{"end_node_inds":[13,15]},{"end_node_inds":[0,16]},{"end_node_inds":[2,16]},{"end_node_inds":[3,16]},{"end_node_inds":[5,16]},{"end_node_inds":[6,16]},{"end_node_inds":[7,16]},{"end_node_inds":[10,16]},{"end_node_inds":[13,16]},{"end_node_inds":[15,16]},{"end_node_inds":[1,17]},{"end_node_inds":[2,17]},{"end_node_inds":[7,17]},{"end_node_inds":[10,17]},{"end_node_inds":[13,17]},{"end_node_inds":[15,17]},{"end_node_inds":[16,17]},{"end_node_inds":[0,18]},{"end_node_inds":[6,18]},{"end_node_inds":[8,18]},{"end_node_inds":[9,18]},{"end_node_inds":[11,18]},{"end_node_inds":[14,18]},{"end_node_inds":[3,19]},{"end_node_inds":[5,19]},{"end_node_inds":[6,19]},{"end_node_inds":[10,19]},{"end_node_inds":[15,19]},{"end_node_inds":[16,19]},{"end_node_inds":[3,20]},{"end_node_inds":[5,20]},{"end_node_inds":[6,20]},{"end_node_inds":[8,20]},{"end_node_inds":[9,20]},{"end_node_inds":[14,20]},{"end_node_inds":[15,20]},{"end_node_inds":[18,20]},{"end_node_inds":[19,20]},{"end_node_inds":[5,21]},{"end_node_inds":[8,21]},{"end_node_inds":[9,21]},{"end_node_inds":[18,21]},{"end_node_inds":[20,21]},{"end_node_inds":[6,22]},{"end_node_inds":[11,22]},{"end_node_inds":[12,22]},{"end_node_inds":[14,22]},{"end_node_inds":[18,22]},{"end_node_inds":[20,22]},{"end_node_inds":[7,23]},{"end_node_inds":[10,23]},{"end_node_inds":[16,23]},{"end_node_inds":[17,23]},{"end_node_inds":[19,23]},{"end_node_inds":[10,24]},{"end_node_inds":[16,24]},{"end_node_inds":[19,24]},{"end_node_inds":[23,24]},{"end_node_inds":[15,25]},{"end_node_inds":[16,25]},{"end_node_inds":[19,25]},{"end_node_inds":[23,25]},{"end_node_inds":[24,25]},{"end_node_inds":[7,26]},{"end_node_inds":[15,26]},{"end_node_inds":[16,26]},{"end_node_inds":[23,26]},{"end_node_inds":[25,26]},{"end_node_inds":[5,27]},{"end_node_inds":[6,27]},{"end_node_inds":[12,27]},{"end_node_inds":[14,27]},{"end_node_inds":[15,27]},{"end_node_inds":[16,27]},{"end_node_inds":[19,27]},{"end_node_inds":[20,27]},{"end_node_inds":[21,27]},{"end_node_inds":[22,27]},{"end_node_inds":[23,27]},{"end_node_inds":[26,27]},{"end_node_inds":[8,28]},{"end_node_inds":[14,28]},{"end_node_inds":[20,28]},{"end_node_inds":[21,28]},{"end_node_inds":[27,28]}],"materials":[{"E":129000000.0,"G12":46071428.57142857,"density":58.0}],"nodes":[{"is_grounded":0,"node_ind":0,"point":[0.055540435572534554,0.6963183901441196,0.8238788670517717]},{"is_grounded":0,"node_ind":1,"point":[0.0,0.5655362304783722,2.65687512004988]},{"is_grounded":0,"node_ind":2,"point":[0.12911909596126717,0.9982635808435144,2.816324393515897]},{"is_grounded":0,"node_ind":3,"point":[0.3303214331241435,1.045718433529772,2.212823717887287]},{"is_grounded":0,"node_ind":4,"point":[0.2615001063611578,1.0592197394294625,0.6170606040633843]},{"is_grounded":0,"node_ind":5,"point":[0.5141737730351631,1.4479661661241825,1.9634877617616604]},{"is_grounded":0,"node_ind":6,"point":[0.4945835816788466,0.27658753668348707,1.0186718386251084]},{"is_grounded":0,"node_ind":7,"point":[0.5234570589850654,0.12930955979397615,2.833416086467644]},{"is_grounded":1,"node_ind":8,"point":[0.7813449326780052,1.2109001857554758,0.03103134864112227]},{"is_grounded":0,"node_ind":9,"point":[0.5106014100362267,1.0977361985331835,0.49083999091234737]},{"is_grounded":0,"node_ind":10,"point":[0.6924543111192573,1.426560409038248,2.9838001581368774]},{"is_grounded":0,"node_ind":11,"point":[0.4641727488950439,0.38485644910452155,0.6215025523063568]},{"is_grounded":0,"node_ind":12,"point":[0.8180553788111958,0.0,0.5848280118203107]},{"is_grounded":0,"node_ind":13,"point":[0.48727543276152047,0.6507166299663512,2.5987390074346526]},{"is_grounded":1,"node_ind":14,"point":[0.8969430554625691,0.23628714645960508,0.0]},{"is_grounded":0,"node_ind":15,"point":[0.6192604729353789,0.6635601526423371,1.9541187779335591]},{"is_grounded":0,"node_ind":16,"point":[0.8988905681861842,0.4941291848191887,2.5134650373836953]},{"is_grounded":0,"node_ind":17,"point":[0.6880102513124972,0.6220476758607523,2.9579631173892778]},{"is_grounded":0,"node_ind":18,"point":[0.7253324779141685,0.7148123043789846,0.30162045445646957]},{"is_grounded":0,"node_ind":19,"point":[0.9627421675753687,1.0331594040867431,2.099587227093829]},{"is_grounded":0,"node_ind":20,"point":[0.8807294313807512,0.8514793025766314,1.0221096410036097]},{"is_grounded":0,"node_ind":21,"point":[1.0693306712655184,1.285263836990927,0.8682492486481878]},{"is_grounded":0,"node_ind":22,"point":[0.9442734417406906,0.5015959952555866,0.574121771047983]},{"is_grounded":0,"node_ind":23,"point":[1.418124324809696,0.8509747397082724,2.803658092418835]},{"is_grounded":0,"node_ind":24,"point":[1.271497814257645,1.1384526951010479,3.0]},{"is_grounded":0,"node_ind":25,"point":[0.9591598774510499,0.874047487566827,2.563203407490866]},{"is_grounded":0,"node_ind":26,"point":[1.248831165224988,0.4835776166463636,2.6248211871369658]},{"is_grounded":0,"node_ind":27,"point":[1.2893111677877442,0.5726967482173526,1.51924903876136]},{"is_grounded":0,"node_ind":28,"point":[1.524327739999986,0.806587982270619,0.5931744633912919]}]}