{"assembly_sequence":[{"Deformation":null,"compliance":0.0,"holdPartIDs":[],"installPartIDs":[31],"partDirections":null},{"Deformation":null,"compliance":0.0,"holdPartIDs":[],"installPartIDs":[8],"partDirections":null},{"Deformation":null,"compliance":0.0,"holdPartIDs":[],"installPartIDs":[17],"partDirections":null},{"Deformation":null,"compliance":0.0,"holdPartIDs":[],"installPartIDs":[4],"partDirections":null},{"Deformation":null,"compliance":0.0,"holdPartIDs":[],"installPartIDs":[29],"partDirections":null},{"Deformation":null,"compliance":0.0,"holdPartIDs":[],"installPartIDs":[25],"partDirections":null},{"Deformation":null,"compliance":0.0,"holdPartIDs":[],"installPartIDs":[28],"partDirections":null},{"Deformation":null,"compliance":0.0,"holdPartIDs":[],"installPartIDs":[12],"partDirections":null},{"Deformation":null,"compliance":0.0,"holdPartIDs":[],"installPartIDs":[30],"partDirections":null},{"Deformation":null,"compliance":0.0,"holdPartIDs":[],"installPartIDs":[19],"partDirections":null},{"Deformation":null,"compliance":0.0,"holdPartIDs":[],"installPartIDs":[27],"partDirections":null},{"Deformation":null,"compliance":0.0,"holdPartIDs":[],"installPartIDs":[26],"partDirections":null},{"Deformation":null,"compliance":0.0,"holdPartIDs":[],"installPartIDs":[20],"partDirections":null},{"Deformation":null,"compliance":0.0,"holdPartIDs":[],"installPartIDs":[3],"partDirections":null},{"Deformation":null,"compliance":0.0,"holdPartIDs":[],"installPartIDs":[33],"partDirections":null},{"Deformation":null,"compliance":0.0,"holdPartIDs":[],"installPartIDs":[24],"partDirections":null},{"Deformation":null,"compliance":0.0,"holdPartIDs":[],"installPartIDs":[13],"partDirections":null},{"Deformation":null,"compliance":0.0,"holdPartIDs":[],"installPartIDs":[18],"partDirections":null},{"Deformation":null,"compliance":0.0,"holdPartIDs":[],"installPartIDs":[11],"partDirections":null},{"Deformation":null,"compliance":0.0,"holdPartIDs":[],"installPartIDs":[9],"partDirections":null},{"Deformation":null,"compliance":0.0,"holdPartIDs":[],"installPartIDs":[16],"partDirections":null},{"Deformation":null,"compliance":0.0,"holdPartIDs":[],"installPartIDs":[5],"partDirections":null},{"Deformation":null,"compliance":0.0,"holdPartIDs":[],"installPartIDs":[10],"partDirections":null},{"Deformation":null,"compliance":0.0,"holdPartIDs":[],"installPartIDs":[0],"partDirections":null},{"Deformation":null,"compliance":0.0,"holdPartIDs":[],"installPartIDs":[6],"partDirections":null},{"Deformation":null,"compliance":0.0,"holdPartIDs":[],"installPartIDs":[14],"partDirections":null},{"Deformation":null,"compliance":0.0,"holdPartIDs":[],"installPartIDs":[38],"partDirections":null},{"Deformation":null,"compliance":0.0,"holdPartIDs":[],"installPartIDs":[36],"partDirections":null},{"Deformation":null,"compliance":0.0,"holdPartIDs":[],"installPartIDs":[39],"partDirections":null},{"Deformation":null,"compliance":0.0,"holdPartIDs":[],"installPartIDs":[35],"partDirections":null},{"Deformation":null,"compliance":0.0,"holdPartIDs":[],"installPartIDs":[32],"partDirections":null},{"Deformation":null,"compliance":0.0,"holdPartIDs":[],"installPartIDs":[37],"partDirections":null},{"Deformation":null,"compliance":0.0,"holdPartIDs":[],"installPartIDs":[22],"partDirections":null},{"Deformation":null,"compliance":0.0,"holdPartIDs":[],"installPartIDs":[23],"partDirections":null},{"Deformation":null,"compliance":0.0,"holdPartIDs":[],"installPartIDs":[2],"partDirections":null},{"Deformation":null,"compliance":0.0,"holdPartIDs":[],"installPartIDs":[1],"partDirections":null},{"Deformation":null,"compliance":0.0,"holdPartIDs":[],"installPartIDs":[15],"partDirections":null},{"Deformation":null,"compliance":0.0,"holdPartIDs":[],"installPartIDs":[7],"partDirections":null},{"Deformation":null,"compliance":0.0,"holdPartIDs":[],"installPartIDs":[21],"partDirections":null},{"Deformation":null,"compliance":0.0,"holdPartIDs":[],"installPartIDs":[34],"partDirections":null}],"benchmark_compliance":0.0005912043412102637,"benchmark_time":0.035165458,"cross_secs":[{"A":7.853981633974483e-05}],"elements":[{"end_node_inds":[0,2]},{"end_node_inds":[0,3]},{"end_node_inds":[2,3]},{"end_node_inds":[1,4]},{"end_node_inds":[0,5]},{"end_node_inds":[1,5]},{"end_node_inds":[2,5]},{"end_node_inds":[3,5]},{"end_node_inds":[4,5]},{"end_node_inds":[1,6]},{"end_node_inds":[2,6]},{"end_node_inds":[5,6]},{"end_node_inds":[1,7]},{"end_node_inds":[6,7]},{"end_node_inds":[2,8]},{"end_node_inds":[3,8]},{"end_node_inds":[6,8]},{"end_node_inds":[5,9]},{"end_node_inds":[6,10]},{"end_node_inds":[7,10]},{"end_node_inds":[8,10]},{"end_node_inds":[3,11]},{"end_node_inds":[8,11]},{"end_node_inds":[10,11]},{"end_node_inds":[5,12]},{"end_node_inds":[9,12]},{"end_node_inds":[10,12]},{"end_node_inds":[10,13]},{"end_node_inds":[12,13]},{"end_node_inds":[7,14]},{"end_node_inds":[10,14]},{"end_node_inds":[13,14]},{"end_node_inds":[5,15]},{"end_node_inds":[12,15]},{"end_node_inds":[3,16]},{"end_node_inds":[5,16]},{"end_node_inds":[10,16]},{"end_node_inds":[11,16]},{"end_node_inds":[12,16]},{"end_node_inds":[15,16]}],"materials":[{"E":129000000.0,"G12":46071428.57142857,"density":58.0}],"nodes":[{"is_grounded":0,"node_ind":0,"point":[0.005078185392070496,1.486757694505402,2.3050957620342833]},{"is_grounded":0,"node_ind":1,"point":[0.0069675697739786,0.3418151819402307,0.1477610766895611]},{"is_grounded":0,"node_ind":2,"point":[0.15971214624990165,0.4681516319790825,2.518136731726736]},{"is_grounded":0,"node_ind":3,"point":[0.5586234953082596,1.1160115133946256,3.0]},{"is_grounded":1,"node_ind":4,"point":[0.2218598285497775,1.4641409004830692,0.08441273774339404]},{"is_grounded":0,"node_ind":5,"point":[0.0,1.4646556058472548,1.185176090839516]},{"is_grounded":0,"node_ind":6,"point":[0.27425752254200886,0.14012988563678289,1.5526448415347804]},{"is_grounded":1,"node_ind":7,"point":[0.7144539266344283,0.001772027507591029,0.02875927681635911]},{"is_grounded":0,"node_ind":8,"point":[0.9157263562364916,0.2543442662646092,2.3675417592536907]},{"is_grounded":1,"node_ind":9,"point":[1.0769397171632902,1.4831069542754485,0.0]},{"is_grounded":0,"node_ind":10,"point":[1.3979872037668781,0.09333984287981872,1.6266077153732252]},{"is_grounded":0,"node_ind":11,"point":[1.5647705294100929,1.1259587526833412,2.7379045003428106]},{"is_grounded":0,"node_ind":12,"point":[1.6402867377870314,1.0813963629847194,0.36489232386147574]},{"is_grounded":1,"node_ind":13,"point":[1.645143283379535,0.26984379604672204,0.08501095843641748]},{"is_grounded":0,"node_ind":14,"point":[1.6241886729911623,0.0,0.8207415584215553]},{"is_grounded":0,"node_ind":15,"point":[1.6461145641883108,1.4874426226972022,1.1542042254680929]},{"is_grounded":0,"node_ind":16,"point":[1.653287238286635,1.4864147882677774,1.9492927003339076]}]}