{"assembly_sequence":[{"Deformation":null,"compliance":0.0,"holdPartIDs":[],"installPartIDs":[3],"partDirections":null},{"Deformation":null,"compliance":0.0,"holdPartIDs":[],"installPartIDs":[30],"partDirections":null},{"Deformation":null,"compliance":0.0,"holdPartIDs":[],"installPartIDs":[27],"partDirections":null},{"Deformation":null,"compliance":0.0,"holdPartIDs":[],"installPartIDs":[5],"partDirections":null},{"Deformation":null,"compliance":0.0,"holdPartIDs":[],"installPartIDs":[4],"partDirections":null},{"Deformation":null,"compliance":0.0,"holdPartIDs":[],"installPartIDs":[20],"partDirections":null},{"Deformation":null,"compliance":0.0,"holdPartIDs":[],"installPartIDs":[29],"partDirections":null},{"Deformation":null,"compliance":0.0,"holdPartIDs":[],"installPartIDs":[25],"partDirections":null},{"Deformation":null,"compliance":0.0,"holdPartIDs":[],"installPartIDs":[28],"partDirections":null},{"Deformation":null,"compliance":0.0,"holdPartIDs":[],"installPartIDs":[16],"partDirections":null},{"Deformation":null,"compliance":0.0,"holdPartIDs":[],"installPartIDs":[32],"partDirections":null},{"Deformation":null,"compliance":0.0,"holdPartIDs":[],"installPartIDs":[33],"partDirections":null},{"Deformation":null,"compliance":0.0,"holdPartIDs":[],"installPartIDs":[37],"partDirections":null},{"Deformation":null,"compliance":0.0,"holdPartIDs":[],"installPartIDs":[35],"partDirections":null},{"Deformation":null,"compliance":0.0,"holdPartIDs":[],"installPartIDs":[38],"partDirections":null},{"Deformation":null,"compliance":0.0,"holdPartIDs":[],"installPartIDs":[36],"partDirections":null},{"Deformation":null,"compliance":0.0,"holdPartIDs":[],"installPartIDs":[2],"partDirections":null},{"Deformation":null,"compliance":0.0,"holdPartIDs":[],"installPartIDs":[10],"partDirections":null},{"Deformation":null,"compliance":0.0,"holdPartIDs":[],"installPartIDs":[18],"partDirections":null},{"Deformation":null,"compliance":0.0,"holdPartIDs":[],"installPartIDs":[9],"partDirections":null},{"Deformation":null,"compliance":0.0,"holdPartIDs":[],"installPartIDs":[24],"partDirections":null},{"Deformation":null,"compliance":0.0,"holdPartIDs":[],"installPartIDs":[14],"partDirections":null},{"Deformation":null,"compliance":0.0,"holdPartIDs":[],"installPartIDs":[0],"partDirections":null},{"Deformation":null,"compliance":0.0,"holdPartIDs":[],"installPartIDs":[1],"partDirections":null},{"Deformation":null,"compliance":0.0,"holdPartIDs":[],"installPartIDs":[19],"partDirections":null},{"Deformation":null,"compliance":0.0,"holdPartIDs":[],"installPartIDs":[23],"partDirections":null},{"Deformation":null,"compliance":0.0,"holdPartIDs":[],"installPartIDs":[31],"partDirections":null},{"Deformation":null,"compliance":0.0,"holdPartIDs":[],"installPartIDs":[7],"partDirections":null},{"Deformation":null,"compliance":0.0,"holdPartIDs":[],"installPartIDs":[13],"partDirections":null},{"Deformation":null,"compliance":0.0,"holdPartIDs":[],"installPartIDs":[11],"partDirections":null},{"Deformation":null,"compliance":0.0,"holdPartIDs":[],"installPartIDs":[26],"partDirections":null},{"Deformation":null,"compliance":0.0,"holdPartIDs":[],"installPartIDs":[6],"partDirections":null},{"Deformation":null,"compliance":0.0,"holdPartIDs":[],"installPartIDs":[21],"partDirections":null},{"Deformation":null,"compliance":0.0,"holdPartIDs":[],"installPartIDs":[17],"partDirections":null},{"Deformation":null,"compliance":0.0,"holdPartIDs":[],"installPartIDs":[22],"partDirections":null},{"Deformation":null,"compliance":0.0,"holdPartIDs":[],"installPartIDs":[15],"partDirections":null},{"Deformation":null,"compliance":0.0,"holdPartIDs":[],"installPartIDs":[12],"partDirections":null},{"Deformation":null,"compliance":0.0,"holdPartIDs":[],"installPartIDs":[34],"partDirections":null},{"Deformation":null,"compliance":0.0,"holdPartIDs":[],"installPartIDs":[8],"partDirections":null}],"benchmark_compliance":0.0006689925854583564,"benchmark_time":0.028087042,"cross_secs":[{"A":7.853981633974483e-05}],"elements":[{"end_node_inds":[0,1]},{"end_node_inds":[0,3]},{"end_node_inds":[1,3]},{"end_node_inds":[2,3]},{"end_node_inds":[1,4]},{"end_node_inds":[2,4]},{"end_node_inds":[0,5]},{"end_node_inds":[1,5]},{"end_node_inds":[3,5]},{"end_node_inds":[2,6]},{"end_node_inds":[3,6]},{"end_node_inds":[5,6]},{"end_node_inds":[5,7]},{"end_node_inds":[5,8]},{"end_node_inds":[6,8]},{"end_node_inds":[7,8]},{"end_node_inds":[2,9]},{"end_node_inds":[5,9]},{"end_node_inds":[6,9]},{"end_node_inds":[8,9]},{"end_node_inds":[4,10]},{"end_node_inds":[5,11]},{"end_node_inds":[7,11]},{"end_node_inds":[8,11]},{"end_node_inds":[9,11]},{"end_node_inds":[4,12]},{"end_node_inds":[5,12]},{"end_node_inds":[10,12]},{"end_node_inds":[9,13]},{"end_node_inds":[4,14]},{"end_node_inds":[10,14]},{"end_node_inds":[5,15]},{"end_node_inds":[12,15]},{"end_node_inds":[14,15]},{"end_node_inds":[5,16]},{"end_node_inds":[9,16]},{"end_node_inds":[13,16]},{"end_node_inds":[14,16]},{"end_node_inds":[15,16]}],"materials":[{"E":129000000.0,"G12":46071428.57142857,"density":58.0}],"nodes":[{"is_grounded":0,"node_ind":0,"point":[0.0,0.3025610125000001,2.0]},{"is_grounded":1,"node_ind":1,"point":[0.3060208281250001,0.0,0.0]},{"is_grounded":1,"node_ind":2,"point":[0.17938399218750006,1.2179955390625001,0.0]},{"is_grounded":0,"node_ind":3,"point":[0.08661165000000004,1.2471355625000002,2.0]},{"is_grounded":0,"node_ind":4,"point":[0.29505177499999996,0.8306559125000001,1.2000000000000002]},{"is_grounded":0,"node_ind":5,"point":[0.8205060125000001,0.14422673437500003,2.94375]},{"is_grounded":0,"node_ind":6,"point":[0.534123725,1.5502876125000002,2.85]},{"is_grounded":0,"node_ind":7,"point":[0.9200849250000002,0.7349587125000001,1.4000000000000001]},{"is_grounded":0,"node_ind":8,"point":[0.6591139,0.8271681125000001,3.0]},{"is_grounded":0,"node_ind":9,"point":[1.152549875,1.5070040500000002,2.9000000000000004]},{"is_grounded":0,"node_ind":10,"point":[1.336954125,0.8070713000000002,1.2000000000000002]},{"is_grounded":0,"node_ind":11,"point":[1.0836384000000001,0.8271681125000001,3.0]},{"is_grounded":1,"node_ind":12,"point":[1.4845566437500002,0.08744373437500014,0.0]},{"is_grounded":1,"node_ind":13,"point":[1.23854255,1.5884919875000003,0.0]},{"is_grounded":1,"node_ind":14,"point":[1.66848725,1.0176283750000001,0.0]},{"is_grounded":0,"node_ind":15,"point":[1.677146775,0.20902503750000012,2.0]},{"is_grounded":0,"node_ind":16,"point":[1.6561407,1.2471355625000002,2.0]}]}