{"assembly_sequence":[{"Deformation":null,"compliance":0.0,"holdPartIDs":[],"installPartIDs":[59],"partDirections":null},{"Deformation":null,"compliance":0.0,"holdPartIDs":[],"installPartIDs":[63],"partDirections":null},{"Deformation":null,"compliance":0.0,"holdPartIDs":[],"installPartIDs":[64],"partDirections":null},{"Deformation":null,"compliance":0.0,"holdPartIDs":[],"installPartIDs":[68],"partDirections":null},{"Deformation":null,"compliance":0.0,"holdPartIDs":[],"installPartIDs":[22],"partDirections":null},{"Deformation":null,"compliance":0.0,"holdPartIDs":[],"installPartIDs":[67],"partDirections":null},{"Deformation":null,"compliance":0.0,"holdPartIDs":[],"installPartIDs":[62],"partDirections":null},{"Deformation":null,"compliance":0.0,"holdPartIDs":[],"installPartIDs":[44],"partDirections":null},{"Deformation":null,"compliance":0.0,"holdPartIDs":[],"installPartIDs":[60],"partDirections":null},{"Deformation":null,"compliance":0.0,"holdPartIDs":[],"installPartIDs":[65],"partDirections":null},{"Deformation":null,"compliance":0.0,"holdPartIDs":[],"installPartIDs":[61],"partDirections":null},{"Deformation":null,"compliance":0.0,"holdPartIDs":[],"installPartIDs":[66],"partDirections":null},{"Deformation":null,"compliance":0.0,"holdPartIDs":[],"installPartIDs":[13],"partDirections":null},{"Deformation":null,"compliance":0.0,"holdPartIDs":[],"installPartIDs":[10],"partDirections":null},{"Deformation":null,"compliance":0.0,"holdPartIDs":[],"installPartIDs":[9],"partDirections":null},{"Deformation":null,"compliance":0.0,"holdPartIDs":[],"installPartIDs":[53],"partDirections":null},{"Deformation":null,"compliance":0.0,"holdPartIDs":[],"installPartIDs":[43],"partDirections":null},{"Deformation":null,"compliance":0.0,"holdPartIDs":[],"installPartIDs":[16],"partDirections":null},{"Deformation":null,"compliance":0.0,"holdPartIDs":[],"installPartIDs":[15],"partDirections":null},{"Deformation":null,"compliance":0.0,"holdPartIDs":[],"installPartIDs":[26],"partDirections":null},{"Deformation":null,"compliance":0.0,"holdPartIDs":[],"installPartIDs":[28],"partDirections":null},{"Deformation":null,"compliance":0.0,"holdPartIDs":[],"installPartIDs":[21],"partDirections":null},{"Deformation":null,"compliance":0.0,"holdPartIDs":[],"installPartIDs":[25],"partDirections":null},{"Deformation":null,"compliance":0.0,"holdPartIDs":[],"installPartIDs":[42],"partDirections":null},{"Deformation":null,"compliance":0.0,"holdPartIDs":[],"installPartIDs":[14],"partDirections":null},{"Deformation":null,"compliance":0.0,"holdPartIDs":[],"installPartIDs":[11],"partDirections":null},{"Deformation":null,"compliance":0.0,"holdPartIDs":[],"installPartIDs":[3],"partDirections":null},{"Deformation":null,"compliance":0.0,"holdPartIDs":[],"installPartIDs":[6],"partDirections":null},{"Deformation":null,"compliance":0.0,"holdPartIDs":[],"installPartIDs":[7],"partDirections":null},{"Deformation":null,"compliance":0.0,"holdPartIDs":[],"installPartIDs":[24],"partDirections":null},{"Deformation":null,"compliance":0.0,"holdPartIDs":[],"installPartIDs":[12],"partDirections":null},{"Deformation":null,"compliance":0.0,"holdPartIDs":[],"installPartIDs":[0],"partDirections":null},{"Deformation":null,"compliance":0.0,"holdPartIDs":[],"installPartIDs":[4],"partDirections":null},{"Deformation":null,"compliance":0.0,"holdPartIDs":[],"installPartIDs":[5],"partDirections":null},{"Deformation":null,"compliance":0.0,"holdPartIDs":[],"installPartIDs":[19],"partDirections":null},{"Deformation":null,"compliance":0.0,"holdPartIDs":[],"installPartIDs":[23],"partDirections":null},{"Deformation":null,"compliance":0.0,"holdPartIDs":[],"installPartIDs":[17],"partDirections":null},{"Deformation":null,"compliance":0.0,"holdPartIDs":[],"installPartIDs":[27],"partDirections":null},{"Deformation":null,"compliance":0.0,"holdPartIDs":[],"installPartIDs":[51],"partDirections":null},{"Deformation":null,"compliance":0.0,"holdPartIDs":[],"installPartIDs":[37],"partDirections":null},{"Deformation":null,"compliance":0.0,"holdPartIDs":[],"installPartIDs":[39],"partDirections":null},{"Deformation":null,"compliance":0.0,"holdPartIDs":[],"installPartIDs":[31],"partDirections":null},{"Deformation":null,"compliance":0.0,"holdPartIDs":[],"installPartIDs":[49],"partDirections":null},{"Deformation":null,"compliance":0.0,"holdPartIDs":[],"installPartIDs":[58],"partDirections":null},{"Deformation":null,"compliance":0.0,"holdPartIDs":[],"installPartIDs":[56],"partDirections":null},{"Deformation":null,"compliance":0.0,"holdPartIDs":[],"installPartIDs":[33],"partDirections":null},{"Deformation":null,"compliance":0.0,"holdPartIDs":[],"installPartIDs":[38],"partDirections":null},{"Deformation":null,"compliance":0.0,"holdPartIDs":[],"installPartIDs":[55],"partDirections":null},{"Deformation":null,"compliance":0.0,"holdPartIDs":[],"installPartIDs":[36],"partDirections":null},{"Deformation":null,"compliance":0.0,"holdPartIDs":[],"installPartIDs":[40],"partDirections":null},{"Deformation":null,"compliance":0.0,"holdPartIDs":[],"installPartIDs":[48],"partDirections":null},{"Deformation":null,"compliance":0.0,"holdPartIDs":[],"installPartIDs":[57],"partDirections":null},{"Deformation":null,"compliance":0.0,"holdPartIDs":[],"installPartIDs":[46],"partDirections":null},{"Deformation":null,"compliance":0.0,"holdPartIDs":[],"installPartIDs":[52],"partDirections":null},{"Deformation":null,"compliance":0.0,"holdPartIDs":[],"installPartIDs":[30],"partDirections":null},{"Deformation":null,"compliance":0.0,"holdPartIDs":[],"installPartIDs":[1],"partDirections":null},{"Deformation":null,"compliance":0.0,"holdPartIDs":[],"installPartIDs":[18],"partDirections":null},{"Deformation":null,"compliance":0.0,"holdPartIDs":[],"installPartIDs":[20],"partDirections":null},{"Deformation":null,"compliance":0.0,"holdPartIDs":[],"installPartIDs":[2],"partDirections":null},{"Deformation":null,"compliance":0.0,"holdPartIDs":[],"installPartIDs":[29],"partDirections":null},{"Deformation":null,"compliance":0.0,"holdPartIDs":[],"installPartIDs":[45],"partDirections":null},{"Deformation":null,"compliance":0.0,"holdPartIDs":[],"installPartIDs":[8],"partDirections":null},{"Deformation":null,"compliance":0.0,"holdPartIDs":[],"installPartIDs":[47],"partDirections":null},{"Deformation":null,"compliance":0.0,"holdPartIDs":[],"installPartIDs":[54],"partDirections":null},{"Deformation":null,"compliance":0.0,"holdPartIDs":[],"installPartIDs":[32],"partDirections":null},{"Deformation":null,"compliance":0.0,"holdPartIDs":[],"installPartIDs":[50],"partDirections":null},{"Deformation":null,"compliance":0.0,"holdPartIDs":[],"installPartIDs":[35],"partDirections":null},{"Deformation":null,"compliance":0.0,"holdPartIDs":[],"installPartIDs":[34],"partDirections":null},{"Deformation":null,"compliance":0.0,"holdPartIDs":[],"installPartIDs":[41],"partDirections":null}],"benchmark_compliance":0.00016964288505628123,"benchmark_time":0.143559083,"cross_secs":[{"A":7.853981633974483e-05}],"elements":[{"end_node_inds":[0,1]},{"end_node_inds":[0,2]},{"end_node_inds":[1,2]},{"end_node_inds":[0,3]},{"end_node_inds":[1,3]},{"end_node_inds":[1,4]},{"end_node_inds":[3,4]},{"end_node_inds":[0,5]},{"end_node_inds":[2,5]},{"end_node_inds":[0,6]},{"end_node_inds":[3,6]},{"end_node_inds":[3,7]},{"end_node_inds":[4,7]},{"end_node_inds":[6,7]},{"end_node_inds":[0,8]},{"end_node_inds":[5,8]},{"end_node_inds":[7,8]},{"end_node_inds":[1,9]},{"end_node_inds":[2,9]},{"end_node_inds":[4,9]},{"end_node_inds":[2,10]},{"end_node_inds":[5,10]},{"end_node_inds":[8,10]},{"end_node_inds":[9,10]},{"end_node_inds":[4,11]},{"end_node_inds":[7,11]},{"end_node_inds":[8,11]},{"end_node_inds":[9,11]},{"end_node_inds":[10,11]},{"end_node_inds":[12,13]},{"end_node_inds":[13,14]},{"end_node_inds":[12,15]},{"end_node_inds":[13,15]},{"end_node_inds":[14,15]},{"end_node_inds":[12,16]},{"end_node_inds":[13,16]},{"end_node_inds":[14,17]},{"end_node_inds":[15,17]},{"end_node_inds":[14,18]},{"end_node_inds":[17,18]},{"end_node_inds":[12,19]},{"end_node_inds":[16,19]},{"end_node_inds":[12,20]},{"end_node_inds":[15,20]},{"end_node_inds":[17,20]},{"end_node_inds":[13,21]},{"end_node_inds":[14,21]},{"end_node_inds":[16,21]},{"end_node_inds":[18,21]},{"end_node_inds":[12,22]},{"end_node_inds":[16,22]},{"end_node_inds":[17,22]},{"end_node_inds":[19,22]},{"end_node_inds":[20,22]},{"end_node_inds":[16,23]},{"end_node_inds":[17,23]},{"end_node_inds":[18,23]},{"end_node_inds":[21,23]},{"end_node_inds":[22,23]},{"end_node_inds":[24,25]},{"end_node_inds":[25,26]},{"end_node_inds":[24,27]},{"end_node_inds":[25,27]},{"end_node_inds":[26,27]},{"end_node_inds":[28,29]},{"end_node_inds":[29,30]},{"end_node_inds":[28,31]},{"end_node_inds":[29,31]},{"end_node_inds":[30,31]}],"materials":[{"E":129000000.0,"G12":46071428.57142857,"density":58.0}],"nodes":[{"is_grounded":0,"node_ind":0,"point":[0.08773603155326756,0.47007697236425317,0.11067751630608713]},{"is_grounded":0,"node_ind":1,"point":[0.0,0.2810200932596602,0.6472528835027457]},{"is_grounded":0,"node_ind":2,"point":[0.21691267107515894,0.6856686348630199,0.6903836262643173]},{"is_grounded":0,"node_ind":3,"point":[0.1767947587116002,0.01643115879047921,0.17281471312545799]},{"is_grounded":0,"node_ind":4,"point":[0.35028466094323824,0.02033739521018765,0.6688182548835315]},{"is_grounded":0,"node_ind":5,"point":[0.3672482929359366,0.7791305661569236,0.15124934174467217]},{"is_grounded":1,"node_ind":6,"point":[0.37966592581912345,0.2704596030312671,0.0]},{"is_grounded":0,"node_ind":7,"point":[0.6250283551980009,0.09282073012866597,0.15658598295002396]},{"is_grounded":1,"node_ind":8,"point":[0.6724956842396886,0.5366611124365015,0.06484198518194319]},{"is_grounded":0,"node_ind":9,"point":[0.39667417780384295,0.3776775912647886,0.7766451117874605]},{"is_grounded":0,"node_ind":10,"point":[0.65847051313658,0.6213698180582634,0.6903836262643173]},{"is_grounded":0,"node_ind":11,"point":[0.7692971493838744,0.2981820714582004,0.6472528835027457]},{"is_grounded":0,"node_ind":12,"point":[1.3410352235527416,0.6498414986469386,0.11882834915370058]},{"is_grounded":0,"node_ind":13,"point":[1.176080342961394,0.47433513254653087,0.6472528835027457]},{"is_grounded":0,"node_ind":14,"point":[1.2902907131776782,0.15344763423341717,0.6903836262643173]},{"is_grounded":0,"node_ind":15,"point":[1.225803360010721,0.20207261904781115,0.1511764062248793]},{"is_grounded":0,"node_ind":16,"point":[1.5342790591281883,0.7331142438230388,0.6688182548835315]},{"is_grounded":0,"node_ind":17,"point":[1.6320033617634238,0.0,0.16740513640031332]},{"is_grounded":0,"node_ind":18,"point":[1.6394432341919003,0.0382457394534351,0.6903836262643173]},{"is_grounded":0,"node_ind":19,"point":[1.690355028230417,0.7833014647655154,0.17281471312545799]},{"is_grounded":1,"node_ind":20,"point":[1.5897627762661817,0.2704596030312671,0.0]},{"is_grounded":0,"node_ind":21,"point":[1.5727544259173252,0.3776775912647886,0.7766451117874605]},{"is_grounded":0,"node_ind":22,"point":[1.8816928553141623,0.47007697236425317,0.11067751630608713]},{"is_grounded":0,"node_ind":23,"point":[1.9298825451063126,0.42427954729740797,0.6688182548835315]},{"is_grounded":1,"node_ind":24,"point":[2.5383823822059255,0.1703439507155824,0.0]},{"is_grounded":0,"node_ind":25,"point":[2.5383823822059255,0.1703439507155824,0.5934346636011437]},{"is_grounded":1,"node_ind":26,"point":[2.5383823822059255,0.6933269413474217,0.0]},{"is_grounded":0,"node_ind":27,"point":[2.5383823822059255,0.6933269413474217,0.5934346636011437]},{"is_grounded":1,"node_ind":28,"point":[3.0,0.1703439507155824,0.0]},{"is_grounded":0,"node_ind":29,"point":[3.0,0.1703439507155824,0.5934346636011437]},{"is_grounded":1,"node_ind":30,"point":[3.0,0.6933269413474217,0.0]},{"is_grounded":0,"node_ind":31,"point":[3.0,0.6933269413474217,0.5934346636011437]}]}