{"assembly_sequence":[{"Deformation":null,"compliance":0.0,"holdPartIDs":[],"installPartIDs":[28],"partDirections":null},{"Deformation":null,"compliance":0.0,"holdPartIDs":[],"installPartIDs":[27],"partDirections":null},{"Deformation":null,"compliance":0.0,"holdPartIDs":[],"installPartIDs":[49],"partDirections":null},{"Deformation":null,"compliance":0.0,"holdPartIDs":[],"installPartIDs":[26],"partDirections":null},{"Deformation":null,"compliance":0.0,"holdPartIDs":[],"installPartIDs":[25],"partDirections":null},{"Deformation":null,"compliance":0.0,"holdPartIDs":[],"installPartIDs":[12],"partDirections":null},{"Deformation":null,"compliance":0.0,"holdPartIDs":[],"installPartIDs":[2],"partDirections":null},{"Deformation":null,"compliance":0.0,"holdPartIDs":[],"installPartIDs":[3],"partDirections":null},{"Deformation":null,"compliance":0.0,"holdPartIDs":[],"installPartIDs":[4],"partDirections":null},{"Deformation":null,"compliance":0.0,"holdPartIDs":[],"installPartIDs":[16],"partDirections":null},{"Deformation":null,"compliance":0.0,"holdPartIDs":[],"installPartIDs":[18],"partDirections":null},{"Deformation":null,"compliance":0.0,"holdPartIDs":[],"installPartIDs":[34],"partDirections":null},{"Deformation":null,"compliance":0.0,"holdPartIDs":[],"installPartIDs":[35],"partDirections":null},{"Deformation":null,"compliance":0.0,"holdPartIDs":[],"installPartIDs":[30],"partDirections":null},{"Deformation":null,"compliance":0.0,"holdPartIDs":[],"installPartIDs":[44],"partDirections":null},{"Deformation":null,"compliance":0.0,"holdPartIDs":[],"installPartIDs":[32],"partDirections":null},{"Deformation":null,"compliance":0.0,"holdPartIDs":[],"installPartIDs":[46],"partDirections":null},{"Deformation":null,"compliance":0.0,"holdPartIDs":[],"installPartIDs":[24],"partDirections":null},{"Deformation":null,"compliance":0.0,"holdPartIDs":[],"installPartIDs":[48],"partDirections":null},{"Deformation":null,"compliance":0.0,"holdPartIDs":[],"installPartIDs":[10],"partDirections":null},{"Deformation":null,"compliance":0.0,"holdPartIDs":[],"installPartIDs":[20],"partDirections":null},{"Deformation":null,"compliance":0.0,"holdPartIDs":[],"installPartIDs":[50],"partDirections":null},{"Deformation":null,"compliance":0.0,"holdPartIDs":[],"installPartIDs":[47],"partDirections":null},{"Deformation":null,"compliance":0.0,"holdPartIDs":[],"installPartIDs":[42],"partDirections":null},{"Deformation":null,"compliance":0.0,"holdPartIDs":[],"installPartIDs":[37],"partDirections":null},{"Deformation":null,"compliance":0.0,"holdPartIDs":[],"installPartIDs":[40],"partDirections":null},{"Deformation":null,"compliance":0.0,"holdPartIDs":[],"installPartIDs":[41],"partDirections":null},{"Deformation":null,"compliance":0.0,"holdPartIDs":[],"installPartIDs":[39],"partDirections":null},{"Deformation":null,"compliance":0.0,"holdPartIDs":[],"installPartIDs":[38],"partDirections":null},{"Deformation":null,"compliance":0.0,"holdPartIDs":[],"installPartIDs":[36],"partDirections":null},{"Deformation":null,"compliance":0.0,"holdPartIDs":[],"installPartIDs":[51],"partDirections":null},{"Deformation":null,"compliance":0.0,"holdPartIDs":[],"installPartIDs":[63],"partDirections":null},{"Deformation":null,"compliance":0.0,"holdPartIDs":[],"installPartIDs":[53],"partDirections":null},{"Deformation":null,"compliance":0.0,"holdPartIDs":[],"installPartIDs":[52],"partDirections":null},{"Deformation":null,"compliance":0.0,"holdPartIDs":[],"installPartIDs":[64],"partDirections":null},{"Deformation":null,"compliance":0.0,"holdPartIDs":[],"installPartIDs":[68],"partDirections":null},{"Deformation":null,"compliance":0.0,"holdPartIDs":[],"installPartIDs":[17],"partDirections":null},{"Deformation":null,"compliance":0.0,"holdPartIDs":[],"installPartIDs":[8],"partDirections":null},{"Deformation":null,"compliance":0.0,"holdPartIDs":[],"installPartIDs":[14],"partDirections":null},{"Deformation":null,"compliance":0.0,"holdPartIDs":[],"installPartIDs":[11],"partDirections":null},{"Deformation":null,"compliance":0.0,"holdPartIDs":[],"installPartIDs":[0],"partDirections":null},{"Deformation":null,"compliance":0.0,"holdPartIDs":[],"installPartIDs":[66],"partDirections":null},{"Deformation":null,"compliance":0.0,"holdPartIDs":[],"installPartIDs":[22],"partDirections":null},{"Deformation":null,"compliance":0.0,"holdPartIDs":[],"installPartIDs":[29],"partDirections":null},{"Deformation":null,"compliance":0.0,"holdPartIDs":[],"installPartIDs":[31],"partDirections":null},{"Deformation":null,"compliance":0.0,"holdPartIDs":[],"installPartIDs":[33],"partDirections":null},{"Deformation":null,"compliance":0.0,"holdPartIDs":[],"installPartIDs":[43],"partDirections":null},{"Deformation":null,"compliance":0.0,"holdPartIDs":[],"installPartIDs":[45],"partDirections":null},{"Deformation":null,"compliance":0.0,"holdPartIDs":[],"installPartIDs":[23],"partDirections":null},{"Deformation":null,"compliance":0.0,"holdPartIDs":[],"installPartIDs":[65],"partDirections":null},{"Deformation":null,"compliance":0.0,"holdPartIDs":[],"installPartIDs":[7],"partDirections":null},{"Deformation":null,"compliance":0.0,"holdPartIDs":[],"installPartIDs":[6],"partDirections":null},{"Deformation":null,"compliance":0.0,"holdPartIDs":[],"installPartIDs":[13],"partDirections":null},{"Deformation":null,"compliance":0.0,"holdPartIDs":[],"installPartIDs":[5],"partDirections":null},{"Deformation":null,"compliance":0.0,"holdPartIDs":[],"installPartIDs":[15],"partDirections":null},{"Deformation":null,"compliance":0.0,"holdPartIDs":[],"installPartIDs":[19],"partDirections":null},{"Deformation":null,"compliance":0.0,"holdPartIDs":[],"installPartIDs":[9],"partDirections":null},{"Deformation":null,"compliance":0.0,"holdPartIDs":[],"installPartIDs":[21],"partDirections":null},{"Deformation":null,"compliance":0.0,"holdPartIDs":[],"installPartIDs":[1],"partDirections":null},{"Deformation":null,"compliance":0.0,"holdPartIDs":[],"installPartIDs":[77],"partDirections":null},{"Deformation":null,"compliance":0.0,"holdPartIDs":[],"installPartIDs":[75],"partDirections":null},{"Deformation":null,"compliance":0.0,"holdPartIDs":[],"installPartIDs":[70],"partDirections":null},{"Deformation":null,"compliance":0.0,"holdPartIDs":[],"installPartIDs":[80],"partDirections":null},{"Deformation":null,"compliance":0.0,"holdPartIDs":[],"installPartIDs":[69],"partDirections":null},{"Deformation":null,"compliance":0.0,"holdPartIDs":[],"installPartIDs":[81],"partDirections":null},{"Deformation":null,"compliance":0.0,"holdPartIDs":[],"installPartIDs":[74],"partDirections":null},{"Deformation":null,"compliance":0.0,"holdPartIDs":[],"installPartIDs":[73],"partDirections":null},{"Deformation":null,"compliance":0.0,"holdPartIDs":[],"installPartIDs":[67],"partDirections":null},{"Deformation":null,"compliance":0.0,"holdPartIDs":[],"installPartIDs":[72],"partDirections":null},{"Deformation":null,"compliance":0.0,"holdPartIDs":[],"installPartIDs":[71],"partDirections":null},{"Deformation":null,"compliance":0.0,"holdPartIDs":[],"installPartIDs":[79],"partDirections":null},{"Deformation":null,"compliance":0.0,"holdPartIDs":[],"installPartIDs":[78],"partDirections":null},{"Deformation":null,"compliance":0.0,"holdPartIDs":[],"installPartIDs":[83],"partDirections":null},{"Deformation":null,"compliance":0.0,"holdPartIDs":[],"installPartIDs":[54],"partDirections":null},{"Deformation":null,"compliance":0.0,"holdPartIDs":[],"installPartIDs":[82],"partDirections":null},{"Deformation":null,"compliance":0.0,"holdPartIDs":[],"installPartIDs":[76],"partDirections":null},{"Deformation":null,"compliance":0.0,"holdPartIDs":[],"installPartIDs":[58],"partDirections":null},{"Deformation":null,"compliance":0.0,"holdPartIDs":[],"installPartIDs":[57],"partDirections":null},{"Deformation":null,"compliance":0.0,"holdPartIDs":[],"installPartIDs":[60],"partDirections":null},{"Deformation":null,"compliance":0.0,"holdPartIDs":[],"installPartIDs":[59],"partDirections":null},{"Deformation":null,"compliance":0.0,"holdPartIDs":[],"installPartIDs":[62],"partDirections":null},{"Deformation":null,"compliance":0.0,"holdPartIDs":[],"installPartIDs":[56],"partDirections":null},{"Deformation":null,"compliance":0.0,"holdPartIDs":[],"installPartIDs":[61],"partDirections":null},{"Deformation":null,"compliance":0.0,"holdPartIDs":[],"installPartIDs":[55],"partDirections":null}],"benchmark_compliance":5.037996746919537e-05,"benchmark_time":0.278484541,"cross_secs":[{"A":7.853981633974483e-05}],"elements":[{"end_node_inds":[0,3]},{"end_node_inds":[0,4]},{"end_node_inds":[1,6]},{"end_node_inds":[2,6]},{"end_node_inds":[5,6]},{"end_node_inds":[1,7]},{"end_node_inds":[2,7]},{"end_node_inds":[6,7]},{"end_node_inds":[0,8]},{"end_node_inds":[7,10]},{"end_node_inds":[0,11]},{"end_node_inds":[0,12]},{"end_node_inds":[6,13]},{"end_node_inds":[7,13]},{"end_node_inds":[0,15]},{"end_node_inds":[7,16]},{"end_node_inds":[6,17]},{"end_node_inds":[0,20]},{"end_node_inds":[6,21]},{"end_node_inds":[7,21]},{"end_node_inds":[6,25]},{"end_node_inds":[7,25]},{"end_node_inds":[18,26]},{"end_node_inds":[18,27]},{"end_node_inds":[26,27]},{"end_node_inds":[24,29]},{"end_node_inds":[28,29]},{"end_node_inds":[29,30]},{"end_node_inds":[29,32]},{"end_node_inds":[18,34]},{"end_node_inds":[26,34]},{"end_node_inds":[18,35]},{"end_node_inds":[26,35]},{"end_node_inds":[18,38]},{"end_node_inds":[26,38]},{"end_node_inds":[26,39]},{"end_node_inds":[28,41]},{"end_node_inds":[29,41]},{"end_node_inds":[31,41]},{"end_node_inds":[32,41]},{"end_node_inds":[36,41]},{"end_node_inds":[37,41]},{"end_node_inds":[40,41]},{"end_node_inds":[18,42]},{"end_node_inds":[26,43]},{"end_node_inds":[18,44]},{"end_node_inds":[26,44]},{"end_node_inds":[41,45]},{"end_node_inds":[26,47]},{"end_node_inds":[29,48]},{"end_node_inds":[41,48]},{"end_node_inds":[49,50]},{"end_node_inds":[49,54]},{"end_node_inds":[49,63]},{"end_node_inds":[57,64]},{"end_node_inds":[51,68]},{"end_node_inds":[52,68]},{"end_node_inds":[53,68]},{"end_node_inds":[58,68]},{"end_node_inds":[60,68]},{"end_node_inds":[61,68]},{"end_node_inds":[62,68]},{"end_node_inds":[68,69]},{"end_node_inds":[49,70]},{"end_node_inds":[49,71]},{"end_node_inds":[49,72]},{"end_node_inds":[49,73]},{"end_node_inds":[49,74]},{"end_node_inds":[75,79]},{"end_node_inds":[77,79]},{"end_node_inds":[78,79]},{"end_node_inds":[57,80]},{"end_node_inds":[57,81]},{"end_node_inds":[79,82]},{"end_node_inds":[79,83]},{"end_node_inds":[79,84]},{"end_node_inds":[57,88]},{"end_node_inds":[79,89]},{"end_node_inds":[57,90]},{"end_node_inds":[57,91]},{"end_node_inds":[79,92]},{"end_node_inds":[79,93]},{"end_node_inds":[57,95]},{"end_node_inds":[57,96]}],"materials":[{"E":129000000.0,"G12":46071428.57142857,"density":58.0}],"nodes":[{"is_grounded":0,"node_ind":0,"point":[0.33230333639253495,1.5455315937059715,0.23304599516764143]},{"is_grounded":1,"node_ind":1,"point":[0.11651013825779452,1.8519804904808232,0.08434410337943617]},{"is_grounded":1,"node_ind":2,"point":[0.0,2.01334156993576,0.0]},{"is_grounded":1,"node_ind":3,"point":[0.04568988285252247,0.8340130801632201,0.0]},{"is_grounded":1,"node_ind":4,"point":[0.0942107738010846,0.7028943031263203,0.07921011447807919]},{"is_grounded":1,"node_ind":5,"point":[0.06348294060510358,1.9138860832898255,0.093878654196242]},{"is_grounded":0,"node_ind":6,"point":[0.15820268353654762,2.2238995165611386,0.13299476011134284]},{"is_grounded":0,"node_ind":7,"point":[0.4288286852212307,2.454578089279397,0.22089695411243598]},{"is_grounded":1,"node_ind":8,"point":[0.22117887273561185,0.9487771811218395,0.093878654196242]},{"is_grounded":1,"node_ind":9,"point":[0.13701068954515552,0.7922892801729443,0.093878654196242]},{"is_grounded":1,"node_ind":10,"point":[0.3956225348098089,1.796060375903859,0.0]},{"is_grounded":1,"node_ind":11,"point":[0.16847384104114102,1.3717672398083942,0.093878654196242]},{"is_grounded":1,"node_ind":12,"point":[0.19843878826222203,0.9345045247794245,0.0234696635490605]},{"is_grounded":1,"node_ind":13,"point":[0.16804514317930141,2.004302978004096,0.046939327098121]},{"is_grounded":1,"node_ind":14,"point":[0.29494862221553664,0.8410854669031007,0.0]},{"is_grounded":1,"node_ind":15,"point":[0.5645592870998402,1.0041679263957617,0.05867415887265125]},{"is_grounded":1,"node_ind":16,"point":[0.2950940967240483,1.944644201758965,0.0]},{"is_grounded":1,"node_ind":17,"point":[0.2950940967240483,1.944644201758965,0.093878654196242]},{"is_grounded":0,"node_ind":18,"point":[0.4948435285258788,0.4488793714100435,0.2513755436965358]},{"is_grounded":1,"node_ind":19,"point":[0.3198700204148503,1.8453071031685764,0.093878654196242]},{"is_grounded":1,"node_ind":20,"point":[0.3799868677115542,1.0528286179105464,0.046939327098121]},{"is_grounded":1,"node_ind":21,"point":[0.38988405096091683,1.9094402119049205,0.046939327098121]},{"is_grounded":1,"node_ind":22,"point":[0.49644203102686757,0.9358148734423684,0.0]},{"is_grounded":1,"node_ind":23,"point":[0.5498857337206409,1.0158445405753882,0.093878654196242]},{"is_grounded":1,"node_ind":24,"point":[0.6624168287651054,2.75745914162628,0.07921011447807919]},{"is_grounded":1,"node_ind":25,"point":[0.7494147134781058,1.8270289140242748,0.07040899064718151]},{"is_grounded":0,"node_ind":26,"point":[0.7503429812547625,0.20725595888601858,0.13299476011134284]},{"is_grounded":1,"node_ind":27,"point":[1.0219417111401077,0.6245739543572325,0.025303231013830852]},{"is_grounded":1,"node_ind":28,"point":[0.8689169001445709,2.7532825931821754,0.0234696635490605]},{"is_grounded":0,"node_ind":29,"point":[1.0466317986437566,2.9498194314457686,0.2534087955519074]},{"is_grounded":1,"node_ind":30,"point":[0.7432360048234734,2.8037185953975996,0.093878654196242]},{"is_grounded":1,"node_ind":31,"point":[0.883737753364883,2.6868225591191015,0.0]},{"is_grounded":1,"node_ind":32,"point":[0.8854512494299536,2.8651466941146664,0.07040899064718151]},{"is_grounded":1,"node_ind":33,"point":[0.8867615980928975,2.4778004667890334,0.0]},{"is_grounded":1,"node_ind":34,"point":[0.9609009278801413,0.04905327534947095,0.0]},{"is_grounded":1,"node_ind":35,"point":[1.061494909605127,0.0,0.07480955256263035]},{"is_grounded":1,"node_ind":36,"point":[0.9139965621147836,2.641746728505465,0.093878654196242]},{"is_grounded":1,"node_ind":37,"point":[0.9146594080191138,2.540072417070696,0.093878654196242]},{"is_grounded":1,"node_ind":38,"point":[0.9699395198118052,0.21709841852877237,0.046939327098121]},{"is_grounded":1,"node_ind":39,"point":[1.0603564145260758,0.11253621595457453,0.093878654196242]},{"is_grounded":1,"node_ind":40,"point":[1.0037753425610756,2.594255630104347,0.0]},{"is_grounded":0,"node_ind":41,"point":[1.3161443274167952,2.7268982440612954,0.33798185750300525]},{"is_grounded":1,"node_ind":42,"point":[1.0295982960569363,0.34414737207351925,0.0]},{"is_grounded":1,"node_ind":43,"point":[1.0295982960569363,0.34414737207351925,0.093878654196242]},{"is_grounded":1,"node_ind":44,"point":[1.0648022859109807,0.4389373263103878,0.046939327098121]},{"is_grounded":1,"node_ind":45,"point":[1.3825721020723953,2.381272394897618,0.05867415887265125]},{"is_grounded":1,"node_ind":46,"point":[1.1289353946473248,0.36892329576432126,0.093878654196242]},{"is_grounded":1,"node_ind":47,"point":[1.1952046498617341,0.4923627864030572,0.093878654196242]},{"is_grounded":1,"node_ind":48,"point":[1.4098886354044582,3.0000000000000004,0.05867415887265125]},{"is_grounded":0,"node_ind":49,"point":[1.4287109041099297,0.3813566117420059,0.23304599516764143]},{"is_grounded":1,"node_ind":50,"point":[1.7619445689564308,0.32328362972581853,0.093878654196242]},{"is_grounded":1,"node_ind":51,"point":[1.871428423820095,2.9624157367985604,0.08434410337943617]},{"is_grounded":1,"node_ind":52,"point":[1.7840176684107034,2.5083893653384854,0.0234696635490605]},{"is_grounded":1,"node_ind":53,"point":[1.8078607478203619,2.605158272485275,0.093878654196242]},{"is_grounded":1,"node_ind":54,"point":[1.905123235254363,0.6977021759011139,0.05867415887265125]},{"is_grounded":1,"node_ind":55,"point":[1.7962538278191054,2.628180067633756,0.093878654196242]},{"is_grounded":1,"node_ind":56,"point":[1.8603869365554495,2.6981940981798225,0.046939327098121]},{"is_grounded":0,"node_ind":57,"point":[2.3995085369843623,0.5857635703195806,0.26776687373766705]},{"is_grounded":1,"node_ind":58,"point":[1.895590926409494,2.603404143942954,0.0]},{"is_grounded":1,"node_ind":59,"point":[1.8648328079403547,2.9107595572107976,0.093878654196242]},{"is_grounded":1,"node_ind":60,"point":[1.9552497026546252,2.8061973546365997,0.0]},{"is_grounded":1,"node_ind":61,"point":[1.9552497026546252,2.8061973546365997,0.093878654196242]},{"is_grounded":1,"node_ind":62,"point":[1.9813742591972119,2.9936414136655753,0.0]},{"is_grounded":1,"node_ind":63,"point":[1.9214138799053548,0.4290401430610251,0.0]},{"is_grounded":1,"node_ind":64,"point":[2.4593360899890144,1.1902248294051978,0.0234696635490605]},{"is_grounded":1,"node_ind":65,"point":[2.0111926603516466,0.3815490446599071,0.046939327098121]},{"is_grounded":1,"node_ind":66,"point":[2.139965771918272,0.3849884629941155,0.0]},{"is_grounded":1,"node_ind":67,"point":[2.0105298144473163,0.48322335609467626,0.093878654196242]},{"is_grounded":0,"node_ind":68,"point":[2.38975134189967,2.4468082298291867,0.2672042351417877]},{"is_grounded":1,"node_ind":69,"point":[2.014505061976045,2.9354510283181137,0.093878654196242]},{"is_grounded":1,"node_ind":70,"point":[2.1163480109214023,0.24313082573479777,0.046939327098121]},{"is_grounded":1,"node_ind":71,"point":[2.1047374463168476,0.3133458652922406,0.093878654196242]},{"is_grounded":1,"node_ind":72,"point":[2.1420621551028827,0.09429142883476746,0.0]},{"is_grounded":1,"node_ind":73,"point":[2.1268275445161215,0.1233493212133317,0.093878654196242]},{"is_grounded":1,"node_ind":74,"point":[2.271348194689581,0.14326404915055554,0.07921011447807919]},{"is_grounded":1,"node_ind":75,"point":[2.493357421810462,1.700181970125853,0.061607866816283816]},{"is_grounded":1,"node_ind":76,"point":[2.428747191439563,2.087480899723004,0.0]},{"is_grounded":1,"node_ind":77,"point":[2.491019141721225,2.0595830897967873,0.093878654196242]},{"is_grounded":1,"node_ind":78,"point":[2.545202354754876,1.9704671552548256,0.0]},{"is_grounded":0,"node_ind":79,"point":[2.738236089397528,1.6175665486489241,0.417746928180838]},{"is_grounded":1,"node_ind":80,"point":[2.556104997135804,1.1663817499955393,0.093878654196242]},{"is_grounded":1,"node_ind":81,"point":[2.5543508685934833,1.0786515714064073,0.0]},{"is_grounded":1,"node_ind":82,"point":[2.7917280370669886,2.265569425290876,0.08067696844989547]},{"is_grounded":1,"node_ind":83,"point":[2.6452906762165704,2.167837538971638,0.0]},{"is_grounded":1,"node_ind":84,"point":[2.592693453155994,2.0602459357011176,0.093878654196242]},{"is_grounded":1,"node_ind":85,"point":[2.579126792284285,1.1779886699967959,0.093878654196242]},{"is_grounded":1,"node_ind":86,"point":[2.6491408228303515,1.1138555612604517,0.046939327098121]},{"is_grounded":1,"node_ind":87,"point":[2.691950676366834,2.1758808198655926,0.093878654196242]},{"is_grounded":1,"node_ind":88,"point":[2.9133624614490894,1.102814073995806,0.08434410337943617]},{"is_grounded":1,"node_ind":89,"point":[2.7721880989442544,2.0568189435709763,0.046939327098121]},{"is_grounded":1,"node_ind":90,"point":[2.7571440792871287,1.018992795161276,0.0]},{"is_grounded":1,"node_ind":91,"point":[2.7571440792871287,1.018992795161276,0.093878654196242]},{"is_grounded":1,"node_ind":92,"point":[2.9294807316587317,2.0815207073252475,0.0]},{"is_grounded":1,"node_ind":93,"point":[2.8341365701659966,2.18322017612856,0.093878654196242]},{"is_grounded":1,"node_ind":94,"point":[2.8617062818613266,1.1094096898755466,0.093878654196242]},{"is_grounded":1,"node_ind":95,"point":[2.9445881383161043,0.9928682386186894,0.0]},{"is_grounded":1,"node_ind":96,"point":[2.886397752968643,0.9597374358398564,0.093878654196242]}]}