{"assembly_sequence":[{"Deformation":null,"compliance":0.0,"holdPartIDs":[],"installPartIDs":[28],"partDirections":null},{"Deformation":null,"compliance":0.0,"holdPartIDs":[],"installPartIDs":[25],"partDirections":null},{"Deformation":null,"compliance":0.0,"holdPartIDs":[],"installPartIDs":[33],"partDirections":null},{"Deformation":null,"compliance":0.0,"holdPartIDs":[],"installPartIDs":[38],"partDirections":null},{"Deformation":null,"compliance":0.0,"holdPartIDs":[],"installPartIDs":[41],"partDirections":null},{"Deformation":null,"compliance":0.0,"holdPartIDs":[],"installPartIDs":[40],"partDirections":null},{"Deformation":null,"compliance":0.0,"holdPartIDs":[],"installPartIDs":[39],"partDirections":null},{"Deformation":null,"compliance":0.0,"holdPartIDs":[],"installPartIDs":[35],"partDirections":null},{"Deformation":null,"compliance":0.0,"holdPartIDs":[],"installPartIDs":[23],"partDirections":null},{"Deformation":null,"compliance":0.0,"holdPartIDs":[],"installPartIDs":[26],"partDirections":null},{"Deformation":null,"compliance":0.0,"holdPartIDs":[],"installPartIDs":[27],"partDirections":null},{"Deformation":null,"compliance":0.0,"holdPartIDs":[],"installPartIDs":[32],"partDirections":null},{"Deformation":null,"compliance":0.0,"holdPartIDs":[],"installPartIDs":[36],"partDirections":null},{"Deformation":null,"compliance":0.0,"holdPartIDs":[],"installPartIDs":[24],"partDirections":null},{"Deformation":null,"compliance":0.0,"holdPartIDs":[],"installPartIDs":[17],"partDirections":null},{"Deformation":null,"compliance":0.0,"holdPartIDs":[],"installPartIDs":[22],"partDirections":null},{"Deformation":null,"compliance":0.0,"holdPartIDs":[],"installPartIDs":[34],"partDirections":null},{"Deformation":null,"compliance":0.0,"holdPartIDs":[],"installPartIDs":[18],"partDirections":null},{"Deformation":null,"compliance":0.0,"holdPartIDs":[],"installPartIDs":[37],"partDirections":null},{"Deformation":null,"compliance":0.0,"holdPartIDs":[],"installPartIDs":[31],"partDirections":null},{"Deformation":null,"compliance":0.0,"holdPartIDs":[],"installPartIDs":[30],"partDirections":null},{"Deformation":null,"compliance":0.0,"holdPartIDs":[],"installPartIDs":[19],"partDirections":null},{"Deformation":null,"compliance":0.0,"holdPartIDs":[],"installPartIDs":[29],"partDirections":null},{"Deformation":null,"compliance":0.0,"holdPartIDs":[],"installPartIDs":[45],"partDirections":null},{"Deformation":null,"compliance":0.0,"holdPartIDs":[],"installPartIDs":[43],"partDirections":null},{"Deformation":null,"compliance":0.0,"holdPartIDs":[],"installPartIDs":[44],"partDirections":null},{"Deformation":null,"compliance":0.0,"holdPartIDs":[],"installPartIDs":[42],"partDirections":null},{"Deformation":null,"compliance":0.0,"holdPartIDs":[],"installPartIDs":[56],"partDirections":null},{"Deformation":null,"compliance":0.0,"holdPartIDs":[],"installPartIDs":[54],"partDirections":null},{"Deformation":null,"compliance":0.0,"holdPartIDs":[],"installPartIDs":[53],"partDirections":null},{"Deformation":null,"compliance":0.0,"holdPartIDs":[],"installPartIDs":[55],"partDirections":null},{"Deformation":null,"compliance":0.0,"holdPartIDs":[],"installPartIDs":[49],"partDirections":null},{"Deformation":null,"compliance":0.0,"holdPartIDs":[],"installPartIDs":[50],"partDirections":null},{"Deformation":null,"compliance":0.0,"holdPartIDs":[],"installPartIDs":[57],"partDirections":null},{"Deformation":null,"compliance":0.0,"holdPartIDs":[],"installPartIDs":[48],"partDirections":null},{"Deformation":null,"compliance":0.0,"holdPartIDs":[],"installPartIDs":[16],"partDirections":null},{"Deformation":null,"compliance":0.0,"holdPartIDs":[],"installPartIDs":[47],"partDirections":null},{"Deformation":null,"compliance":0.0,"holdPartIDs":[],"installPartIDs":[52],"partDirections":null},{"Deformation":null,"compliance":0.0,"holdPartIDs":[],"installPartIDs":[60],"partDirections":null},{"Deformation":null,"compliance":0.0,"holdPartIDs":[],"installPartIDs":[59],"partDirections":null},{"Deformation":null,"compliance":0.0,"holdPartIDs":[],"installPartIDs":[58],"partDirections":null},{"Deformation":null,"compliance":0.0,"holdPartIDs":[],"installPartIDs":[63],"partDirections":null},{"Deformation":null,"compliance":0.0,"holdPartIDs":[],"installPartIDs":[62],"partDirections":null},{"Deformation":null,"compliance":0.0,"holdPartIDs":[],"installPartIDs":[61],"partDirections":null},{"Deformation":null,"compliance":0.0,"holdPartIDs":[],"installPartIDs":[51],"partDirections":null},{"Deformation":null,"compliance":0.0,"holdPartIDs":[],"installPartIDs":[66],"partDirections":null},{"Deformation":null,"compliance":0.0,"holdPartIDs":[],"installPartIDs":[67],"partDirections":null},{"Deformation":null,"compliance":0.0,"holdPartIDs":[],"installPartIDs":[64],"partDirections":null},{"Deformation":null,"compliance":0.0,"holdPartIDs":[],"installPartIDs":[65],"partDirections":null},{"Deformation":null,"compliance":0.0,"holdPartIDs":[],"installPartIDs":[70],"partDirections":null},{"Deformation":null,"compliance":0.0,"holdPartIDs":[],"installPartIDs":[69],"partDirections":null},{"Deformation":null,"compliance":0.0,"holdPartIDs":[],"installPartIDs":[68],"partDirections":null},{"Deformation":null,"compliance":0.0,"holdPartIDs":[],"installPartIDs":[11],"partDirections":null},{"Deformation":null,"compliance":0.0,"holdPartIDs":[],"installPartIDs":[15],"partDirections":null},{"Deformation":null,"compliance":0.0,"holdPartIDs":[],"installPartIDs":[12],"partDirections":null},{"Deformation":null,"compliance":0.0,"holdPartIDs":[],"installPartIDs":[9],"partDirections":null},{"Deformation":null,"compliance":0.0,"holdPartIDs":[],"installPartIDs":[7],"partDirections":null},{"Deformation":null,"compliance":0.0,"holdPartIDs":[],"installPartIDs":[8],"partDirections":null},{"Deformation":null,"compliance":0.0,"holdPartIDs":[],"installPartIDs":[2],"partDirections":null},{"Deformation":null,"compliance":0.0,"holdPartIDs":[],"installPartIDs":[6],"partDirections":null},{"Deformation":null,"compliance":0.0,"holdPartIDs":[],"installPartIDs":[1],"partDirections":null},{"Deformation":null,"compliance":0.0,"holdPartIDs":[],"installPartIDs":[13],"partDirections":null},{"Deformation":null,"compliance":0.0,"holdPartIDs":[],"installPartIDs":[5],"partDirections":null},{"Deformation":null,"compliance":0.0,"holdPartIDs":[],"installPartIDs":[20],"partDirections":null},{"Deformation":null,"compliance":0.0,"holdPartIDs":[],"installPartIDs":[10],"partDirections":null},{"Deformation":null,"compliance":0.0,"holdPartIDs":[],"installPartIDs":[0],"partDirections":null},{"Deformation":null,"compliance":0.0,"holdPartIDs":[],"installPartIDs":[3],"partDirections":null},{"Deformation":null,"compliance":0.0,"holdPartIDs":[],"installPartIDs":[14],"partDirections":null},{"Deformation":null,"compliance":0.0,"holdPartIDs":[],"installPartIDs":[21],"partDirections":null},{"Deformation":null,"compliance":0.0,"holdPartIDs":[],"installPartIDs":[4],"partDirections":null},{"Deformation":null,"compliance":0.0,"holdPartIDs":[],"installPartIDs":[46],"partDirections":null}],"benchmark_compliance":0.00015328822123798246,"benchmark_time":0.142364375,"cross_secs":[{"A":7.853981633974483e-05}],"elements":[{"end_node_inds":[0,1]},{"end_node_inds":[0,2]},{"end_node_inds":[1,2]},{"end_node_inds":[0,3]},{"end_node_inds":[1,3]},{"end_node_inds":[0,4]},{"end_node_inds":[1,4]},{"end_node_inds":[2,4]},{"end_node_inds":[1,5]},{"end_node_inds":[4,5]},{"end_node_inds":[0,6]},{"end_node_inds":[4,6]},{"end_node_inds":[5,6]},{"end_node_inds":[1,7]},{"end_node_inds":[3,7]},{"end_node_inds":[5,7]},{"end_node_inds":[6,7]},{"end_node_inds":[6,8]},{"end_node_inds":[6,9]},{"end_node_inds":[7,9]},{"end_node_inds":[0,10]},{"end_node_inds":[3,10]},{"end_node_inds":[6,10]},{"end_node_inds":[8,10]},{"end_node_inds":[6,11]},{"end_node_inds":[8,11]},{"end_node_inds":[10,11]},{"end_node_inds":[10,12]},{"end_node_inds":[11,12]},{"end_node_inds":[6,13]},{"end_node_inds":[9,13]},{"end_node_inds":[11,13]},{"end_node_inds":[10,14]},{"end_node_inds":[11,14]},{"end_node_inds":[10,15]},{"end_node_inds":[14,15]},{"end_node_inds":[11,16]},{"end_node_inds":[13,16]},{"end_node_inds":[14,16]},{"end_node_inds":[15,16]},{"end_node_inds":[15,17]},{"end_node_inds":[16,17]},{"end_node_inds":[13,18]},{"end_node_inds":[15,18]},{"end_node_inds":[16,18]},{"end_node_inds":[17,18]},{"end_node_inds":[3,19]},{"end_node_inds":[7,19]},{"end_node_inds":[10,19]},{"end_node_inds":[15,19]},{"end_node_inds":[18,19]},{"end_node_inds":[7,20]},{"end_node_inds":[9,20]},{"end_node_inds":[13,20]},{"end_node_inds":[18,20]},{"end_node_inds":[19,20]},{"end_node_inds":[18,21]},{"end_node_inds":[19,21]},{"end_node_inds":[18,22]},{"end_node_inds":[19,22]},{"end_node_inds":[21,22]},{"end_node_inds":[15,23]},{"end_node_inds":[18,23]},{"end_node_inds":[22,23]},{"end_node_inds":[15,24]},{"end_node_inds":[19,24]},{"end_node_inds":[22,24]},{"end_node_inds":[23,24]},{"end_node_inds":[15,25]},{"end_node_inds":[23,25]},{"end_node_inds":[24,25]}],"materials":[{"E":129000000.0,"G12":46071428.57142857,"density":58.0}],"nodes":[{"is_grounded":0,"node_ind":0,"point":[0.0,0.1037024984861744,0.3409712326429068]},{"is_grounded":0,"node_ind":1,"point":[0.06838545075034656,0.16208344382419013,1.0014782476853055]},{"is_grounded":0,"node_ind":2,"point":[0.06901227430630946,0.20740499697234882,0.6390701456068095]},{"is_grounded":0,"node_ind":3,"point":[0.3039849648247049,0.009438547713780708,0.490856885220311]},{"is_grounded":0,"node_ind":4,"point":[0.43716660290260406,0.21388640312773474,0.41229206306170746]},{"is_grounded":0,"node_ind":5,"point":[0.48169293048538775,0.21259012189665755,0.9409487304732612]},{"is_grounded":0,"node_ind":6,"point":[1.0119879235069924,0.21259012189665755,0.3733837334290461]},{"is_grounded":0,"node_ind":7,"point":[1.0850527189921284,0.11835027900169899,0.929853745238567]},{"is_grounded":1,"node_ind":8,"point":[1.140880167657199,0.09879385960591751,0.04315003726811424]},{"is_grounded":0,"node_ind":9,"point":[1.0916824022964278,0.22814549666958372,0.6330768624406283]},{"is_grounded":0,"node_ind":10,"point":[1.2333212229483903,0.0,0.3061968904209663]},{"is_grounded":0,"node_ind":11,"point":[1.2540617226456252,0.20740499697234882,0.26485740476044034]},{"is_grounded":1,"node_ind":12,"point":[1.295542722040095,0.107933740600681,0.0]},{"is_grounded":0,"node_ind":13,"point":[1.504501254785931,0.21259012189665755,0.4314019305179665]},{"is_grounded":1,"node_ind":14,"point":[1.6688717165903229,0.107933740600681,0.0]},{"is_grounded":0,"node_ind":15,"point":[1.7725742150764972,0.0,0.3061968904209663]},{"is_grounded":0,"node_ind":16,"point":[1.7103527159847927,0.20740499697234882,0.26485740476044034]},{"is_grounded":1,"node_ind":17,"point":[1.823534270973219,0.09879385960591751,0.04315003726811424]},{"is_grounded":0,"node_ind":18,"point":[2.037751091214143,0.20999755943450318,0.38040964594756804]},{"is_grounded":0,"node_ind":19,"point":[1.8793617233469797,0.11835027900169899,0.929853745238567]},{"is_grounded":0,"node_ind":20,"point":[1.87273203633399,0.22814549666958372,0.6330768624406283]},{"is_grounded":0,"node_ind":21,"point":[2.1848296235482323,0.20740499697234882,0.8497329056324647]},{"is_grounded":0,"node_ind":22,"point":[2.4860401796380818,0.21259012189665755,0.9399772955934091]},{"is_grounded":0,"node_ind":23,"point":[2.5293906865703124,0.21388640312773474,0.40975093845421773]},{"is_grounded":0,"node_ind":24,"point":[2.9054351594707595,0.16257351829438588,0.9944033185653833]},{"is_grounded":0,"node_ind":25,"point":[3.0,0.1037024984861744,0.3409712326429068]}]}