{"assembly_sequence":[{"Deformation":null,"compliance":0.0,"holdPartIDs":[],"installPartIDs":[6],"partDirections":null},{"Deformation":null,"compliance":0.0,"holdPartIDs":[],"installPartIDs":[13],"partDirections":null},{"Deformation":null,"compliance":0.0,"holdPartIDs":[],"installPartIDs":[7],"partDirections":null},{"Deformation":null,"compliance":0.0,"holdPartIDs":[],"installPartIDs":[0],"partDirections":null},{"Deformation":null,"compliance":0.0,"holdPartIDs":[],"installPartIDs":[14],"partDirections":null},{"Deformation":null,"compliance":0.0,"holdPartIDs":[],"installPartIDs":[16],"partDirections":null},{"Deformation":null,"compliance":0.0,"holdPartIDs":[],"installPartIDs":[15],"partDirections":null},{"Deformation":null,"compliance":0.0,"holdPartIDs":[],"installPartIDs":[56],"partDirections":null},{"Deformation":null,"compliance":0.0,"holdPartIDs":[],"installPartIDs":[54],"partDirections":null},{"Deformation":null,"compliance":0.0,"holdPartIDs":[],"installPartIDs":[31],"partDirections":null},{"Deformation":null,"compliance":0.0,"holdPartIDs":[],"installPartIDs":[20],"partDirections":null},{"Deformation":null,"compliance":0.0,"holdPartIDs":[],"installPartIDs":[17],"partDirections":null},{"Deformation":null,"compliance":0.0,"holdPartIDs":[],"installPartIDs":[44],"partDirections":null},{"Deformation":null,"compliance":0.0,"holdPartIDs":[],"installPartIDs":[21],"partDirections":null},{"Deformation":null,"compliance":0.0,"holdPartIDs":[],"installPartIDs":[18],"partDirections":null},{"Deformation":null,"compliance":0.0,"holdPartIDs":[],"installPartIDs":[19],"partDirections":null},{"Deformation":null,"compliance":0.0,"holdPartIDs":[],"installPartIDs":[26],"partDirections":null},{"Deformation":null,"compliance":0.0,"holdPartIDs":[],"installPartIDs":[25],"partDirections":null},{"Deformation":null,"compliance":0.0,"holdPartIDs":[],"installPartIDs":[24],"partDirections":null},{"Deformation":null,"compliance":0.0,"holdPartIDs":[],"installPartIDs":[22],"partDirections":null},{"Deformation":null,"compliance":0.0,"holdPartIDs":[],"installPartIDs":[1],"partDirections":null},{"Deformation":null,"compliance":0.0,"holdPartIDs":[],"installPartIDs":[23],"partDirections":null},{"Deformation":null,"compliance":0.0,"holdPartIDs":[],"installPartIDs":[8],"partDirections":null},{"Deformation":null,"compliance":0.0,"holdPartIDs":[],"installPartIDs":[12],"partDirections":null},{"Deformation":null,"compliance":0.0,"holdPartIDs":[],"installPartIDs":[55],"partDirections":null},{"Deformation":null,"compliance":0.0,"holdPartIDs":[],"installPartIDs":[27],"partDirections":null},{"Deformation":null,"compliance":0.0,"holdPartIDs":[],"installPartIDs":[50],"partDirections":null},{"Deformation":null,"compliance":0.0,"holdPartIDs":[],"installPartIDs":[51],"partDirections":null},{"Deformation":null,"compliance":0.0,"holdPartIDs":[],"installPartIDs":[28],"partDirections":null},{"Deformation":null,"compliance":0.0,"holdPartIDs":[],"installPartIDs":[46],"partDirections":null},{"Deformation":null,"compliance":0.0,"holdPartIDs":[],"installPartIDs":[38],"partDirections":null},{"Deformation":null,"compliance":0.0,"holdPartIDs":[],"installPartIDs":[52],"partDirections":null},{"Deformation":null,"compliance":0.0,"holdPartIDs":[],"installPartIDs":[48],"partDirections":null},{"Deformation":null,"compliance":0.0,"holdPartIDs":[],"installPartIDs":[39],"partDirections":null},{"Deformation":null,"compliance":0.0,"holdPartIDs":[],"installPartIDs":[45],"partDirections":null},{"Deformation":null,"compliance":0.0,"holdPartIDs":[],"installPartIDs":[49],"partDirections":null},{"Deformation":null,"compliance":0.0,"holdPartIDs":[],"installPartIDs":[42],"partDirections":null},{"Deformation":null,"compliance":0.0,"holdPartIDs":[],"installPartIDs":[43],"partDirections":null},{"Deformation":null,"compliance":0.0,"holdPartIDs":[],"installPartIDs":[53],"partDirections":null},{"Deformation":null,"compliance":0.0,"holdPartIDs":[],"installPartIDs":[41],"partDirections":null},{"Deformation":null,"compliance":0.0,"holdPartIDs":[],"installPartIDs":[29],"partDirections":null},{"Deformation":null,"compliance":0.0,"holdPartIDs":[],"installPartIDs":[2],"partDirections":null},{"Deformation":null,"compliance":0.0,"holdPartIDs":[],"installPartIDs":[4],"partDirections":null},{"Deformation":null,"compliance":0.0,"holdPartIDs":[],"installPartIDs":[3],"partDirections":null},{"Deformation":null,"compliance":0.0,"holdPartIDs":[],"installPartIDs":[10],"partDirections":null},{"Deformation":null,"compliance":0.0,"holdPartIDs":[],"installPartIDs":[9],"partDirections":null},{"Deformation":null,"compliance":0.0,"holdPartIDs":[],"installPartIDs":[30],"partDirections":null},{"Deformation":null,"compliance":0.0,"holdPartIDs":[],"installPartIDs":[37],"partDirections":null},{"Deformation":null,"compliance":0.0,"holdPartIDs":[],"installPartIDs":[33],"partDirections":null},{"Deformation":null,"compliance":0.0,"holdPartIDs":[],"installPartIDs":[11],"partDirections":null},{"Deformation":null,"compliance":0.0,"holdPartIDs":[],"installPartIDs":[5],"partDirections":null},{"Deformation":null,"compliance":0.0,"holdPartIDs":[],"installPartIDs":[32],"partDirections":null},{"Deformation":null,"compliance":0.0,"holdPartIDs":[],"installPartIDs":[35],"partDirections":null},{"Deformation":null,"compliance":0.0,"holdPartIDs":[],"installPartIDs":[47],"partDirections":null},{"Deformation":null,"compliance":0.0,"holdPartIDs":[],"installPartIDs":[34],"partDirections":null},{"Deformation":null,"compliance":0.0,"holdPartIDs":[],"installPartIDs":[36],"partDirections":null},{"Deformation":null,"compliance":0.0,"holdPartIDs":[],"installPartIDs":[40],"partDirections":null}],"benchmark_compliance":0.00016062461232844018,"benchmark_time":0.089274667,"cross_secs":[{"A":7.853981633974483e-05}],"elements":[{"end_node_inds":[0,2]},{"end_node_inds":[2,3]},{"end_node_inds":[0,4]},{"end_node_inds":[2,4]},{"end_node_inds":[3,4]},{"end_node_inds":[3,5]},{"end_node_inds":[0,6]},{"end_node_inds":[2,6]},{"end_node_inds":[3,6]},{"end_node_inds":[3,7]},{"end_node_inds":[4,7]},{"end_node_inds":[5,7]},{"end_node_inds":[3,8]},{"end_node_inds":[6,8]},{"end_node_inds":[2,9]},{"end_node_inds":[6,9]},{"end_node_inds":[8,9]},{"end_node_inds":[0,10]},{"end_node_inds":[2,10]},{"end_node_inds":[6,10]},{"end_node_inds":[8,10]},{"end_node_inds":[9,10]},{"end_node_inds":[2,11]},{"end_node_inds":[3,11]},{"end_node_inds":[8,11]},{"end_node_inds":[9,11]},{"end_node_inds":[10,11]},{"end_node_inds":[0,13]},{"end_node_inds":[1,13]},{"end_node_inds":[4,13]},{"end_node_inds":[7,13]},{"end_node_inds":[12,13]},{"end_node_inds":[5,14]},{"end_node_inds":[7,14]},{"end_node_inds":[3,15]},{"end_node_inds":[5,15]},{"end_node_inds":[14,15]},{"end_node_inds":[7,16]},{"end_node_inds":[13,16]},{"end_node_inds":[14,16]},{"end_node_inds":[15,16]},{"end_node_inds":[3,17]},{"end_node_inds":[10,17]},{"end_node_inds":[11,17]},{"end_node_inds":[10,18]},{"end_node_inds":[17,18]},{"end_node_inds":[3,19]},{"end_node_inds":[15,19]},{"end_node_inds":[16,19]},{"end_node_inds":[17,19]},{"end_node_inds":[13,20]},{"end_node_inds":[13,21]},{"end_node_inds":[16,21]},{"end_node_inds":[17,21]},{"end_node_inds":[18,21]},{"end_node_inds":[19,21]},{"end_node_inds":[20,21]}],"materials":[{"E":129000000.0,"G12":46071428.57142857,"density":58.0}],"nodes":[{"is_grounded":1,"node_ind":0,"point":[0.044051323163047044,0.725531637500293,0.06565381065373309]},{"is_grounded":1,"node_ind":1,"point":[0.0,1.8514870936578995,0.0]},{"is_grounded":0,"node_ind":2,"point":[0.2896250541637813,0.6948711940774843,1.1177234409350445]},{"is_grounded":0,"node_ind":3,"point":[0.40184956198099764,0.784903214093477,2.0335152227770896]},{"is_grounded":0,"node_ind":4,"point":[0.24006910623058117,1.5239979643622155,0.886109975853268]},{"is_grounded":0,"node_ind":5,"point":[0.48924727738071805,1.3837801413537962,2.8133374102768194]},{"is_grounded":0,"node_ind":6,"point":[0.27897207153097836,0.570387608497638,0.7632706486862914]},{"is_grounded":0,"node_ind":7,"point":[0.3569161519718147,1.5644158347549308,1.6969746911593537]},{"is_grounded":1,"node_ind":8,"point":[0.8120071731407075,0.0,0.0072302246869217325]},{"is_grounded":0,"node_ind":9,"point":[0.4077051901245287,0.6064562284290049,1.3838620193079167]},{"is_grounded":0,"node_ind":10,"point":[0.8117259981759766,0.5496890917200951,0.5247891970780468]},{"is_grounded":0,"node_ind":11,"point":[0.7421015182779691,0.44271314575742426,1.340561450587085]},{"is_grounded":1,"node_ind":12,"point":[0.9337356758164395,2.253734346352786,0.0]},{"is_grounded":0,"node_ind":13,"point":[0.8995454951568456,1.7505647588953048,0.540799421857132]},{"is_grounded":0,"node_ind":14,"point":[1.1231940491719743,1.6127658961958822,2.468242419839878]},{"is_grounded":0,"node_ind":15,"point":[1.131257807989191,0.9944794087404839,3.0]},{"is_grounded":0,"node_ind":16,"point":[1.2082004666608708,1.6881227724481112,1.6969746911593537]},{"is_grounded":0,"node_ind":17,"point":[1.4574778338877135,0.6128362851756932,1.2008245560188482]},{"is_grounded":1,"node_ind":18,"point":[1.6988909039387379,0.3598815908060585,0.027077680344333277]},{"is_grounded":0,"node_ind":19,"point":[1.6604755940452742,1.01387741581101,1.7665638855532158]},{"is_grounded":1,"node_ind":20,"point":[1.7765192110645778,1.5800839350035527,0.059955510338700495]},{"is_grounded":0,"node_ind":21,"point":[1.6948135469906087,1.2472847088291958,0.9142501744199136]}]}