{"assembly_sequence":[{"Deformation":null,"compliance":0.0,"holdPartIDs":[],"installPartIDs":[37],"partDirections":null},{"Deformation":null,"compliance":0.0,"holdPartIDs":[],"installPartIDs":[18],"partDirections":null},{"Deformation":null,"compliance":0.0,"holdPartIDs":[],"installPartIDs":[31],"partDirections":null},{"Deformation":null,"compliance":0.0,"holdPartIDs":[],"installPartIDs":[36],"partDirections":null},{"Deformation":null,"compliance":0.0,"holdPartIDs":[],"installPartIDs":[2],"partDirections":null},{"Deformation":null,"compliance":0.0,"holdPartIDs":[],"installPartIDs":[1],"partDirections":null},{"Deformation":null,"compliance":0.0,"holdPartIDs":[],"installPartIDs":[30],"partDirections":null},{"Deformation":null,"compliance":0.0,"holdPartIDs":[],"installPartIDs":[34],"partDirections":null},{"Deformation":null,"compliance":0.0,"holdPartIDs":[],"installPartIDs":[32],"partDirections":null},{"Deformation":null,"compliance":0.0,"holdPartIDs":[],"installPartIDs":[35],"partDirections":null},{"Deformation":null,"compliance":0.0,"holdPartIDs":[],"installPartIDs":[26],"partDirections":null},{"Deformation":null,"compliance":0.0,"holdPartIDs":[],"installPartIDs":[33],"partDirections":null},{"Deformation":null,"compliance":0.0,"holdPartIDs":[],"installPartIDs":[27],"partDirections":null},{"Deformation":null,"compliance":0.0,"holdPartIDs":[],"installPartIDs":[28],"partDirections":null},{"Deformation":null,"compliance":0.0,"holdPartIDs":[],"installPartIDs":[5],"partDirections":null},{"Deformation":null,"compliance":0.0,"holdPartIDs":[],"installPartIDs":[17],"partDirections":null},{"Deformation":null,"compliance":0.0,"holdPartIDs":[],"installPartIDs":[24],"partDirections":null},{"Deformation":null,"compliance":0.0,"holdPartIDs":[],"installPartIDs":[3],"partDirections":null},{"Deformation":null,"compliance":0.0,"holdPartIDs":[],"installPartIDs":[15],"partDirections":null},{"Deformation":null,"compliance":0.0,"holdPartIDs":[],"installPartIDs":[4],"partDirections":null},{"Deformation":null,"compliance":0.0,"holdPartIDs":[],"installPartIDs":[22],"partDirections":null},{"Deformation":null,"compliance":0.0,"holdPartIDs":[],"installPartIDs":[0],"partDirections":null},{"Deformation":null,"compliance":0.0,"holdPartIDs":[],"installPartIDs":[13],"partDirections":null},{"Deformation":null,"compliance":0.0,"holdPartIDs":[],"installPartIDs":[25],"partDirections":null},{"Deformation":null,"compliance":0.0,"holdPartIDs":[],"installPartIDs":[21],"partDirections":null},{"Deformation":null,"compliance":0.0,"holdPartIDs":[],"installPartIDs":[23],"partDirections":null},{"Deformation":null,"compliance":0.0,"holdPartIDs":[],"installPartIDs":[8],"partDirections":null},{"Deformation":null,"compliance":0.0,"holdPartIDs":[],"installPartIDs":[7],"partDirections":null},{"Deformation":null,"compliance":0.0,"holdPartIDs":[],"installPartIDs":[29],"partDirections":null},{"Deformation":null,"compliance":0.0,"holdPartIDs":[],"installPartIDs":[19],"partDirections":null},{"Deformation":null,"compliance":0.0,"holdPartIDs":[],"installPartIDs":[12],"partDirections":null},{"Deformation":null,"compliance":0.0,"holdPartIDs":[],"installPartIDs":[14],"partDirections":null},{"Deformation":null,"compliance":0.0,"holdPartIDs":[],"installPartIDs":[11],"partDirections":null},{"Deformation":null,"compliance":0.0,"holdPartIDs":[],"installPartIDs":[20],"partDirections":null},{"Deformation":null,"compliance":0.0,"holdPartIDs":[],"installPartIDs":[10],"partDirections":null},{"Deformation":null,"compliance":0.0,"holdPartIDs":[],"installPartIDs":[6],"partDirections":null},{"Deformation":null,"compliance":0.0,"holdPartIDs":[],"installPartIDs":[9],"partDirections":null},{"Deformation":null,"compliance":0.0,"holdPartIDs":[],"installPartIDs":[16],"partDirections":null}],"benchmark_compliance":0.0008385641914101962,"benchmark_time":0.031470125,"cross_secs":[{"A":7.853981633974483e-05}],"elements":[{"end_node_inds":[0,1]},{"end_node_inds":[0,2]},{"end_node_inds":[0,3]},{"end_node_inds":[0,4]},{"end_node_inds":[1,4]},{"end_node_inds":[3,4]},{"end_node_inds":[0,5]},{"end_node_inds":[1,5]},{"end_node_inds":[2,5]},{"end_node_inds":[3,5]},{"end_node_inds":[1,6]},{"end_node_inds":[4,6]},{"end_node_inds":[5,6]},{"end_node_inds":[4,7]},{"end_node_inds":[6,7]},{"end_node_inds":[4,8]},{"end_node_inds":[5,8]},{"end_node_inds":[4,9]},{"end_node_inds":[8,9]},{"end_node_inds":[5,10]},{"end_node_inds":[6,10]},{"end_node_inds":[7,10]},{"end_node_inds":[4,11]},{"end_node_inds":[7,11]},{"end_node_inds":[4,12]},{"end_node_inds":[7,12]},{"end_node_inds":[9,12]},{"end_node_inds":[10,12]},{"end_node_inds":[11,12]},{"end_node_inds":[5,13]},{"end_node_inds":[10,13]},{"end_node_inds":[9,14]},{"end_node_inds":[12,14]},{"end_node_inds":[12,15]},{"end_node_inds":[10,16]},{"end_node_inds":[12,16]},{"end_node_inds":[13,16]},{"end_node_inds":[15,16]}],"materials":[{"E":129000000.0,"G12":46071428.57142857,"density":58.0}],"nodes":[{"is_grounded":0,"node_ind":0,"point":[0.0,0.5255302892381861,0.31182218250413957]},{"is_grounded":0,"node_ind":1,"point":[0.4622814309759946,1.5100294816818784,0.40812287116773616]},{"is_grounded":1,"node_ind":2,"point":[0.2951083993498671,1.2816140118032044,0.0]},{"is_grounded":1,"node_ind":3,"point":[0.6731194282849552,0.14870706915172976,0.01168429621803622]},{"is_grounded":0,"node_ind":4,"point":[0.8730126241416669,0.9163242115218564,1.2007585064129225]},{"is_grounded":0,"node_ind":5,"point":[0.8321314170269675,2.245634853289704,0.39931835738600113]},{"is_grounded":0,"node_ind":6,"point":[0.9721185295948122,2.260182478127236,1.2781826050705114]},{"is_grounded":0,"node_ind":7,"point":[1.5691283862604812,1.3601460347114838,1.3362620055680183]},{"is_grounded":1,"node_ind":8,"point":[1.9777171495760681,0.0005494513253764573,0.024829129463326965]},{"is_grounded":0,"node_ind":9,"point":[1.933812346386598,0.0,1.4021155461643464]},{"is_grounded":0,"node_ind":10,"point":[2.251651752371944,2.3503103492307034,1.3084087056625024]},{"is_grounded":0,"node_ind":11,"point":[1.8920360334252686,0.5266224880468043,0.745582380187971]},{"is_grounded":0,"node_ind":12,"point":[2.379651565059683,0.771885424878231,1.2140746930347113]},{"is_grounded":1,"node_ind":13,"point":[2.6549652088393527,2.5261657644410627,0.02555939797695423]},{"is_grounded":1,"node_ind":14,"point":[2.8594586235688095,0.1428647457782675,0.02336859243607244]},{"is_grounded":1,"node_ind":15,"point":[3.0,1.2929856483837492,0.024829129463326965]},{"is_grounded":0,"node_ind":16,"point":[2.999277051983214,1.2984902833074596,1.4021155461643464]}]}