{"assembly_sequence":[{"Deformation":null,"compliance":0.0,"holdPartIDs":[],"installPartIDs":[4],"partDirections":null},{"Deformation":null,"compliance":0.0,"holdPartIDs":[],"installPartIDs":[2],"partDirections":null},{"Deformation":null,"compliance":0.0,"holdPartIDs":[],"installPartIDs":[1],"partDirections":null},{"Deformation":null,"compliance":0.0,"holdPartIDs":[],"installPartIDs":[11],"partDirections":null},{"Deformation":null,"compliance":0.0,"holdPartIDs":[],"installPartIDs":[24],"partDirections":null},{"Deformation":null,"compliance":0.0,"holdPartIDs":[],"installPartIDs":[23],"partDirections":null},{"Deformation":null,"compliance":0.0,"holdPartIDs":[],"installPartIDs":[10],"partDirections":null},{"Deformation":null,"compliance":0.0,"holdPartIDs":[],"installPartIDs":[3],"partDirections":null},{"Deformation":null,"compliance":0.0,"holdPartIDs":[],"installPartIDs":[0],"partDirections":null},{"Deformation":null,"compliance":0.0,"holdPartIDs":[],"installPartIDs":[15],"partDirections":null},{"Deformation":null,"compliance":0.0,"holdPartIDs":[],"installPartIDs":[25],"partDirections":null},{"Deformation":null,"compliance":0.0,"holdPartIDs":[],"installPartIDs":[14],"partDirections":null},{"Deformation":null,"compliance":0.0,"holdPartIDs":[],"installPartIDs":[41],"partDirections":null},{"Deformation":null,"compliance":0.0,"holdPartIDs":[],"installPartIDs":[43],"partDirections":null},{"Deformation":null,"compliance":0.0,"holdPartIDs":[],"installPartIDs":[38],"partDirections":null},{"Deformation":null,"compliance":0.0,"holdPartIDs":[],"installPartIDs":[12],"partDirections":null},{"Deformation":null,"compliance":0.0,"holdPartIDs":[],"installPartIDs":[5],"partDirections":null},{"Deformation":null,"compliance":0.0,"holdPartIDs":[],"installPartIDs":[39],"partDirections":null},{"Deformation":null,"compliance":0.0,"holdPartIDs":[],"installPartIDs":[6],"partDirections":null},{"Deformation":null,"compliance":0.0,"holdPartIDs":[],"installPartIDs":[7],"partDirections":null},{"Deformation":null,"compliance":0.0,"holdPartIDs":[],"installPartIDs":[26],"partDirections":null},{"Deformation":null,"compliance":0.0,"holdPartIDs":[],"installPartIDs":[13],"partDirections":null},{"Deformation":null,"compliance":0.0,"holdPartIDs":[],"installPartIDs":[27],"partDirections":null},{"Deformation":null,"compliance":0.0,"holdPartIDs":[],"installPartIDs":[18],"partDirections":null},{"Deformation":null,"compliance":0.0,"holdPartIDs":[],"installPartIDs":[17],"partDirections":null},{"Deformation":null,"compliance":0.0,"holdPartIDs":[],"installPartIDs":[21],"partDirections":null},{"Deformation":null,"compliance":0.0,"holdPartIDs":[],"installPartIDs":[31],"partDirections":null},{"Deformation":null,"compliance":0.0,"holdPartIDs":[],"installPartIDs":[29],"partDirections":null},{"Deformation":null,"compliance":0.0,"holdPartIDs":[],"installPartIDs":[16],"partDirections":null},{"Deformation":null,"compliance":0.0,"holdPartIDs":[],"installPartIDs":[40],"partDirections":null},{"Deformation":null,"compliance":0.0,"holdPartIDs":[],"installPartIDs":[9],"partDirections":null},{"Deformation":null,"compliance":0.0,"holdPartIDs":[],"installPartIDs":[34],"partDirections":null},{"Deformation":null,"compliance":0.0,"holdPartIDs":[],"installPartIDs":[37],"partDirections":null},{"Deformation":null,"compliance":0.0,"holdPartIDs":[],"installPartIDs":[33],"partDirections":null},{"Deformation":null,"compliance":0.0,"holdPartIDs":[],"installPartIDs":[36],"partDirections":null},{"Deformation":null,"compliance":0.0,"holdPartIDs":[],"installPartIDs":[35],"partDirections":null},{"Deformation":null,"compliance":0.0,"holdPartIDs":[],"installPartIDs":[19],"partDirections":null},{"Deformation":null,"compliance":0.0,"holdPartIDs":[],"installPartIDs":[44],"partDirections":null},{"Deformation":null,"compliance":0.0,"holdPartIDs":[],"installPartIDs":[8],"partDirections":null},{"Deformation":null,"compliance":0.0,"holdPartIDs":[],"installPartIDs":[42],"partDirections":null},{"Deformation":null,"compliance":0.0,"holdPartIDs":[],"installPartIDs":[28],"partDirections":null},{"Deformation":null,"compliance":0.0,"holdPartIDs":[],"installPartIDs":[20],"partDirections":null},{"Deformation":null,"compliance":0.0,"holdPartIDs":[],"installPartIDs":[32],"partDirections":null},{"Deformation":null,"compliance":0.0,"holdPartIDs":[],"installPartIDs":[30],"partDirections":null},{"Deformation":null,"compliance":0.0,"holdPartIDs":[],"installPartIDs":[22],"partDirections":null}],"benchmark_compliance":0.18674174733596552,"benchmark_time":0.980386959,"cross_secs":[{"A":7.853981633974483e-05}],"elements":[{"end_node_inds":[0,1]},{"end_node_inds":[0,2]},{"end_node_inds":[0,3]},{"end_node_inds":[1,3]},{"end_node_inds":[2,3]},{"end_node_inds":[0,4]},{"end_node_inds":[1,4]},{"end_node_inds":[4,5]},{"end_node_inds":[4,6]},{"end_node_inds":[5,6]},{"end_node_inds":[0,7]},{"end_node_inds":[2,7]},{"end_node_inds":[4,7]},{"end_node_inds":[5,7]},{"end_node_inds":[1,8]},{"end_node_inds":[3,8]},{"end_node_inds":[4,8]},{"end_node_inds":[5,9]},{"end_node_inds":[5,10]},{"end_node_inds":[6,10]},{"end_node_inds":[5,11]},{"end_node_inds":[9,11]},{"end_node_inds":[10,11]},{"end_node_inds":[2,12]},{"end_node_inds":[3,12]},{"end_node_inds":[8,12]},{"end_node_inds":[5,13]},{"end_node_inds":[10,13]},{"end_node_inds":[5,14]},{"end_node_inds":[9,14]},{"end_node_inds":[10,14]},{"end_node_inds":[11,14]},{"end_node_inds":[13,14]},{"end_node_inds":[4,15]},{"end_node_inds":[5,15]},{"end_node_inds":[6,15]},{"end_node_inds":[10,15]},{"end_node_inds":[13,15]},{"end_node_inds":[2,16]},{"end_node_inds":[4,16]},{"end_node_inds":[5,16]},{"end_node_inds":[7,16]},{"end_node_inds":[8,16]},{"end_node_inds":[12,16]},{"end_node_inds":[15,16]}],"materials":[{"E":129000000.0,"G12":46071428.57142857,"density":58.0}],"nodes":[{"is_grounded":0,"node_ind":0,"point":[0.0,0.7727085489672032,0.3562499779214466]},{"is_grounded":0,"node_ind":1,"point":[0.43665941231117794,1.5425101488801003,0.3562499779214466]},{"is_grounded":0,"node_ind":2,"point":[0.8612802825493387,0.0,0.7124999558428932]},{"is_grounded":1,"node_ind":3,"point":[0.7011429984208157,0.3990187455117456,0.0]},{"is_grounded":0,"node_ind":4,"point":[0.884090795006437,1.2028466682958538,1.4906249416495376]},{"is_grounded":0,"node_ind":5,"point":[0.9107590314648086,1.2513004070717482,2.6390624613625318]},{"is_grounded":0,"node_ind":6,"point":[1.0202415485979237,1.9783440618280237,2.3109374377069387]},{"is_grounded":0,"node_ind":7,"point":[1.0443877622711337,0.0975312991878625,1.4906249416495376]},{"is_grounded":0,"node_ind":8,"point":[1.351998884575721,1.5485015427862177,0.3562499779214466]},{"is_grounded":0,"node_ind":9,"point":[1.0361595980233513,1.239670951020433,0.6987372581515277]},{"is_grounded":0,"node_ind":10,"point":[1.2888375293991707,1.5385567276568828,3.0]},{"is_grounded":0,"node_ind":11,"point":[1.298933704838635,1.3937883047128,0.6987372581515277]},{"is_grounded":0,"node_ind":12,"point":[1.741638045633594,0.7454529850456283,0.3562499779214466]},{"is_grounded":0,"node_ind":13,"point":[1.3587545236589993,1.0429683025150376,3.0]},{"is_grounded":0,"node_ind":14,"point":[1.4052529305652213,1.1361188776802733,0.6987372581515277]},{"is_grounded":0,"node_ind":15,"point":[1.6157554239277774,1.540321809421966,2.2781249227250635]},{"is_grounded":0,"node_ind":16,"point":[1.7271174542917176,0.7238698114769114,1.4906249416495376]}]}