{"assembly_sequence":[{"Deformation":null,"compliance":0.0,"holdPartIDs":[],"installPartIDs":[29],"partDirections":null},{"Deformation":null,"compliance":0.0,"holdPartIDs":[],"installPartIDs":[33],"partDirections":null},{"Deformation":null,"compliance":0.0,"holdPartIDs":[],"installPartIDs":[34],"partDirections":null},{"Deformation":null,"compliance":0.0,"holdPartIDs":[],"installPartIDs":[50],"partDirections":null},{"Deformation":null,"compliance":0.0,"holdPartIDs":[],"installPartIDs":[41],"partDirections":null},{"Deformation":null,"compliance":0.0,"holdPartIDs":[],"installPartIDs":[39],"partDirections":null},{"Deformation":null,"compliance":0.0,"holdPartIDs":[],"installPartIDs":[45],"partDirections":null},{"Deformation":null,"compliance":0.0,"holdPartIDs":[],"installPartIDs":[44],"partDirections":null},{"Deformation":null,"compliance":0.0,"holdPartIDs":[],"installPartIDs":[25],"partDirections":null},{"Deformation":null,"compliance":0.0,"holdPartIDs":[],"installPartIDs":[49],"partDirections":null},{"Deformation":null,"compliance":0.0,"holdPartIDs":[],"installPartIDs":[48],"partDirections":null},{"Deformation":null,"compliance":0.0,"holdPartIDs":[],"installPartIDs":[53],"partDirections":null},{"Deformation":null,"compliance":0.0,"holdPartIDs":[],"installPartIDs":[64],"partDirections":null},{"Deformation":null,"compliance":0.0,"holdPartIDs":[],"installPartIDs":[40],"partDirections":null},{"Deformation":null,"compliance":0.0,"holdPartIDs":[],"installPartIDs":[47],"partDirections":null},{"Deformation":null,"compliance":0.0,"holdPartIDs":[],"installPartIDs":[52],"partDirections":null},{"Deformation":null,"compliance":0.0,"holdPartIDs":[],"installPartIDs":[62],"partDirections":null},{"Deformation":null,"compliance":0.0,"holdPartIDs":[],"installPartIDs":[63],"partDirections":null},{"Deformation":null,"compliance":0.0,"holdPartIDs":[],"installPartIDs":[59],"partDirections":null},{"Deformation":null,"compliance":0.0,"holdPartIDs":[],"installPartIDs":[56],"partDirections":null},{"Deformation":null,"compliance":0.0,"holdPartIDs":[],"installPartIDs":[60],"partDirections":null},{"Deformation":null,"compliance":0.0,"holdPartIDs":[],"installPartIDs":[68],"partDirections":null},{"Deformation":null,"compliance":0.0,"holdPartIDs":[],"installPartIDs":[69],"partDirections":null},{"Deformation":null,"compliance":0.0,"holdPartIDs":[],"installPartIDs":[67],"partDirections":null},{"Deformation":null,"compliance":0.0,"holdPartIDs":[],"installPartIDs":[71],"partDirections":null},{"Deformation":null,"compliance":0.0,"holdPartIDs":[],"installPartIDs":[70],"partDirections":null},{"Deformation":null,"compliance":0.0,"holdPartIDs":[],"installPartIDs":[65],"partDirections":null},{"Deformation":null,"compliance":0.0,"holdPartIDs":[],"installPartIDs":[66],"partDirections":null},{"Deformation":null,"compliance":0.0,"holdPartIDs":[],"installPartIDs":[57],"partDirections":null},{"Deformation":null,"compliance":0.0,"holdPartIDs":[],"installPartIDs":[18],"partDirections":null},{"Deformation":null,"compliance":0.0,"holdPartIDs":[],"installPartIDs":[20],"partDirections":null},{"Deformation":null,"compliance":0.0,"holdPartIDs":[],"installPartIDs":[58],"partDirections":null},{"Deformation":null,"compliance":0.0,"holdPartIDs":[],"installPartIDs":[55],"partDirections":null},{"Deformation":null,"compliance":0.0,"holdPartIDs":[],"installPartIDs":[85],"partDirections":null},{"Deformation":null,"compliance":0.0,"holdPartIDs":[],"installPartIDs":[84],"partDirections":null},{"Deformation":null,"compliance":0.0,"holdPartIDs":[],"installPartIDs":[86],"partDirections":null},{"Deformation":null,"compliance":0.0,"holdPartIDs":[],"installPartIDs":[73],"partDirections":null},{"Deformation":null,"compliance":0.0,"holdPartIDs":[],"installPartIDs":[82],"partDirections":null},{"Deformation":null,"compliance":0.0,"holdPartIDs":[],"installPartIDs":[1],"partDirections":null},{"Deformation":null,"compliance":0.0,"holdPartIDs":[],"installPartIDs":[72],"partDirections":null},{"Deformation":null,"compliance":0.0,"holdPartIDs":[],"installPartIDs":[96],"partDirections":null},{"Deformation":null,"compliance":0.0,"holdPartIDs":[],"installPartIDs":[61],"partDirections":null},{"Deformation":null,"compliance":0.0,"holdPartIDs":[],"installPartIDs":[28],"partDirections":null},{"Deformation":null,"compliance":0.0,"holdPartIDs":[],"installPartIDs":[13],"partDirections":null},{"Deformation":null,"compliance":0.0,"holdPartIDs":[],"installPartIDs":[32],"partDirections":null},{"Deformation":null,"compliance":0.0,"holdPartIDs":[],"installPartIDs":[97],"partDirections":null},{"Deformation":null,"compliance":0.0,"holdPartIDs":[],"installPartIDs":[74],"partDirections":null},{"Deformation":null,"compliance":0.0,"holdPartIDs":[],"installPartIDs":[95],"partDirections":null},{"Deformation":null,"compliance":0.0,"holdPartIDs":[],"installPartIDs":[27],"partDirections":null},{"Deformation":null,"compliance":0.0,"holdPartIDs":[],"installPartIDs":[54],"partDirections":null},{"Deformation":null,"compliance":0.0,"holdPartIDs":[],"installPartIDs":[104],"partDirections":null},{"Deformation":null,"compliance":0.0,"holdPartIDs":[],"installPartIDs":[101],"partDirections":null},{"Deformation":null,"compliance":0.0,"holdPartIDs":[],"installPartIDs":[102],"partDirections":null},{"Deformation":null,"compliance":0.0,"holdPartIDs":[],"installPartIDs":[76],"partDirections":null},{"Deformation":null,"compliance":0.0,"holdPartIDs":[],"installPartIDs":[100],"partDirections":null},{"Deformation":null,"compliance":0.0,"holdPartIDs":[],"installPartIDs":[75],"partDirections":null},{"Deformation":null,"compliance":0.0,"holdPartIDs":[],"installPartIDs":[106],"partDirections":null},{"Deformation":null,"compliance":0.0,"holdPartIDs":[],"installPartIDs":[107],"partDirections":null},{"Deformation":null,"compliance":0.0,"holdPartIDs":[],"installPartIDs":[80],"partDirections":null},{"Deformation":null,"compliance":0.0,"holdPartIDs":[],"installPartIDs":[81],"partDirections":null},{"Deformation":null,"compliance":0.0,"holdPartIDs":[],"installPartIDs":[105],"partDirections":null},{"Deformation":null,"compliance":0.0,"holdPartIDs":[],"installPartIDs":[92],"partDirections":null},{"Deformation":null,"compliance":0.0,"holdPartIDs":[],"installPartIDs":[79],"partDirections":null},{"Deformation":null,"compliance":0.0,"holdPartIDs":[],"installPartIDs":[93],"partDirections":null},{"Deformation":null,"compliance":0.0,"holdPartIDs":[],"installPartIDs":[108],"partDirections":null},{"Deformation":null,"compliance":0.0,"holdPartIDs":[],"installPartIDs":[91],"partDirections":null},{"Deformation":null,"compliance":0.0,"holdPartIDs":[],"installPartIDs":[103],"partDirections":null},{"Deformation":null,"compliance":0.0,"holdPartIDs":[],"installPartIDs":[51],"partDirections":null},{"Deformation":null,"compliance":0.0,"holdPartIDs":[],"installPartIDs":[94],"partDirections":null},{"Deformation":null,"compliance":0.0,"holdPartIDs":[],"installPartIDs":[99],"partDirections":null},{"Deformation":null,"compliance":0.0,"holdPartIDs":[],"installPartIDs":[98],"partDirections":null},{"Deformation":null,"compliance":0.0,"holdPartIDs":[],"installPartIDs":[26],"partDirections":null},{"Deformation":null,"compliance":0.0,"holdPartIDs":[],"installPartIDs":[3],"partDirections":null},{"Deformation":null,"compliance":0.0,"holdPartIDs":[],"installPartIDs":[38],"partDirections":null},{"Deformation":null,"compliance":0.0,"holdPartIDs":[],"installPartIDs":[14],"partDirections":null},{"Deformation":null,"compliance":0.0,"holdPartIDs":[],"installPartIDs":[35],"partDirections":null},{"Deformation":null,"compliance":0.0,"holdPartIDs":[],"installPartIDs":[87],"partDirections":null},{"Deformation":null,"compliance":0.0,"holdPartIDs":[],"installPartIDs":[5],"partDirections":null},{"Deformation":null,"compliance":0.0,"holdPartIDs":[],"installPartIDs":[7],"partDirections":null},{"Deformation":null,"compliance":0.0,"holdPartIDs":[],"installPartIDs":[42],"partDirections":null},{"Deformation":null,"compliance":0.0,"holdPartIDs":[],"installPartIDs":[37],"partDirections":null},{"Deformation":null,"compliance":0.0,"holdPartIDs":[],"installPartIDs":[31],"partDirections":null},{"Deformation":null,"compliance":0.0,"holdPartIDs":[],"installPartIDs":[10],"partDirections":null},{"Deformation":null,"compliance":0.0,"holdPartIDs":[],"installPartIDs":[22],"partDirections":null},{"Deformation":null,"compliance":0.0,"holdPartIDs":[],"installPartIDs":[43],"partDirections":null},{"Deformation":null,"compliance":0.0,"holdPartIDs":[],"installPartIDs":[9],"partDirections":null},{"Deformation":null,"compliance":0.0,"holdPartIDs":[],"installPartIDs":[12],"partDirections":null},{"Deformation":null,"compliance":0.0,"holdPartIDs":[],"installPartIDs":[46],"partDirections":null},{"Deformation":null,"compliance":0.0,"holdPartIDs":[],"installPartIDs":[23],"partDirections":null},{"Deformation":null,"compliance":0.0,"holdPartIDs":[],"installPartIDs":[89],"partDirections":null},{"Deformation":null,"compliance":0.0,"holdPartIDs":[],"installPartIDs":[17],"partDirections":null},{"Deformation":null,"compliance":0.0,"holdPartIDs":[],"installPartIDs":[24],"partDirections":null},{"Deformation":null,"compliance":0.0,"holdPartIDs":[],"installPartIDs":[15],"partDirections":null},{"Deformation":null,"compliance":0.0,"holdPartIDs":[],"installPartIDs":[16],"partDirections":null},{"Deformation":null,"compliance":0.0,"holdPartIDs":[],"installPartIDs":[2],"partDirections":null},{"Deformation":null,"compliance":0.0,"holdPartIDs":[],"installPartIDs":[78],"partDirections":null},{"Deformation":null,"compliance":0.0,"holdPartIDs":[],"installPartIDs":[36],"partDirections":null},{"Deformation":null,"compliance":0.0,"holdPartIDs":[],"installPartIDs":[77],"partDirections":null},{"Deformation":null,"compliance":0.0,"holdPartIDs":[],"installPartIDs":[19],"partDirections":null},{"Deformation":null,"compliance":0.0,"holdPartIDs":[],"installPartIDs":[21],"partDirections":null},{"Deformation":null,"compliance":0.0,"holdPartIDs":[],"installPartIDs":[30],"partDirections":null},{"Deformation":null,"compliance":0.0,"holdPartIDs":[],"installPartIDs":[11],"partDirections":null},{"Deformation":null,"compliance":0.0,"holdPartIDs":[],"installPartIDs":[4],"partDirections":null},{"Deformation":null,"compliance":0.0,"holdPartIDs":[],"installPartIDs":[6],"partDirections":null},{"Deformation":null,"compliance":0.0,"holdPartIDs":[],"installPartIDs":[90],"partDirections":null},{"Deformation":null,"compliance":0.0,"holdPartIDs":[],"installPartIDs":[8],"partDirections":null},{"Deformation":null,"compliance":0.0,"holdPartIDs":[],"installPartIDs":[0],"partDirections":null},{"Deformation":null,"compliance":0.0,"holdPartIDs":[],"installPartIDs":[83],"partDirections":null},{"Deformation":null,"compliance":0.0,"holdPartIDs":[],"installPartIDs":[88],"partDirections":null}],"benchmark_compliance":0.0003232753945755294,"benchmark_time":13.916412541,"cross_secs":[{"A":7.853981633974483e-05}],"elements":[{"end_node_inds":[0,1]},{"end_node_inds":[0,2]},{"end_node_inds":[0,3]},{"end_node_inds":[2,3]},{"end_node_inds":[0,4]},{"end_node_inds":[3,4]},{"end_node_inds":[0,5]},{"end_node_inds":[4,5]},{"end_node_inds":[0,6]},{"end_node_inds":[1,6]},{"end_node_inds":[5,6]},{"end_node_inds":[0,7]},{"end_node_inds":[1,7]},{"end_node_inds":[2,8]},{"end_node_inds":[3,9]},{"end_node_inds":[4,9]},{"end_node_inds":[1,10]},{"end_node_inds":[6,10]},{"end_node_inds":[0,11]},{"end_node_inds":[7,11]},{"end_node_inds":[0,12]},{"end_node_inds":[1,13]},{"end_node_inds":[6,13]},{"end_node_inds":[7,13]},{"end_node_inds":[10,13]},{"end_node_inds":[12,13]},{"end_node_inds":[0,14]},{"end_node_inds":[2,14]},{"end_node_inds":[8,14]},{"end_node_inds":[12,14]},{"end_node_inds":[2,15]},{"end_node_inds":[3,15]},{"end_node_inds":[8,15]},{"end_node_inds":[12,15]},{"end_node_inds":[14,15]},{"end_node_inds":[3,16]},{"end_node_inds":[4,16]},{"end_node_inds":[5,16]},{"end_node_inds":[9,16]},{"end_node_inds":[12,16]},{"end_node_inds":[13,16]},{"end_node_inds":[15,16]},{"end_node_inds":[5,17]},{"end_node_inds":[6,17]},{"end_node_inds":[13,17]},{"end_node_inds":[16,17]},{"end_node_inds":[7,18]},{"end_node_inds":[11,18]},{"end_node_inds":[12,18]},{"end_node_inds":[13,18]},{"end_node_inds":[12,19]},{"end_node_inds":[13,19]},{"end_node_inds":[12,20]},{"end_node_inds":[13,20]},{"end_node_inds":[19,20]},{"end_node_inds":[13,21]},{"end_node_inds":[19,21]},{"end_node_inds":[13,22]},{"end_node_inds":[19,22]},{"end_node_inds":[21,22]},{"end_node_inds":[13,23]},{"end_node_inds":[19,23]},{"end_node_inds":[20,23]},{"end_node_inds":[22,23]},{"end_node_inds":[19,24]},{"end_node_inds":[13,25]},{"end_node_inds":[19,25]},{"end_node_inds":[24,25]},{"end_node_inds":[13,26]},{"end_node_inds":[25,26]},{"end_node_inds":[18,27]},{"end_node_inds":[19,27]},{"end_node_inds":[19,28]},{"end_node_inds":[24,28]},{"end_node_inds":[25,29]},{"end_node_inds":[13,30]},{"end_node_inds":[26,30]},{"end_node_inds":[1,31]},{"end_node_inds":[7,31]},{"end_node_inds":[13,31]},{"end_node_inds":[18,31]},{"end_node_inds":[27,31]},{"end_node_inds":[0,32]},{"end_node_inds":[7,32]},{"end_node_inds":[19,32]},{"end_node_inds":[27,32]},{"end_node_inds":[28,32]},{"end_node_inds":[31,32]},{"end_node_inds":[0,33]},{"end_node_inds":[1,33]},{"end_node_inds":[28,33]},{"end_node_inds":[30,33]},{"end_node_inds":[31,33]},{"end_node_inds":[32,33]},{"end_node_inds":[24,34]},{"end_node_inds":[25,34]},{"end_node_inds":[28,34]},{"end_node_inds":[29,34]},{"end_node_inds":[33,34]},{"end_node_inds":[25,35]},{"end_node_inds":[26,35]},{"end_node_inds":[29,35]},{"end_node_inds":[30,35]},{"end_node_inds":[33,35]},{"end_node_inds":[34,35]},{"end_node_inds":[13,36]},{"end_node_inds":[30,36]},{"end_node_inds":[31,36]},{"end_node_inds":[33,36]}],"materials":[{"E":129000000.0,"G12":46071428.57142857,"density":58.0}],"nodes":[{"is_grounded":0,"node_ind":0,"point":[0.02897868576313149,0.0724613792168259,0.14028641190706145]},{"is_grounded":0,"node_ind":1,"point":[0.0,0.06585689816906308,2.9567619940431515]},{"is_grounded":0,"node_ind":2,"point":[0.0027598702128792635,0.1332954816755131,0.526416294617798]},{"is_grounded":0,"node_ind":3,"point":[0.0027598702128792635,0.1332954816755131,1.0485846407677408]},{"is_grounded":0,"node_ind":4,"point":[0.0027598702128792635,0.1332954816755131,1.6638527067973172]},{"is_grounded":0,"node_ind":5,"point":[0.08020252162622947,0.28592847940400445,2.0954523930019016]},{"is_grounded":0,"node_ind":6,"point":[0.0027598702128792635,0.1332954816755131,2.554372291127056]},{"is_grounded":0,"node_ind":7,"point":[0.07635653863072421,0.08243287571868751,3.0]},{"is_grounded":0,"node_ind":8,"point":[0.15741659988967655,0.4589846138348847,0.598963716377137]},{"is_grounded":0,"node_ind":9,"point":[0.15278998550989967,0.43629664860109346,1.3625723850192832]},{"is_grounded":0,"node_ind":10,"point":[0.15483305355044452,0.4393784283593099,2.8903698637428934]},{"is_grounded":1,"node_ind":11,"point":[0.2354769970662869,0.474724223953297,0.0]},{"is_grounded":1,"node_ind":12,"point":[0.3946051469271247,0.8352381096815317,0.013685711994188238]},{"is_grounded":0,"node_ind":13,"point":[0.41883020545845745,0.8631196311458279,2.6219255061952125]},{"is_grounded":0,"node_ind":14,"point":[0.38914268603708785,0.861984173276088,0.4197011451520853]},{"is_grounded":0,"node_ind":15,"point":[0.38800266402246664,0.8625834556542054,0.9182265400011845]},{"is_grounded":0,"node_ind":16,"point":[0.38783980373466365,0.8626690674225078,1.578112602873716]},{"is_grounded":0,"node_ind":17,"point":[0.38832838459807273,0.8624122321176004,2.2214393901286917]},{"is_grounded":0,"node_ind":18,"point":[0.41490118001387005,0.7529452294398785,3.0]},{"is_grounded":0,"node_ind":19,"point":[0.4234827627434922,0.9198459117212727,0.6008179603106728]},{"is_grounded":0,"node_ind":20,"point":[0.4112213329941993,0.9464692152213351,2.779781966390572]},{"is_grounded":0,"node_ind":21,"point":[0.41490116597642124,0.9487691283820349,1.196484126202038]},{"is_grounded":0,"node_ind":22,"point":[0.41490116597642124,0.9487691283820349,1.6159851002127916]},{"is_grounded":0,"node_ind":23,"point":[0.41490116597642124,0.9487691283820349,2.1127625493033957]},{"is_grounded":0,"node_ind":24,"point":[0.4406596599532035,0.861984173276088,0.8568653322168256]},{"is_grounded":0,"node_ind":25,"point":[0.4406596599532035,0.861984173276088,1.366890202503347]},{"is_grounded":0,"node_ind":26,"point":[0.4406596599532035,0.861984173276088,1.9254888323597037]},{"is_grounded":1,"node_ind":27,"point":[0.5943253297321799,0.474724223953297,1.3073392971641241e-17]},{"is_grounded":0,"node_ind":28,"point":[0.7497141077586539,0.29614004775519887,0.5626900054974675]},{"is_grounded":0,"node_ind":29,"point":[0.6770123740791703,0.43629664860109346,1.3625723850192832]},{"is_grounded":0,"node_ind":30,"point":[0.7495998236238057,0.28592847940400445,2.0954523930019016]},{"is_grounded":0,"node_ind":31,"point":[0.7372065191164519,0.2721864176631603,2.8971171319653237]},{"is_grounded":0,"node_ind":32,"point":[0.8008236710431238,0.0724613792168259,0.14028641190706145]},{"is_grounded":0,"node_ind":33,"point":[0.8325622094586151,0.0,3.0]},{"is_grounded":0,"node_ind":34,"point":[0.8270424599852821,0.1332954816755131,1.0485846407677408]},{"is_grounded":0,"node_ind":35,"point":[0.8270424599852821,0.1332954816755131,1.6638527067973172]},{"is_grounded":0,"node_ind":36,"point":[0.8270424599852821,0.1332954816755131,2.4410334345727467]}]}