{"assembly_sequence":[{"Deformation":null,"compliance":0.0,"holdPartIDs":[],"installPartIDs":[27],"partDirections":null},{"Deformation":null,"compliance":0.0,"holdPartIDs":[],"installPartIDs":[20],"partDirections":null},{"Deformation":null,"compliance":0.0,"holdPartIDs":[],"installPartIDs":[42],"partDirections":null},{"Deformation":null,"compliance":0.0,"holdPartIDs":[],"installPartIDs":[30],"partDirections":null},{"Deformation":null,"compliance":0.0,"holdPartIDs":[],"installPartIDs":[22],"partDirections":null},{"Deformation":null,"compliance":0.0,"holdPartIDs":[],"installPartIDs":[18],"partDirections":null},{"Deformation":null,"compliance":0.0,"holdPartIDs":[],"installPartIDs":[50],"partDirections":null},{"Deformation":null,"compliance":0.0,"holdPartIDs":[],"installPartIDs":[43],"partDirections":null},{"Deformation":null,"compliance":0.0,"holdPartIDs":[],"installPartIDs":[19],"partDirections":null},{"Deformation":null,"compliance":0.0,"holdPartIDs":[],"installPartIDs":[12],"partDirections":null},{"Deformation":null,"compliance":0.0,"holdPartIDs":[],"installPartIDs":[29],"partDirections":null},{"Deformation":null,"compliance":0.0,"holdPartIDs":[],"installPartIDs":[13],"partDirections":null},{"Deformation":null,"compliance":0.0,"holdPartIDs":[],"installPartIDs":[35],"partDirections":null},{"Deformation":null,"compliance":0.0,"holdPartIDs":[],"installPartIDs":[21],"partDirections":null},{"Deformation":null,"compliance":0.0,"holdPartIDs":[],"installPartIDs":[14],"partDirections":null},{"Deformation":null,"compliance":0.0,"holdPartIDs":[],"installPartIDs":[51],"partDirections":null},{"Deformation":null,"compliance":0.0,"holdPartIDs":[],"installPartIDs":[5],"partDirections":null},{"Deformation":null,"compliance":0.0,"holdPartIDs":[],"installPartIDs":[34],"partDirections":null},{"Deformation":null,"compliance":0.0,"holdPartIDs":[],"installPartIDs":[6],"partDirections":null},{"Deformation":null,"compliance":0.0,"holdPartIDs":[],"installPartIDs":[38],"partDirections":null},{"Deformation":null,"compliance":0.0,"holdPartIDs":[],"installPartIDs":[56],"partDirections":null},{"Deformation":null,"compliance":0.0,"holdPartIDs":[],"installPartIDs":[46],"partDirections":null},{"Deformation":null,"compliance":0.0,"holdPartIDs":[],"installPartIDs":[53],"partDirections":null},{"Deformation":null,"compliance":0.0,"holdPartIDs":[],"installPartIDs":[37],"partDirections":null},{"Deformation":null,"compliance":0.0,"holdPartIDs":[],"installPartIDs":[47],"partDirections":null},{"Deformation":null,"compliance":0.0,"holdPartIDs":[],"installPartIDs":[55],"partDirections":null},{"Deformation":null,"compliance":0.0,"holdPartIDs":[],"installPartIDs":[41],"partDirections":null},{"Deformation":null,"compliance":0.0,"holdPartIDs":[],"installPartIDs":[49],"partDirections":null},{"Deformation":null,"compliance":0.0,"holdPartIDs":[],"installPartIDs":[54],"partDirections":null},{"Deformation":null,"compliance":0.0,"holdPartIDs":[],"installPartIDs":[33],"partDirections":null},{"Deformation":null,"compliance":0.0,"holdPartIDs":[],"installPartIDs":[26],"partDirections":null},{"Deformation":null,"compliance":0.0,"holdPartIDs":[],"installPartIDs":[48],"partDirections":null},{"Deformation":null,"compliance":0.0,"holdPartIDs":[],"installPartIDs":[24],"partDirections":null},{"Deformation":null,"compliance":0.0,"holdPartIDs":[],"installPartIDs":[17],"partDirections":null},{"Deformation":null,"compliance":0.0,"holdPartIDs":[],"installPartIDs":[25],"partDirections":null},{"Deformation":null,"compliance":0.0,"holdPartIDs":[],"installPartIDs":[16],"partDirections":null},{"Deformation":null,"compliance":0.0,"holdPartIDs":[],"installPartIDs":[9],"partDirections":null},{"Deformation":null,"compliance":0.0,"holdPartIDs":[],"installPartIDs":[32],"partDirections":null},{"Deformation":null,"compliance":0.0,"holdPartIDs":[],"installPartIDs":[10],"partDirections":null},{"Deformation":null,"compliance":0.0,"holdPartIDs":[],"installPartIDs":[23],"partDirections":null},{"Deformation":null,"compliance":0.0,"holdPartIDs":[],"installPartIDs":[11],"partDirections":null},{"Deformation":null,"compliance":0.0,"holdPartIDs":[],"installPartIDs":[2],"partDirections":null},{"Deformation":null,"compliance":0.0,"holdPartIDs":[],"installPartIDs":[3],"partDirections":null},{"Deformation":null,"compliance":0.0,"holdPartIDs":[],"installPartIDs":[1],"partDirections":null},{"Deformation":null,"compliance":0.0,"holdPartIDs":[],"installPartIDs":[0],"partDirections":null},{"Deformation":null,"compliance":0.0,"holdPartIDs":[],"installPartIDs":[7],"partDirections":null},{"Deformation":null,"compliance":0.0,"holdPartIDs":[],"installPartIDs":[4],"partDirections":null},{"Deformation":null,"compliance":0.0,"holdPartIDs":[],"installPartIDs":[8],"partDirections":null},{"Deformation":null,"compliance":0.0,"holdPartIDs":[],"installPartIDs":[45],"partDirections":null},{"Deformation":null,"compliance":0.0,"holdPartIDs":[],"installPartIDs":[52],"partDirections":null},{"Deformation":null,"compliance":0.0,"holdPartIDs":[],"installPartIDs":[15],"partDirections":null},{"Deformation":null,"compliance":0.0,"holdPartIDs":[],"installPartIDs":[31],"partDirections":null},{"Deformation":null,"compliance":0.0,"holdPartIDs":[],"installPartIDs":[28],"partDirections":null},{"Deformation":null,"compliance":0.0,"holdPartIDs":[],"installPartIDs":[39],"partDirections":null},{"Deformation":null,"compliance":0.0,"holdPartIDs":[],"installPartIDs":[36],"partDirections":null},{"Deformation":null,"compliance":0.0,"holdPartIDs":[],"installPartIDs":[40],"partDirections":null},{"Deformation":null,"compliance":0.0,"holdPartIDs":[],"installPartIDs":[44],"partDirections":null}],"benchmark_compliance":0.00014365993551130766,"benchmark_time":2.488221958,"cross_secs":[{"A":7.853981633974483e-05}],"elements":[{"end_node_inds":[0,4]},{"end_node_inds":[1,4]},{"end_node_inds":[0,5]},{"end_node_inds":[4,5]},{"end_node_inds":[4,7]},{"end_node_inds":[1,8]},{"end_node_inds":[2,8]},{"end_node_inds":[4,8]},{"end_node_inds":[7,8]},{"end_node_inds":[0,9]},{"end_node_inds":[3,9]},{"end_node_inds":[5,9]},{"end_node_inds":[2,10]},{"end_node_inds":[6,10]},{"end_node_inds":[8,10]},{"end_node_inds":[9,11]},{"end_node_inds":[9,12]},{"end_node_inds":[11,12]},{"end_node_inds":[6,13]},{"end_node_inds":[10,13]},{"end_node_inds":[6,14]},{"end_node_inds":[10,14]},{"end_node_inds":[13,14]},{"end_node_inds":[9,15]},{"end_node_inds":[12,15]},{"end_node_inds":[12,16]},{"end_node_inds":[15,16]},{"end_node_inds":[14,17]},{"end_node_inds":[8,18]},{"end_node_inds":[10,18]},{"end_node_inds":[14,18]},{"end_node_inds":[5,19]},{"end_node_inds":[9,19]},{"end_node_inds":[15,19]},{"end_node_inds":[8,20]},{"end_node_inds":[18,20]},{"end_node_inds":[7,21]},{"end_node_inds":[8,21]},{"end_node_inds":[20,21]},{"end_node_inds":[4,22]},{"end_node_inds":[5,22]},{"end_node_inds":[19,22]},{"end_node_inds":[14,23]},{"end_node_inds":[18,23]},{"end_node_inds":[4,24]},{"end_node_inds":[7,24]},{"end_node_inds":[21,24]},{"end_node_inds":[22,24]},{"end_node_inds":[15,25]},{"end_node_inds":[19,25]},{"end_node_inds":[18,26]},{"end_node_inds":[20,26]},{"end_node_inds":[21,26]},{"end_node_inds":[24,26]},{"end_node_inds":[19,27]},{"end_node_inds":[22,27]},{"end_node_inds":[24,27]}],"materials":[{"E":129000000.0,"G12":46071428.57142857,"density":58.0}],"nodes":[{"is_grounded":1,"node_ind":0,"point":[0.033852643259307515,0.43988280117265877,2.583303022328455e-08]},{"is_grounded":1,"node_ind":1,"point":[0.0,2.4323332657272214,9.629232994688171e-08]},{"is_grounded":1,"node_ind":2,"point":[0.1319844517116359,2.7541012046738733,1.0332962337808187e-07]},{"is_grounded":1,"node_ind":3,"point":[0.24589854389843666,0.13198528980393692,6.209077210091303e-08]},{"is_grounded":0,"node_ind":4,"point":[0.2317299545083499,1.2444270031034559,0.815093080398161]},{"is_grounded":0,"node_ind":5,"point":[0.26954145049996403,0.8525276359626665,0.9179088230296534]},{"is_grounded":1,"node_ind":6,"point":[0.4398799935634512,2.966147356740693,7.461716781792613e-08]},{"is_grounded":0,"node_ind":7,"point":[0.3797989986866047,1.4613754012628797,1.308220762817331]},{"is_grounded":0,"node_ind":8,"point":[0.3944005010534821,2.1680606847968384,1.3158004041096363]},{"is_grounded":0,"node_ind":9,"point":[0.5095687582643759,0.6447299261638065,1.317653300963888]},{"is_grounded":0,"node_ind":10,"point":[0.5758848735653956,2.5438687760122902,1.172283409483484]},{"is_grounded":1,"node_ind":11,"point":[0.5676653933250977,0.0,0.0]},{"is_grounded":0,"node_ind":12,"point":[0.9764596173605792,0.3807126466452005,1.3216048742425408]},{"is_grounded":0,"node_ind":13,"point":[0.8319252562048164,2.7676010383125518,0.8859615629733838]},{"is_grounded":0,"node_ind":14,"point":[1.2280913008323933,2.7262412094593804,0.9661926365444784]},{"is_grounded":0,"node_ind":15,"point":[1.3703576496036662,0.4899536828289976,1.3229269124662542]},{"is_grounded":1,"node_ind":16,"point":[1.5544092454990255,0.033852643259307515,3.9552768805534086e-08]},{"is_grounded":1,"node_ind":17,"point":[1.4266238457373788,3.0000000000000004,1.144562205724841e-07]},{"is_grounded":0,"node_ind":18,"point":[1.4853299668911637,2.4504539134091416,1.2357208157219077]},{"is_grounded":0,"node_ind":19,"point":[1.5739305442578606,0.777485564383927,1.3090180869202215]},{"is_grounded":0,"node_ind":20,"point":[1.6162084117648046,2.1041630192191327,1.320352397679792]},{"is_grounded":0,"node_ind":21,"point":[1.6292981553824175,1.4782963826731543,1.311842159649007]},{"is_grounded":0,"node_ind":22,"point":[1.731091037461888,0.8518057968853977,0.9136400391812006]},{"is_grounded":1,"node_ind":23,"point":[1.74839069516404,2.8680155482883642,6.484191064930362e-08]},{"is_grounded":0,"node_ind":24,"point":[1.762660156819641,1.2210674273541595,0.8058601972810274]},{"is_grounded":1,"node_ind":25,"point":[1.8623047873508407,0.245898795326127,4.499108269791966e-08]},{"is_grounded":1,"node_ind":26,"point":[1.960436595803169,2.5601197131042444,9.304639846595587e-08]},{"is_grounded":1,"node_ind":27,"point":[1.9942892390624767,0.567666734272779,2.306694010824799e-08]}]}