{"assembly_sequence":[{"Deformation":null,"compliance":0.0,"holdPartIDs":[],"installPartIDs":[18],"partDirections":null},{"Deformation":null,"compliance":0.0,"holdPartIDs":[],"installPartIDs":[13],"partDirections":null},{"Deformation":null,"compliance":0.0,"holdPartIDs":[],"installPartIDs":[39],"partDirections":null},{"Deformation":null,"compliance":0.0,"holdPartIDs":[],"installPartIDs":[11],"partDirections":null},{"Deformation":null,"compliance":0.0,"holdPartIDs":[],"installPartIDs":[7],"partDirections":null},{"Deformation":null,"compliance":0.0,"holdPartIDs":[],"installPartIDs":[17],"partDirections":null},{"Deformation":null,"compliance":0.0,"holdPartIDs":[],"installPartIDs":[35],"partDirections":null},{"Deformation":null,"compliance":0.0,"holdPartIDs":[],"installPartIDs":[38],"partDirections":null},{"Deformation":null,"compliance":0.0,"holdPartIDs":[],"installPartIDs":[42],"partDirections":null},{"Deformation":null,"compliance":0.0,"holdPartIDs":[],"installPartIDs":[19],"partDirections":null},{"Deformation":null,"compliance":0.0,"holdPartIDs":[],"installPartIDs":[40],"partDirections":null},{"Deformation":null,"compliance":0.0,"holdPartIDs":[],"installPartIDs":[21],"partDirections":null},{"Deformation":null,"compliance":0.0,"holdPartIDs":[],"installPartIDs":[12],"partDirections":null},{"Deformation":null,"compliance":0.0,"holdPartIDs":[],"installPartIDs":[20],"partDirections":null},{"Deformation":null,"compliance":0.0,"holdPartIDs":[],"installPartIDs":[3],"partDirections":null},{"Deformation":null,"compliance":0.0,"holdPartIDs":[],"installPartIDs":[37],"partDirections":null},{"Deformation":null,"compliance":0.0,"holdPartIDs":[],"installPartIDs":[25],"partDirections":null},{"Deformation":null,"compliance":0.0,"holdPartIDs":[],"installPartIDs":[30],"partDirections":null},{"Deformation":null,"compliance":0.0,"holdPartIDs":[],"installPartIDs":[24],"partDirections":null},{"Deformation":null,"compliance":0.0,"holdPartIDs":[],"installPartIDs":[34],"partDirections":null},{"Deformation":null,"compliance":0.0,"holdPartIDs":[],"installPartIDs":[41],"partDirections":null},{"Deformation":null,"compliance":0.0,"holdPartIDs":[],"installPartIDs":[16],"partDirections":null},{"Deformation":null,"compliance":0.0,"holdPartIDs":[],"installPartIDs":[33],"partDirections":null},{"Deformation":null,"compliance":0.0,"holdPartIDs":[],"installPartIDs":[36],"partDirections":null},{"Deformation":null,"compliance":0.0,"holdPartIDs":[],"installPartIDs":[15],"partDirections":null},{"Deformation":null,"compliance":0.0,"holdPartIDs":[],"installPartIDs":[14],"partDirections":null},{"Deformation":null,"compliance":0.0,"holdPartIDs":[],"installPartIDs":[8],"partDirections":null},{"Deformation":null,"compliance":0.0,"holdPartIDs":[],"installPartIDs":[32],"partDirections":null},{"Deformation":null,"compliance":0.0,"holdPartIDs":[],"installPartIDs":[26],"partDirections":null},{"Deformation":null,"compliance":0.0,"holdPartIDs":[],"installPartIDs":[10],"partDirections":null},{"Deformation":null,"compliance":0.0,"holdPartIDs":[],"installPartIDs":[23],"partDirections":null},{"Deformation":null,"compliance":0.0,"holdPartIDs":[],"installPartIDs":[29],"partDirections":null},{"Deformation":null,"compliance":0.0,"holdPartIDs":[],"installPartIDs":[6],"partDirections":null},{"Deformation":null,"compliance":0.0,"holdPartIDs":[],"installPartIDs":[2],"partDirections":null},{"Deformation":null,"compliance":0.0,"holdPartIDs":[],"installPartIDs":[0],"partDirections":null},{"Deformation":null,"compliance":0.0,"holdPartIDs":[],"installPartIDs":[5],"partDirections":null},{"Deformation":null,"compliance":0.0,"holdPartIDs":[],"installPartIDs":[22],"partDirections":null},{"Deformation":null,"compliance":0.0,"holdPartIDs":[],"installPartIDs":[28],"partDirections":null},{"Deformation":null,"compliance":0.0,"holdPartIDs":[],"installPartIDs":[31],"partDirections":null},{"Deformation":null,"compliance":0.0,"holdPartIDs":[],"installPartIDs":[27],"partDirections":null},{"Deformation":null,"compliance":0.0,"holdPartIDs":[],"installPartIDs":[9],"partDirections":null},{"Deformation":null,"compliance":0.0,"holdPartIDs":[],"installPartIDs":[1],"partDirections":null},{"Deformation":null,"compliance":0.0,"holdPartIDs":[],"installPartIDs":[4],"partDirections":null}],"benchmark_compliance":0.00010064446181714959,"benchmark_time":3.191710542,"cross_secs":[{"A":7.853981633974483e-05}],"elements":[{"end_node_inds":[0,1]},{"end_node_inds":[0,2]},{"end_node_inds":[1,2]},{"end_node_inds":[0,3]},{"end_node_inds":[1,3]},{"end_node_inds":[1,4]},{"end_node_inds":[3,4]},{"end_node_inds":[0,5]},{"end_node_inds":[2,5]},{"end_node_inds":[3,5]},{"end_node_inds":[4,5]},{"end_node_inds":[0,6]},{"end_node_inds":[3,6]},{"end_node_inds":[5,6]},{"end_node_inds":[2,7]},{"end_node_inds":[4,7]},{"end_node_inds":[5,7]},{"end_node_inds":[0,8]},{"end_node_inds":[6,8]},{"end_node_inds":[0,9]},{"end_node_inds":[3,9]},{"end_node_inds":[8,9]},{"end_node_inds":[1,10]},{"end_node_inds":[4,10]},{"end_node_inds":[9,10]},{"end_node_inds":[3,11]},{"end_node_inds":[4,11]},{"end_node_inds":[6,11]},{"end_node_inds":[7,11]},{"end_node_inds":[9,11]},{"end_node_inds":[10,11]},{"end_node_inds":[1,12]},{"end_node_inds":[2,12]},{"end_node_inds":[7,12]},{"end_node_inds":[10,12]},{"end_node_inds":[6,13]},{"end_node_inds":[7,13]},{"end_node_inds":[11,13]},{"end_node_inds":[12,13]},{"end_node_inds":[6,14]},{"end_node_inds":[9,14]},{"end_node_inds":[10,14]},{"end_node_inds":[13,14]}],"materials":[{"E":129000000.0,"G12":46071428.57142857,"density":58.0}],"nodes":[{"is_grounded":0,"node_ind":0,"point":[0.051522081529803525,0.34506438654375515,0.6461234136275322]},{"is_grounded":0,"node_ind":1,"point":[0.02266194246063693,1.2496784557383054,0.9744960753259572]},{"is_grounded":0,"node_ind":2,"point":[0.07613636408451506,1.7859759841311595,0.16006300353349193]},{"is_grounded":0,"node_ind":3,"point":[0.45070297784755026,0.48906808863527307,2.8047977028685906]},{"is_grounded":0,"node_ind":4,"point":[0.1869433176209875,1.3665158025380337,3.0]},{"is_grounded":1,"node_ind":5,"point":[0.0,0.9726032683219337,0.0]},{"is_grounded":0,"node_ind":6,"point":[0.4317273809122323,0.5108192124597293,1.02115429389383]},{"is_grounded":0,"node_ind":7,"point":[0.2097496277992633,1.3887913362163853,0.9035548786168679]},{"is_grounded":1,"node_ind":8,"point":[0.7139366521283331,0.0,0.0]},{"is_grounded":0,"node_ind":9,"point":[0.7716922296465238,0.4985337243670093,1.1404959861463613]},{"is_grounded":0,"node_ind":10,"point":[0.8661039124455439,1.2472292354995729,1.1428030751601108]},{"is_grounded":0,"node_ind":11,"point":[0.8743636557681979,1.160970331251892,2.5201921543500556]},{"is_grounded":1,"node_ind":12,"point":[1.088973725844692,1.7150174105222245,0.0]},{"is_grounded":0,"node_ind":13,"point":[0.9219928083576113,1.0862821527681976,1.007804469827718]},{"is_grounded":1,"node_ind":14,"point":[1.434857886047719,0.7473501696340726,0.0]}]}