{"assembly_sequence":[{"Deformation":null,"compliance":0.0,"holdPartIDs":[],"installPartIDs":[7],"partDirections":null},{"Deformation":null,"compliance":0.0,"holdPartIDs":[],"installPartIDs":[29],"partDirections":null},{"Deformation":null,"compliance":0.0,"holdPartIDs":[],"installPartIDs":[15],"partDirections":null},{"Deformation":null,"compliance":0.0,"holdPartIDs":[],"installPartIDs":[13],"partDirections":null},{"Deformation":null,"compliance":0.0,"holdPartIDs":[],"installPartIDs":[6],"partDirections":null},{"Deformation":null,"compliance":0.0,"holdPartIDs":[],"installPartIDs":[28],"partDirections":null},{"Deformation":null,"compliance":0.0,"holdPartIDs":[],"installPartIDs":[27],"partDirections":null},{"Deformation":null,"compliance":0.0,"holdPartIDs":[],"installPartIDs":[0],"partDirections":null},{"Deformation":null,"compliance":0.0,"holdPartIDs":[],"installPartIDs":[5],"partDirections":null},{"Deformation":null,"compliance":0.0,"holdPartIDs":[],"installPartIDs":[14],"partDirections":null},{"Deformation":null,"compliance":0.0,"holdPartIDs":[],"installPartIDs":[3],"partDirections":null},{"Deformation":null,"compliance":0.0,"holdPartIDs":[],"installPartIDs":[10],"partDirections":null},{"Deformation":null,"compliance":0.0,"holdPartIDs":[],"installPartIDs":[8],"partDirections":null},{"Deformation":null,"compliance":0.0,"holdPartIDs":[],"installPartIDs":[21],"partDirections":null},{"Deformation":null,"compliance":0.0,"holdPartIDs":[],"installPartIDs":[2],"partDirections":null},{"Deformation":null,"compliance":0.0,"holdPartIDs":[],"installPartIDs":[1],"partDirections":null},{"Deformation":null,"compliance":0.0,"holdPartIDs":[],"installPartIDs":[9],"partDirections":null},{"Deformation":null,"compliance":0.0,"holdPartIDs":[],"installPartIDs":[33],"partDirections":null},{"Deformation":null,"compliance":0.0,"holdPartIDs":[],"installPartIDs":[35],"partDirections":null},{"Deformation":null,"compliance":0.0,"holdPartIDs":[],"installPartIDs":[22],"partDirections":null},{"Deformation":null,"compliance":0.0,"holdPartIDs":[],"installPartIDs":[31],"partDirections":null},{"Deformation":null,"compliance":0.0,"holdPartIDs":[],"installPartIDs":[17],"partDirections":null},{"Deformation":null,"compliance":0.0,"holdPartIDs":[],"installPartIDs":[37],"partDirections":null},{"Deformation":null,"compliance":0.0,"holdPartIDs":[],"installPartIDs":[36],"partDirections":null},{"Deformation":null,"compliance":0.0,"holdPartIDs":[],"installPartIDs":[38],"partDirections":null},{"Deformation":null,"compliance":0.0,"holdPartIDs":[],"installPartIDs":[39],"partDirections":null},{"Deformation":null,"compliance":0.0,"holdPartIDs":[],"installPartIDs":[30],"partDirections":null},{"Deformation":null,"compliance":0.0,"holdPartIDs":[],"installPartIDs":[20],"partDirections":null},{"Deformation":null,"compliance":0.0,"holdPartIDs":[],"installPartIDs":[12],"partDirections":null},{"Deformation":null,"compliance":0.0,"holdPartIDs":[],"installPartIDs":[19],"partDirections":null},{"Deformation":null,"compliance":0.0,"holdPartIDs":[],"installPartIDs":[11],"partDirections":null},{"Deformation":null,"compliance":0.0,"holdPartIDs":[],"installPartIDs":[18],"partDirections":null},{"Deformation":null,"compliance":0.0,"holdPartIDs":[],"installPartIDs":[16],"partDirections":null},{"Deformation":null,"compliance":0.0,"holdPartIDs":[],"installPartIDs":[24],"partDirections":null},{"Deformation":null,"compliance":0.0,"holdPartIDs":[],"installPartIDs":[34],"partDirections":null},{"Deformation":null,"compliance":0.0,"holdPartIDs":[],"installPartIDs":[26],"partDirections":null},{"Deformation":null,"compliance":0.0,"holdPartIDs":[],"installPartIDs":[25],"partDirections":null},{"Deformation":null,"compliance":0.0,"holdPartIDs":[],"installPartIDs":[4],"partDirections":null},{"Deformation":null,"compliance":0.0,"holdPartIDs":[],"installPartIDs":[23],"partDirections":null},{"Deformation":null,"compliance":0.0,"holdPartIDs":[],"installPartIDs":[32],"partDirections":null}],"benchmark_compliance":0.000796798279749624,"benchmark_time":0.830263459,"cross_secs":[{"A":7.853981633974483e-05}],"elements":[{"end_node_inds":[0,1]},{"end_node_inds":[0,2]},{"end_node_inds":[0,3]},{"end_node_inds":[1,3]},{"end_node_inds":[2,3]},{"end_node_inds":[0,4]},{"end_node_inds":[1,4]},{"end_node_inds":[1,5]},{"end_node_inds":[0,6]},{"end_node_inds":[2,6]},{"end_node_inds":[4,6]},{"end_node_inds":[2,7]},{"end_node_inds":[3,7]},{"end_node_inds":[1,8]},{"end_node_inds":[3,8]},{"end_node_inds":[5,8]},{"end_node_inds":[2,9]},{"end_node_inds":[6,9]},{"end_node_inds":[2,10]},{"end_node_inds":[7,10]},{"end_node_inds":[9,10]},{"end_node_inds":[6,11]},{"end_node_inds":[9,11]},{"end_node_inds":[3,13]},{"end_node_inds":[7,13]},{"end_node_inds":[8,13]},{"end_node_inds":[10,13]},{"end_node_inds":[5,14]},{"end_node_inds":[8,14]},{"end_node_inds":[12,14]},{"end_node_inds":[8,15]},{"end_node_inds":[9,15]},{"end_node_inds":[10,15]},{"end_node_inds":[12,15]},{"end_node_inds":[13,15]},{"end_node_inds":[14,15]},{"end_node_inds":[9,16]},{"end_node_inds":[11,16]},{"end_node_inds":[12,16]},{"end_node_inds":[15,16]}],"materials":[{"E":129000000.0,"G12":46071428.57142857,"density":58.0}],"nodes":[{"is_grounded":0,"node_ind":0,"point":[0.0,0.9594908768918569,1.2928131149792925]},{"is_grounded":0,"node_ind":1,"point":[0.10976672773584693,1.7106544483819612,0.9157324783570646]},{"is_grounded":0,"node_ind":2,"point":[0.32413836832534554,0.4974129469554071,2.013982296456229]},{"is_grounded":0,"node_ind":3,"point":[0.6071796632554338,2.0561340146815805,2.013982296456229]},{"is_grounded":1,"node_ind":4,"point":[0.5515477283623523,0.6698941785885035,0.1304605834153593]},{"is_grounded":1,"node_ind":5,"point":[0.7708710586034906,1.8137780184908032,0.1269469345631732]},{"is_grounded":0,"node_ind":6,"point":[0.6696179363668175,0.0,0.9157324783570646]},{"is_grounded":0,"node_ind":7,"point":[0.8951709396885548,1.2987163912185684,3.0]},{"is_grounded":0,"node_ind":8,"point":[1.069257617888,2.3802723866125346,1.2928131149792925]},{"is_grounded":0,"node_ind":9,"point":[1.7360733160397197,0.017122669905820415,1.4848320910031536]},{"is_grounded":0,"node_ind":10,"point":[1.4897803871300046,0.46062175408608724,2.667557877629514]},{"is_grounded":1,"node_ind":11,"point":[1.6846419469968157,0.6928328299232416,0.0]},{"is_grounded":1,"node_ind":12,"point":[1.8274027483225408,1.6258924377259307,0.05537726306959784]},{"is_grounded":0,"node_ind":13,"point":[1.813009250000306,1.452686114856828,2.768725244098423]},{"is_grounded":0,"node_ind":14,"point":[1.8204211725203263,2.2705056543689994,0.9157324783570646]},{"is_grounded":0,"node_ind":15,"point":[2.363149696378775,1.6263065832009072,1.4848320910031536]},{"is_grounded":0,"node_ind":16,"point":[2.380272358266112,0.5598512075040487,0.9157324783570646]}]}