{"assembly_sequence":[{"Deformation":null,"compliance":0.0,"holdPartIDs":[],"installPartIDs":[],"partDirections":null},{"Deformation":null,"compliance":0.0,"holdPartIDs":[],"installPartIDs":[61],"partDirections":null},{"Deformation":null,"compliance":0.0,"holdPartIDs":[],"installPartIDs":[43],"partDirections":null},{"Deformation":null,"compliance":0.0,"holdPartIDs":[],"installPartIDs":[29],"partDirections":null},{"Deformation":null,"compliance":0.0,"holdPartIDs":[],"installPartIDs":[54],"partDirections":null},{"Deformation":null,"compliance":0.0,"holdPartIDs":[],"installPartIDs":[10],"partDirections":null},{"Deformation":null,"compliance":0.0,"holdPartIDs":[],"installPartIDs":[7],"partDirections":null},{"Deformation":null,"compliance":0.0,"holdPartIDs":[],"installPartIDs":[],"partDirections":null},{"Deformation":null,"compliance":0.0,"holdPartIDs":[],"installPartIDs":[50],"partDirections":null},{"Deformation":null,"compliance":0.0,"holdPartIDs":[],"installPartIDs":[37],"partDirections":null},{"Deformation":null,"compliance":0.0,"holdPartIDs":[],"installPartIDs":[26],"partDirections":null},{"Deformation":null,"compliance":0.0,"holdPartIDs":[],"installPartIDs":[32],"partDirections":null},{"Deformation":null,"compliance":0.0,"holdPartIDs":[],"installPartIDs":[22],"partDirections":null},{"Deformation":null,"compliance":0.0,"holdPartIDs":[],"installPartIDs":[17],"partDirections":null},{"Deformation":null,"compliance":0.0,"holdPartIDs":[],"installPartIDs":[],"partDirections":null},{"Deformation":null,"compliance":0.0,"holdPartIDs":[],"installPartIDs":[0],"partDirections":null},{"Deformation":null,"compliance":0.0,"holdPartIDs":[],"installPartIDs":[1],"partDirections":null},{"Deformation":null,"compliance":0.0,"holdPartIDs":[],"installPartIDs":[21],"partDirections":null},{"Deformation":null,"compliance":0.0,"holdPartIDs":[],"installPartIDs":[27],"partDirections":null},{"Deformation":null,"compliance":0.0,"holdPartIDs":[],"installPartIDs":[9],"partDirections":null},{"Deformation":null,"compliance":0.0,"holdPartIDs":[],"installPartIDs":[34],"partDirections":null},{"Deformation":null,"compliance":0.0,"holdPartIDs":[],"installPartIDs":[36],"partDirections":null},{"Deformation":null,"compliance":0.0,"holdPartIDs":[],"installPartIDs":[25],"partDirections":null},{"Deformation":null,"compliance":0.0,"holdPartIDs":[],"installPartIDs":[],"partDirections":null},{"Deformation":null,"compliance":0.0,"holdPartIDs":[],"installPartIDs":[30],"partDirections":null},{"Deformation":null,"compliance":0.0,"holdPartIDs":[],"installPartIDs":[52],"partDirections":null},{"Deformation":null,"compliance":0.0,"holdPartIDs":[],"installPartIDs":[35],"partDirections":null},{"Deformation":null,"compliance":0.0,"holdPartIDs":[],"installPartIDs":[28],"partDirections":null},{"Deformation":null,"compliance":0.0,"holdPartIDs":[],"installPartIDs":[33],"partDirections":null},{"Deformation":null,"compliance":0.0,"holdPartIDs":[],"installPartIDs":[57],"partDirections":null},{"Deformation":null,"compliance":0.0,"holdPartIDs":[],"installPartIDs":[],"partDirections":null},{"Deformation":null,"compliance":0.0,"holdPartIDs":[],"installPartIDs":[31],"partDirections":null},{"Deformation":null,"compliance":0.0,"holdPartIDs":[],"installPartIDs":[8],"partDirections":null},{"Deformation":null,"compliance":0.0,"holdPartIDs":[],"installPartIDs":[24],"partDirections":null},{"Deformation":null,"compliance":0.0,"holdPartIDs":[],"installPartIDs":[5],"partDirections":null},{"Deformation":null,"compliance":0.0,"holdPartIDs":[],"installPartIDs":[18],"partDirections":null},{"Deformation":null,"compliance":0.0,"holdPartIDs":[],"installPartIDs":[41],"partDirections":null},{"Deformation":null,"compliance":0.0,"holdPartIDs":[],"installPartIDs":[],"partDirections":null},{"Deformation":null,"compliance":0.0,"holdPartIDs":[],"installPartIDs":[48],"partDirections":null},{"Deformation":null,"compliance":0.0,"holdPartIDs":[],"installPartIDs":[3],"partDirections":null},{"Deformation":null,"compliance":0.0,"holdPartIDs":[],"installPartIDs":[2],"partDirections":null},{"Deformation":null,"compliance":0.0,"holdPartIDs":[],"installPartIDs":[51],"partDirections":null},{"Deformation":null,"compliance":0.0,"holdPartIDs":[],"installPartIDs":[58],"partDirections":null},{"Deformation":null,"compliance":0.0,"holdPartIDs":[],"installPartIDs":[4],"partDirections":null},{"Deformation":null,"compliance":0.0,"holdPartIDs":[],"installPartIDs":[6],"partDirections":null},{"Deformation":null,"compliance":0.0,"holdPartIDs":[],"installPartIDs":[56],"partDirections":null},{"Deformation":null,"compliance":0.0,"holdPartIDs":[],"installPartIDs":[],"partDirections":null},{"Deformation":null,"compliance":0.0,"holdPartIDs":[],"installPartIDs":[42],"partDirections":null},{"Deformation":null,"compliance":0.0,"holdPartIDs":[],"installPartIDs":[49],"partDirections":null},{"Deformation":null,"compliance":0.0,"holdPartIDs":[],"installPartIDs":[53],"partDirections":null},{"Deformation":null,"compliance":0.0,"holdPartIDs":[],"installPartIDs":[55],"partDirections":null},{"Deformation":null,"compliance":0.0,"holdPartIDs":[],"installPartIDs":[59],"partDirections":null},{"Deformation":null,"compliance":0.0,"holdPartIDs":[],"installPartIDs":[47],"partDirections":null},{"Deformation":null,"compliance":0.0,"holdPartIDs":[],"installPartIDs":[60],"partDirections":null},{"Deformation":null,"compliance":0.0,"holdPartIDs":[],"installPartIDs":[],"partDirections":null},{"Deformation":null,"compliance":0.0,"holdPartIDs":[],"installPartIDs":[19],"partDirections":null},{"Deformation":null,"compliance":0.0,"holdPartIDs":[],"installPartIDs":[12],"partDirections":null},{"Deformation":null,"compliance":0.0,"holdPartIDs":[],"installPartIDs":[11],"partDirections":null},{"Deformation":null,"compliance":0.0,"holdPartIDs":[],"installPartIDs":[15],"partDirections":null},{"Deformation":null,"compliance":0.0,"holdPartIDs":[],"installPartIDs":[23],"partDirections":null},{"Deformation":null,"compliance":0.0,"holdPartIDs":[],"installPartIDs":[16],"partDirections":null},{"Deformation":null,"compliance":0.0,"holdPartIDs":[],"installPartIDs":[20],"partDirections":null},{"Deformation":null,"compliance":0.0,"holdPartIDs":[],"installPartIDs":[],"partDirections":null},{"Deformation":null,"compliance":0.0,"holdPartIDs":[],"installPartIDs":[14],"partDirections":null},{"Deformation":null,"compliance":0.0,"holdPartIDs":[],"installPartIDs":[13],"partDirections":null},{"Deformation":null,"compliance":0.0,"holdPartIDs":[],"installPartIDs":[40],"partDirections":null},{"Deformation":null,"compliance":0.0,"holdPartIDs":[],"installPartIDs":[38],"partDirections":null},{"Deformation":null,"compliance":0.0,"holdPartIDs":[],"installPartIDs":[46],"partDirections":null},{"Deformation":null,"compliance":0.0,"holdPartIDs":[],"installPartIDs":[44],"partDirections":null},{"Deformation":null,"compliance":0.0,"holdPartIDs":[],"installPartIDs":[39],"partDirections":null},{"Deformation":null,"compliance":0.0,"holdPartIDs":[],"installPartIDs":[45],"partDirections":null}],"benchmark_compliance":7.497647870633055e-05,"benchmark_time":11.615934927,"cross_secs":[{"A":7.853981633974483e-05}],"elements":[{"end_node_inds":[0,1]},{"end_node_inds":[1,2]},{"end_node_inds":[1,3]},{"end_node_inds":[2,3]},{"end_node_inds":[1,4]},{"end_node_inds":[1,5]},{"end_node_inds":[3,5]},{"end_node_inds":[4,5]},{"end_node_inds":[5,6]},{"end_node_inds":[5,7]},{"end_node_inds":[6,7]},{"end_node_inds":[3,8]},{"end_node_inds":[5,8]},{"end_node_inds":[7,8]},{"end_node_inds":[7,9]},{"end_node_inds":[8,9]},{"end_node_inds":[9,11]},{"end_node_inds":[10,11]},{"end_node_inds":[11,12]},{"end_node_inds":[8,13]},{"end_node_inds":[9,13]},{"end_node_inds":[11,13]},{"end_node_inds":[12,13]},{"end_node_inds":[9,15]},{"end_node_inds":[10,15]},{"end_node_inds":[11,15]},{"end_node_inds":[14,15]},{"end_node_inds":[13,16]},{"end_node_inds":[13,17]},{"end_node_inds":[16,17]},{"end_node_inds":[14,19]},{"end_node_inds":[15,19]},{"end_node_inds":[18,19]},{"end_node_inds":[17,20]},{"end_node_inds":[17,21]},{"end_node_inds":[18,21]},{"end_node_inds":[19,21]},{"end_node_inds":[20,21]},{"end_node_inds":[7,22]},{"end_node_inds":[7,23]},{"end_node_inds":[9,23]},{"end_node_inds":[15,23]},{"end_node_inds":[19,23]},{"end_node_inds":[22,23]},{"end_node_inds":[2,25]},{"end_node_inds":[3,25]},{"end_node_inds":[8,25]},{"end_node_inds":[13,25]},{"end_node_inds":[17,25]},{"end_node_inds":[21,25]},{"end_node_inds":[24,25]},{"end_node_inds":[23,26]},{"end_node_inds":[19,27]},{"end_node_inds":[23,27]},{"end_node_inds":[26,27]},{"end_node_inds":[27,28]},{"end_node_inds":[19,29]},{"end_node_inds":[21,29]},{"end_node_inds":[24,29]},{"end_node_inds":[25,29]},{"end_node_inds":[27,29]},{"end_node_inds":[28,29]}],"materials":[{"E":129000000.0,"G12":46071428.57142857,"density":58.0}],"nodes":[{"is_grounded":1,"node_ind":0,"point":[0.0,0.4562576289163701,0.0]},{"is_grounded":0,"node_ind":1,"point":[0.03808232720835883,0.5516252642537133,0.3141666930889193]},{"is_grounded":1,"node_ind":2,"point":[0.14375186373484936,0.7439443793721057,0.0]},{"is_grounded":0,"node_ind":3,"point":[0.22067854025421463,0.7819294904985802,0.3141666930889193]},{"is_grounded":1,"node_ind":4,"point":[0.3857854339274552,0.41234099453587947,0.0]},{"is_grounded":0,"node_ind":5,"point":[0.3857854339274552,0.41234099453587947,0.3141666930889193]},{"is_grounded":1,"node_ind":6,"point":[0.5681944682751623,0.2876278110186742,0.0]},{"is_grounded":0,"node_ind":7,"point":[0.5681944682751623,0.2876278110186742,0.3141666930889193]},{"is_grounded":0,"node_ind":8,"point":[1.3344518797535276,0.6135851360190757,0.25526043813474697]},{"is_grounded":0,"node_ind":9,"point":[1.6057524151358191,0.5414601349483203,0.21598960149863203]},{"is_grounded":1,"node_ind":10,"point":[2.2372481945074743,0.46939562423951414,0.0]},{"is_grounded":0,"node_ind":11,"point":[2.2372481945074743,0.46939562423951414,0.3141666930889193]},{"is_grounded":1,"node_ind":12,"point":[2.2830647698083544,0.7051879153333411,0.0]},{"is_grounded":0,"node_ind":13,"point":[2.2830647698083544,0.7051879153333411,0.3141666930889193]},{"is_grounded":1,"node_ind":14,"point":[2.427797306600907,0.30753854844606754,0.0]},{"is_grounded":0,"node_ind":15,"point":[2.427797306600907,0.30753854844606754,0.3141666930889193]},{"is_grounded":1,"node_ind":16,"point":[2.4987744082007035,0.8062578924412851,0.0]},{"is_grounded":0,"node_ind":17,"point":[2.4987744082007035,0.8062578924412851,0.3141666930889193]},{"is_grounded":1,"node_ind":18,"point":[2.687973515375138,0.42166776330796063,0.0]},{"is_grounded":0,"node_ind":19,"point":[2.687973515375138,0.42166776330796063,0.3141666930889193]},{"is_grounded":1,"node_ind":20,"point":[2.693159112224343,0.6749485729053477,0.0]},{"is_grounded":0,"node_ind":21,"point":[2.693159112224343,0.6749485729053477,0.3141666930889193]},{"is_grounded":1,"node_ind":22,"point":[2.6882226183726754,0.0,0.0]},{"is_grounded":0,"node_ind":23,"point":[2.6882226183726754,0.0,0.3141666930889193]},{"is_grounded":1,"node_ind":24,"point":[2.720503290829726,1.1047807075559672,0.0]},{"is_grounded":0,"node_ind":25,"point":[2.720503290829726,1.1047807075559672,0.3141666930889193]},{"is_grounded":1,"node_ind":26,"point":[3.0,0.24296435763718502,0.0]},{"is_grounded":0,"node_ind":27,"point":[3.0,0.24296435763718502,0.3141666930889193]},{"is_grounded":1,"node_ind":28,"point":[3.0,0.8252840982565952,0.0]},{"is_grounded":0,"node_ind":29,"point":[3.0,0.8252840982565952,0.3141666930889193]}],"num_landmark":2}