{"assembly_sequence":[{"Deformation":null,"compliance":0.0,"holdPartIDs":[],"installPartIDs":[],"partDirections":null},{"Deformation":null,"compliance":0.0,"holdPartIDs":[],"installPartIDs":[1],"partDirections":null},{"Deformation":null,"compliance":0.0,"holdPartIDs":[],"installPartIDs":[35],"partDirections":null},{"Deformation":null,"compliance":0.0,"holdPartIDs":[],"installPartIDs":[9],"partDirections":null},{"Deformation":null,"compliance":0.0,"holdPartIDs":[],"installPartIDs":[31],"partDirections":null},{"Deformation":null,"compliance":0.0,"holdPartIDs":[],"installPartIDs":[70],"partDirections":null},{"Deformation":null,"compliance":0.0,"holdPartIDs":[],"installPartIDs":[65],"partDirections":null},{"Deformation":null,"compliance":0.0,"holdPartIDs":[],"installPartIDs":[6],"partDirections":null},{"Deformation":null,"compliance":0.0,"holdPartIDs":[],"installPartIDs":[],"partDirections":null},{"Deformation":null,"compliance":0.0,"holdPartIDs":[],"installPartIDs":[0],"partDirections":null},{"Deformation":null,"compliance":0.0,"holdPartIDs":[],"installPartIDs":[45],"partDirections":null},{"Deformation":null,"compliance":0.0,"holdPartIDs":[],"installPartIDs":[12],"partDirections":null},{"Deformation":null,"compliance":0.0,"holdPartIDs":[],"installPartIDs":[60],"partDirections":null},{"Deformation":null,"compliance":0.0,"holdPartIDs":[],"installPartIDs":[7],"partDirections":null},{"Deformation":null,"compliance":0.0,"holdPartIDs":[],"installPartIDs":[2],"partDirections":null},{"Deformation":null,"compliance":0.0,"holdPartIDs":[],"installPartIDs":[8],"partDirections":null},{"Deformation":null,"compliance":0.0,"holdPartIDs":[],"installPartIDs":[],"partDirections":null},{"Deformation":null,"compliance":0.0,"holdPartIDs":[],"installPartIDs":[11],"partDirections":null},{"Deformation":null,"compliance":0.0,"holdPartIDs":[],"installPartIDs":[32],"partDirections":null},{"Deformation":null,"compliance":0.0,"holdPartIDs":[],"installPartIDs":[10],"partDirections":null},{"Deformation":null,"compliance":0.0,"holdPartIDs":[],"installPartIDs":[61],"partDirections":null},{"Deformation":null,"compliance":0.0,"holdPartIDs":[],"installPartIDs":[4],"partDirections":null},{"Deformation":null,"compliance":0.0,"holdPartIDs":[],"installPartIDs":[33],"partDirections":null},{"Deformation":null,"compliance":0.0,"holdPartIDs":[],"installPartIDs":[57],"partDirections":null},{"Deformation":null,"compliance":0.0,"holdPartIDs":[],"installPartIDs":[62],"partDirections":null},{"Deformation":null,"compliance":0.0,"holdPartIDs":[],"installPartIDs":[29],"partDirections":null},{"Deformation":null,"compliance":0.0,"holdPartIDs":[],"installPartIDs":[],"partDirections":null},{"Deformation":null,"compliance":0.0,"holdPartIDs":[],"installPartIDs":[56],"partDirections":null},{"Deformation":null,"compliance":0.0,"holdPartIDs":[],"installPartIDs":[64],"partDirections":null},{"Deformation":null,"compliance":0.0,"holdPartIDs":[],"installPartIDs":[30],"partDirections":null},{"Deformation":null,"compliance":0.0,"holdPartIDs":[],"installPartIDs":[42],"partDirections":null},{"Deformation":null,"compliance":0.0,"holdPartIDs":[],"installPartIDs":[40],"partDirections":null},{"Deformation":null,"compliance":0.0,"holdPartIDs":[],"installPartIDs":[3],"partDirections":null},{"Deformation":null,"compliance":0.0,"holdPartIDs":[],"installPartIDs":[14],"partDirections":null},{"Deformation":null,"compliance":0.0,"holdPartIDs":[],"installPartIDs":[],"partDirections":null},{"Deformation":null,"compliance":0.0,"holdPartIDs":[],"installPartIDs":[18],"partDirections":null},{"Deformation":null,"compliance":0.0,"holdPartIDs":[],"installPartIDs":[13],"partDirections":null},{"Deformation":null,"compliance":0.0,"holdPartIDs":[],"installPartIDs":[15],"partDirections":null},{"Deformation":null,"compliance":0.0,"holdPartIDs":[],"installPartIDs":[44],"partDirections":null},{"Deformation":null,"compliance":0.0,"holdPartIDs":[],"installPartIDs":[58],"partDirections":null},{"Deformation":null,"compliance":0.0,"holdPartIDs":[],"installPartIDs":[5],"partDirections":null},{"Deformation":null,"compliance":0.0,"holdPartIDs":[],"installPartIDs":[63],"partDirections":null},{"Deformation":null,"compliance":0.0,"holdPartIDs":[],"installPartIDs":[],"partDirections":null},{"Deformation":null,"compliance":0.0,"holdPartIDs":[],"installPartIDs":[17],"partDirections":null},{"Deformation":null,"compliance":0.0,"holdPartIDs":[],"installPartIDs":[54],"partDirections":null},{"Deformation":null,"compliance":0.0,"holdPartIDs":[],"installPartIDs":[48],"partDirections":null},{"Deformation":null,"compliance":0.0,"holdPartIDs":[],"installPartIDs":[55],"partDirections":null},{"Deformation":null,"compliance":0.0,"holdPartIDs":[],"installPartIDs":[20],"partDirections":null},{"Deformation":null,"compliance":0.0,"holdPartIDs":[],"installPartIDs":[41],"partDirections":null},{"Deformation":null,"compliance":0.0,"holdPartIDs":[],"installPartIDs":[59],"partDirections":null},{"Deformation":null,"compliance":0.0,"holdPartIDs":[],"installPartIDs":[34],"partDirections":null},{"Deformation":null,"compliance":0.0,"holdPartIDs":[],"installPartIDs":[43],"partDirections":null},{"Deformation":null,"compliance":0.0,"holdPartIDs":[],"installPartIDs":[],"partDirections":null},{"Deformation":null,"compliance":0.0,"holdPartIDs":[],"installPartIDs":[23],"partDirections":null},{"Deformation":null,"compliance":0.0,"holdPartIDs":[],"installPartIDs":[47],"partDirections":null},{"Deformation":null,"compliance":0.0,"holdPartIDs":[],"installPartIDs":[26],"partDirections":null},{"Deformation":null,"compliance":0.0,"holdPartIDs":[],"installPartIDs":[51],"partDirections":null},{"Deformation":null,"compliance":0.0,"holdPartIDs":[],"installPartIDs":[28],"partDirections":null},{"Deformation":null,"compliance":0.0,"holdPartIDs":[],"installPartIDs":[22],"partDirections":null},{"Deformation":null,"compliance":0.0,"holdPartIDs":[],"installPartIDs":[19],"partDirections":null},{"Deformation":null,"compliance":0.0,"holdPartIDs":[],"installPartIDs":[21],"partDirections":null},{"Deformation":null,"compliance":0.0,"holdPartIDs":[],"installPartIDs":[],"partDirections":null},{"Deformation":null,"compliance":0.0,"holdPartIDs":[],"installPartIDs":[46],"partDirections":null},{"Deformation":null,"compliance":0.0,"holdPartIDs":[],"installPartIDs":[25],"partDirections":null},{"Deformation":null,"compliance":0.0,"holdPartIDs":[],"installPartIDs":[36],"partDirections":null},{"Deformation":null,"compliance":0.0,"holdPartIDs":[],"installPartIDs":[39],"partDirections":null},{"Deformation":null,"compliance":0.0,"holdPartIDs":[],"installPartIDs":[53],"partDirections":null},{"Deformation":null,"compliance":0.0,"holdPartIDs":[],"installPartIDs":[50],"partDirections":null},{"Deformation":null,"compliance":0.0,"holdPartIDs":[],"installPartIDs":[16],"partDirections":null},{"Deformation":null,"compliance":0.0,"holdPartIDs":[],"installPartIDs":[24],"partDirections":null},{"Deformation":null,"compliance":0.0,"holdPartIDs":[],"installPartIDs":[],"partDirections":null},{"Deformation":null,"compliance":0.0,"holdPartIDs":[],"installPartIDs":[38],"partDirections":null},{"Deformation":null,"compliance":0.0,"holdPartIDs":[],"installPartIDs":[67],"partDirections":null},{"Deformation":null,"compliance":0.0,"holdPartIDs":[],"installPartIDs":[37],"partDirections":null},{"Deformation":null,"compliance":0.0,"holdPartIDs":[],"installPartIDs":[49],"partDirections":null},{"Deformation":null,"compliance":0.0,"holdPartIDs":[],"installPartIDs":[27],"partDirections":null},{"Deformation":null,"compliance":0.0,"holdPartIDs":[],"installPartIDs":[52],"partDirections":null},{"Deformation":null,"compliance":0.0,"holdPartIDs":[],"installPartIDs":[69],"partDirections":null},{"Deformation":null,"compliance":0.0,"holdPartIDs":[],"installPartIDs":[66],"partDirections":null},{"Deformation":null,"compliance":0.0,"holdPartIDs":[],"installPartIDs":[68],"partDirections":null}],"benchmark_compliance":0.00017168767452207533,"benchmark_time":16.877143094,"cross_secs":[{"A":7.853981633974483e-05}],"elements":[{"end_node_inds":[0,1]},{"end_node_inds":[2,3]},{"end_node_inds":[1,4]},{"end_node_inds":[3,4]},{"end_node_inds":[1,5]},{"end_node_inds":[3,5]},{"end_node_inds":[4,5]},{"end_node_inds":[1,6]},{"end_node_inds":[1,7]},{"end_node_inds":[6,7]},{"end_node_inds":[6,9]},{"end_node_inds":[7,9]},{"end_node_inds":[8,9]},{"end_node_inds":[1,11]},{"end_node_inds":[7,11]},{"end_node_inds":[9,11]},{"end_node_inds":[10,11]},{"end_node_inds":[1,12]},{"end_node_inds":[5,12]},{"end_node_inds":[10,12]},{"end_node_inds":[11,12]},{"end_node_inds":[10,13]},{"end_node_inds":[10,14]},{"end_node_inds":[11,14]},{"end_node_inds":[13,14]},{"end_node_inds":[10,15]},{"end_node_inds":[12,15]},{"end_node_inds":[13,15]},{"end_node_inds":[14,15]},{"end_node_inds":[2,17]},{"end_node_inds":[3,17]},{"end_node_inds":[16,17]},{"end_node_inds":[9,18]},{"end_node_inds":[9,19]},{"end_node_inds":[11,19]},{"end_node_inds":[18,19]},{"end_node_inds":[14,20]},{"end_node_inds":[14,21]},{"end_node_inds":[15,21]},{"end_node_inds":[20,21]},{"end_node_inds":[17,22]},{"end_node_inds":[3,23]},{"end_node_inds":[5,23]},{"end_node_inds":[12,23]},{"end_node_inds":[17,23]},{"end_node_inds":[22,23]},{"end_node_inds":[11,24]},{"end_node_inds":[14,24]},{"end_node_inds":[19,24]},{"end_node_inds":[20,24]},{"end_node_inds":[12,25]},{"end_node_inds":[15,25]},{"end_node_inds":[20,25]},{"end_node_inds":[21,25]},{"end_node_inds":[23,25]},{"end_node_inds":[24,25]},{"end_node_inds":[18,27]},{"end_node_inds":[19,27]},{"end_node_inds":[24,27]},{"end_node_inds":[25,27]},{"end_node_inds":[26,27]},{"end_node_inds":[23,28]},{"end_node_inds":[23,29]},{"end_node_inds":[25,29]},{"end_node_inds":[27,29]},{"end_node_inds":[28,29]},{"end_node_inds":[26,31]},{"end_node_inds":[27,31]},{"end_node_inds":[28,31]},{"end_node_inds":[29,31]},{"end_node_inds":[30,31]}],"materials":[{"E":129000000.0,"G12":46071428.57142857,"density":58.0}],"nodes":[{"is_grounded":1,"node_ind":0,"point":[0.0,0.4681785119569866,0.0]},{"is_grounded":0,"node_ind":1,"point":[0.0,0.4681785119569866,0.21760485199115348]},{"is_grounded":1,"node_ind":2,"point":[0.022643091994534868,1.4930552121027654,0.0]},{"is_grounded":0,"node_ind":3,"point":[0.022643091994534868,1.4930552121027654,0.21760485199115348]},{"is_grounded":1,"node_ind":4,"point":[0.09432381656214929,0.7622613281502767,0.0]},{"is_grounded":0,"node_ind":5,"point":[0.09432381656214929,0.7622613281502767,0.21760485199115348]},{"is_grounded":1,"node_ind":6,"point":[0.05871144489759635,0.2483399973463052,0.0]},{"is_grounded":0,"node_ind":7,"point":[0.05871144489759635,0.2483399973463052,0.21760485199115348]},{"is_grounded":1,"node_ind":8,"point":[0.23669151909211392,0.06763625023339659,0.0]},{"is_grounded":0,"node_ind":9,"point":[0.23669151909211392,0.06763625023339659,0.21760485199115348]},{"is_grounded":0,"node_ind":10,"point":[0.26594047178956853,0.5018419131047859,0.841451358419936]},{"is_grounded":0,"node_ind":11,"point":[0.2692802882330859,0.3753588574798135,0.21760485199115348]},{"is_grounded":0,"node_ind":12,"point":[0.27372951638482235,0.6110243779340703,0.21760485199115348]},{"is_grounded":0,"node_ind":13,"point":[0.33581400508123727,0.3235217525627872,0.9626292968122764]},{"is_grounded":0,"node_ind":14,"point":[0.481354611105168,0.3133414669006043,0.43784506806778883]},{"is_grounded":0,"node_ind":15,"point":[0.481354611105168,0.6507156206541118,0.43784506806778883]},{"is_grounded":1,"node_ind":16,"point":[0.4477806843264463,1.5961167762967972,0.0]},{"is_grounded":0,"node_ind":17,"point":[0.4477806843264463,1.5961167762967972,0.21760485199115348]},{"is_grounded":1,"node_ind":18,"point":[0.5632166936793043,0.0,0.0]},{"is_grounded":0,"node_ind":19,"point":[0.5632166936793043,0.0,0.21760485199115348]},{"is_grounded":0,"node_ind":20,"point":[0.6902450823582239,0.33568477226919446,0.8871546894632412]},{"is_grounded":0,"node_ind":21,"point":[0.7132041738038274,0.560887311561525,0.8852402816258107]},{"is_grounded":1,"node_ind":22,"point":[0.6966158800756542,0.9308037100309009,1.4761872872630491e-16]},{"is_grounded":0,"node_ind":23,"point":[0.6966158800756542,0.9308037100309009,0.21760485199115348]},{"is_grounded":0,"node_ind":24,"point":[0.7065638040388015,0.3387102335229628,0.21760485199115348]},{"is_grounded":0,"node_ind":25,"point":[0.7265659468210893,0.5612701538097188,0.21760485199115348]},{"is_grounded":1,"node_ind":26,"point":[0.9139177386206495,0.1930883233725367,5.236253590453678e-17]},{"is_grounded":0,"node_ind":27,"point":[0.9139177386206495,0.1930883233725367,0.21760485199115348]},{"is_grounded":1,"node_ind":28,"point":[0.9441808890618317,0.7203423870877922,1.6459424661065819e-16]},{"is_grounded":0,"node_ind":29,"point":[0.9441808890618317,0.7203423870877922,0.21760485199115348]},{"is_grounded":1,"node_ind":30,"point":[3.0,0.33391834539733195,3.3218613353955305e-16]},{"is_grounded":0,"node_ind":31,"point":[3.0,0.33391834539733195,0.21760485199115348]}],"num_landmark":2}