{"assembly_sequence":[{"Deformation":null,"compliance":0.0,"holdPartIDs":[],"installPartIDs":[],"partDirections":null},{"Deformation":null,"compliance":0.0,"holdPartIDs":[],"installPartIDs":[23],"partDirections":null},{"Deformation":null,"compliance":0.0,"holdPartIDs":[],"installPartIDs":[27],"partDirections":null},{"Deformation":null,"compliance":0.0,"holdPartIDs":[],"installPartIDs":[29],"partDirections":null},{"Deformation":null,"compliance":0.0,"holdPartIDs":[],"installPartIDs":[19],"partDirections":null},{"Deformation":null,"compliance":0.0,"holdPartIDs":[],"installPartIDs":[22],"partDirections":null},{"Deformation":null,"compliance":0.0,"holdPartIDs":[],"installPartIDs":[18],"partDirections":null},{"Deformation":null,"compliance":0.0,"holdPartIDs":[],"installPartIDs":[8],"partDirections":null},{"Deformation":null,"compliance":0.0,"holdPartIDs":[],"installPartIDs":[21],"partDirections":null},{"Deformation":null,"compliance":0.0,"holdPartIDs":[],"installPartIDs":[25],"partDirections":null},{"Deformation":null,"compliance":0.0,"holdPartIDs":[],"installPartIDs":[28],"partDirections":null},{"Deformation":null,"compliance":0.0,"holdPartIDs":[],"installPartIDs":[],"partDirections":null},{"Deformation":null,"compliance":0.0,"holdPartIDs":[],"installPartIDs":[20],"partDirections":null},{"Deformation":null,"compliance":0.0,"holdPartIDs":[],"installPartIDs":[7],"partDirections":null},{"Deformation":null,"compliance":0.0,"holdPartIDs":[],"installPartIDs":[15],"partDirections":null},{"Deformation":null,"compliance":0.0,"holdPartIDs":[],"installPartIDs":[13],"partDirections":null},{"Deformation":null,"compliance":0.0,"holdPartIDs":[],"installPartIDs":[12],"partDirections":null},{"Deformation":null,"compliance":0.0,"holdPartIDs":[],"installPartIDs":[26],"partDirections":null},{"Deformation":null,"compliance":0.0,"holdPartIDs":[],"installPartIDs":[1],"partDirections":null},{"Deformation":null,"compliance":0.0,"holdPartIDs":[],"installPartIDs":[5],"partDirections":null},{"Deformation":null,"compliance":0.0,"holdPartIDs":[],"installPartIDs":[0],"partDirections":null},{"Deformation":null,"compliance":0.0,"holdPartIDs":[],"installPartIDs":[14],"partDirections":null},{"Deformation":null,"compliance":0.0,"holdPartIDs":[],"installPartIDs":[],"partDirections":null},{"Deformation":null,"compliance":0.0,"holdPartIDs":[],"installPartIDs":[24],"partDirections":null},{"Deformation":null,"compliance":0.0,"holdPartIDs":[],"installPartIDs":[9],"partDirections":null},{"Deformation":null,"compliance":0.0,"holdPartIDs":[],"installPartIDs":[10],"partDirections":null},{"Deformation":null,"compliance":0.0,"holdPartIDs":[],"installPartIDs":[3],"partDirections":null},{"Deformation":null,"compliance":0.0,"holdPartIDs":[],"installPartIDs":[6],"partDirections":null},{"Deformation":null,"compliance":0.0,"holdPartIDs":[],"installPartIDs":[2],"partDirections":null},{"Deformation":null,"compliance":0.0,"holdPartIDs":[],"installPartIDs":[17],"partDirections":null},{"Deformation":null,"compliance":0.0,"holdPartIDs":[],"installPartIDs":[11],"partDirections":null},{"Deformation":null,"compliance":0.0,"holdPartIDs":[],"installPartIDs":[4],"partDirections":null},{"Deformation":null,"compliance":0.0,"holdPartIDs":[],"installPartIDs":[16],"partDirections":null}],"benchmark_compliance":2.8872236883636832e-05,"benchmark_time":4.161149868000001,"cross_secs":[{"A":7.853981633974483e-05}],"elements":[{"end_node_inds":[0,3]},{"end_node_inds":[1,3]},{"end_node_inds":[0,4]},{"end_node_inds":[2,4]},{"end_node_inds":[3,4]},{"end_node_inds":[3,5]},{"end_node_inds":[4,6]},{"end_node_inds":[0,7]},{"end_node_inds":[1,7]},{"end_node_inds":[2,7]},{"end_node_inds":[3,7]},{"end_node_inds":[4,7]},{"end_node_inds":[5,7]},{"end_node_inds":[6,7]},{"end_node_inds":[3,8]},{"end_node_inds":[7,8]},{"end_node_inds":[3,9]},{"end_node_inds":[4,9]},{"end_node_inds":[7,9]},{"end_node_inds":[7,10]},{"end_node_inds":[7,11]},{"end_node_inds":[10,11]},{"end_node_inds":[7,12]},{"end_node_inds":[10,12]},{"end_node_inds":[7,13]},{"end_node_inds":[11,13]},{"end_node_inds":[7,14]},{"end_node_inds":[12,14]},{"end_node_inds":[11,15]},{"end_node_inds":[12,16]}],"materials":[{"E":129000000.0,"G12":46071428.57142857,"density":58.0}],"nodes":[{"is_grounded":1,"node_ind":0,"point":[0.01670606035332326,1.439003644258826,0.0834412706092612]},{"is_grounded":1,"node_ind":1,"point":[0.0,0.5053547533162357,0.06783843138964325]},{"is_grounded":1,"node_ind":2,"point":[0.0,2.4946452466837643,0.06783843138964325]},{"is_grounded":0,"node_ind":3,"point":[0.6531375958329099,0.754689393981166,0.12617948238473645]},{"is_grounded":0,"node_ind":4,"point":[0.6531375958329099,2.245310606018834,0.12617948238473645]},{"is_grounded":1,"node_ind":5,"point":[0.8753001009392443,0.0,0.06783843138964325]},{"is_grounded":1,"node_ind":6,"point":[0.8753001009392443,3.0,0.06783843138964325]},{"is_grounded":0,"node_ind":7,"point":[1.222916993286101,1.4624001260904784,0.34190569420380196]},{"is_grounded":1,"node_ind":8,"point":[1.6163900846784265,0.540805576271302,0.09768734120108627]},{"is_grounded":1,"node_ind":9,"point":[1.6163900846784265,2.4591944237286985,0.09768734120108627]},{"is_grounded":1,"node_ind":10,"point":[1.8500538116146084,1.5496705396730652,0.0]},{"is_grounded":0,"node_ind":11,"point":[2.124085103778907,1.19277635108431,0.16823930984631524]},{"is_grounded":0,"node_ind":12,"point":[2.124085103778907,1.80722364891569,0.16823930984631524]},{"is_grounded":1,"node_ind":13,"point":[2.3155841983040872,0.5053547533162357,0.06783843138964325]},{"is_grounded":1,"node_ind":14,"point":[2.3155841983040872,2.4946452466837643,0.06783843138964325]},{"is_grounded":1,"node_ind":15,"point":[2.772887389680058,1.2199117236401673,0.0542707451117146]},{"is_grounded":1,"node_ind":16,"point":[2.772887389680058,1.780088276359833,0.0542707451117146]}],"num_landmark":2}