{"assembly_sequence":[{"Deformation":null,"compliance":0.0,"holdPartIDs":[],"installPartIDs":[],"partDirections":null},{"Deformation":null,"compliance":0.0,"holdPartIDs":[],"installPartIDs":[31],"partDirections":null},{"Deformation":null,"compliance":0.0,"holdPartIDs":[],"installPartIDs":[30],"partDirections":null},{"Deformation":null,"compliance":0.0,"holdPartIDs":[],"installPartIDs":[33],"partDirections":null},{"Deformation":null,"compliance":0.0,"holdPartIDs":[],"installPartIDs":[3],"partDirections":null},{"Deformation":null,"compliance":0.0,"holdPartIDs":[],"installPartIDs":[32],"partDirections":null},{"Deformation":null,"compliance":0.0,"holdPartIDs":[],"installPartIDs":[22],"partDirections":null},{"Deformation":null,"compliance":0.0,"holdPartIDs":[],"installPartIDs":[21],"partDirections":null},{"Deformation":null,"compliance":0.0,"holdPartIDs":[],"installPartIDs":[29],"partDirections":null},{"Deformation":null,"compliance":0.0,"holdPartIDs":[],"installPartIDs":[6],"partDirections":null},{"Deformation":null,"compliance":0.0,"holdPartIDs":[],"installPartIDs":[16],"partDirections":null},{"Deformation":null,"compliance":0.0,"holdPartIDs":[],"installPartIDs":[14],"partDirections":null},{"Deformation":null,"compliance":0.0,"holdPartIDs":[],"installPartIDs":[23],"partDirections":null},{"Deformation":null,"compliance":0.0,"holdPartIDs":[],"installPartIDs":[4],"partDirections":null},{"Deformation":null,"compliance":0.0,"holdPartIDs":[],"installPartIDs":[],"partDirections":null},{"Deformation":null,"compliance":0.0,"holdPartIDs":[],"installPartIDs":[27],"partDirections":null},{"Deformation":null,"compliance":0.0,"holdPartIDs":[],"installPartIDs":[0],"partDirections":null},{"Deformation":null,"compliance":0.0,"holdPartIDs":[],"installPartIDs":[1],"partDirections":null},{"Deformation":null,"compliance":0.0,"holdPartIDs":[],"installPartIDs":[17],"partDirections":null},{"Deformation":null,"compliance":0.0,"holdPartIDs":[],"installPartIDs":[18],"partDirections":null},{"Deformation":null,"compliance":0.0,"holdPartIDs":[],"installPartIDs":[10],"partDirections":null},{"Deformation":null,"compliance":0.0,"holdPartIDs":[],"installPartIDs":[12],"partDirections":null},{"Deformation":null,"compliance":0.0,"holdPartIDs":[],"installPartIDs":[26],"partDirections":null},{"Deformation":null,"compliance":0.0,"holdPartIDs":[],"installPartIDs":[37],"partDirections":null},{"Deformation":null,"compliance":0.0,"holdPartIDs":[],"installPartIDs":[36],"partDirections":null},{"Deformation":null,"compliance":0.0,"holdPartIDs":[],"installPartIDs":[38],"partDirections":null},{"Deformation":null,"compliance":0.0,"holdPartIDs":[],"installPartIDs":[11],"partDirections":null},{"Deformation":null,"compliance":0.0,"holdPartIDs":[],"installPartIDs":[28],"partDirections":null},{"Deformation":null,"compliance":0.0,"holdPartIDs":[],"installPartIDs":[],"partDirections":null},{"Deformation":null,"compliance":0.0,"holdPartIDs":[],"installPartIDs":[24],"partDirections":null},{"Deformation":null,"compliance":0.0,"holdPartIDs":[],"installPartIDs":[5],"partDirections":null},{"Deformation":null,"compliance":0.0,"holdPartIDs":[],"installPartIDs":[15],"partDirections":null},{"Deformation":null,"compliance":0.0,"holdPartIDs":[],"installPartIDs":[13],"partDirections":null},{"Deformation":null,"compliance":0.0,"holdPartIDs":[],"installPartIDs":[9],"partDirections":null},{"Deformation":null,"compliance":0.0,"holdPartIDs":[],"installPartIDs":[7],"partDirections":null},{"Deformation":null,"compliance":0.0,"holdPartIDs":[],"installPartIDs":[20],"partDirections":null},{"Deformation":null,"compliance":0.0,"holdPartIDs":[],"installPartIDs":[2],"partDirections":null},{"Deformation":null,"compliance":0.0,"holdPartIDs":[],"installPartIDs":[8],"partDirections":null},{"Deformation":null,"compliance":0.0,"holdPartIDs":[],"installPartIDs":[19],"partDirections":null},{"Deformation":null,"compliance":0.0,"holdPartIDs":[],"installPartIDs":[34],"partDirections":null},{"Deformation":null,"compliance":0.0,"holdPartIDs":[],"installPartIDs":[25],"partDirections":null},{"Deformation":null,"compliance":0.0,"holdPartIDs":[],"installPartIDs":[35],"partDirections":null}],"benchmark_compliance":0.00019400665561059268,"benchmark_time":87.136792906,"cross_secs":[{"A":7.853981633974483e-05}],"elements":[{"end_node_inds":[0,1]},{"end_node_inds":[1,2]},{"end_node_inds":[1,3]},{"end_node_inds":[2,3]},{"end_node_inds":[0,4]},{"end_node_inds":[1,4]},{"end_node_inds":[2,4]},{"end_node_inds":[2,5]},{"end_node_inds":[3,5]},{"end_node_inds":[4,5]},{"end_node_inds":[1,6]},{"end_node_inds":[1,7]},{"end_node_inds":[6,7]},{"end_node_inds":[5,8]},{"end_node_inds":[4,9]},{"end_node_inds":[5,9]},{"end_node_inds":[8,9]},{"end_node_inds":[1,10]},{"end_node_inds":[6,10]},{"end_node_inds":[1,11]},{"end_node_inds":[4,11]},{"end_node_inds":[7,11]},{"end_node_inds":[8,11]},{"end_node_inds":[9,11]},{"end_node_inds":[3,12]},{"end_node_inds":[5,12]},{"end_node_inds":[7,12]},{"end_node_inds":[8,12]},{"end_node_inds":[1,13]},{"end_node_inds":[11,13]},{"end_node_inds":[7,14]},{"end_node_inds":[13,14]},{"end_node_inds":[11,15]},{"end_node_inds":[14,15]},{"end_node_inds":[1,16]},{"end_node_inds":[3,16]},{"end_node_inds":[6,16]},{"end_node_inds":[7,16]},{"end_node_inds":[12,16]}],"materials":[{"E":129000000.0,"G12":46071428.57142857,"density":58.0}],"nodes":[{"is_grounded":1,"node_ind":0,"point":[0.09746665841840516,0.9316844976228256,0.03276289075300309]},{"is_grounded":0,"node_ind":1,"point":[0.14090129588111144,0.5191516589068491,0.892404259421153]},{"is_grounded":1,"node_ind":2,"point":[0.0,1.734859750429065,0.03727794951693905]},{"is_grounded":0,"node_ind":3,"point":[0.0448159388644592,1.7384099577854817,0.9286872403131962]},{"is_grounded":0,"node_ind":4,"point":[0.13615342109449863,1.7230969420394266,0.8849154786851884]},{"is_grounded":0,"node_ind":5,"point":[0.41616483966663836,3.0,0.6607863333679956]},{"is_grounded":0,"node_ind":6,"point":[0.7312925042695643,0.2155740974240946,0.882159126252909]},{"is_grounded":1,"node_ind":7,"point":[1.1173679080272685,0.8975009720019638,0.0]},{"is_grounded":1,"node_ind":8,"point":[1.1713861267219408,1.848933239729509,0.004343793475989871]},{"is_grounded":0,"node_ind":9,"point":[0.9312607757575238,1.9903307033919095,0.786852263242463]},{"is_grounded":1,"node_ind":10,"point":[0.7990836593080034,0.0,0.02741719421379155]},{"is_grounded":0,"node_ind":11,"point":[1.2259627642649646,1.1060191767045895,0.9750384336469592]},{"is_grounded":0,"node_ind":12,"point":[1.2454216337502981,1.822620582279053,0.9211783190077818]},{"is_grounded":1,"node_ind":13,"point":[1.040552822407038,1.0666917673510148,0.02741719421379155]},{"is_grounded":0,"node_ind":14,"point":[1.028253753245363,1.005927043894256,1.0192049028994126]},{"is_grounded":1,"node_ind":15,"point":[1.0974664881564102,0.9682772493681956,0.02741719421379155]},{"is_grounded":0,"node_ind":16,"point":[1.3749669355054712,0.9512892054235339,1.0247255431504665]}],"num_landmark":2}