{"assembly_sequence":[{"Deformation":null,"compliance":0.0,"holdPartIDs":[],"installPartIDs":[29],"partDirections":null},{"Deformation":null,"compliance":0.0,"holdPartIDs":[],"installPartIDs":[2],"partDirections":null},{"Deformation":null,"compliance":0.0,"holdPartIDs":[],"installPartIDs":[6],"partDirections":null},{"Deformation":null,"compliance":0.0,"holdPartIDs":[],"installPartIDs":[14],"partDirections":null},{"Deformation":null,"compliance":0.0,"holdPartIDs":[],"installPartIDs":[8],"partDirections":null},{"Deformation":null,"compliance":0.0,"holdPartIDs":[],"installPartIDs":[32],"partDirections":null},{"Deformation":null,"compliance":0.0,"holdPartIDs":[],"installPartIDs":[10],"partDirections":null},{"Deformation":null,"compliance":0.0,"holdPartIDs":[],"installPartIDs":[11],"partDirections":null},{"Deformation":null,"compliance":0.0,"holdPartIDs":[],"installPartIDs":[26],"partDirections":null},{"Deformation":null,"compliance":0.0,"holdPartIDs":[],"installPartIDs":[16],"partDirections":null},{"Deformation":null,"compliance":0.0,"holdPartIDs":[],"installPartIDs":[15],"partDirections":null},{"Deformation":null,"compliance":0.0,"holdPartIDs":[],"installPartIDs":[25],"partDirections":null},{"Deformation":null,"compliance":0.0,"holdPartIDs":[],"installPartIDs":[4],"partDirections":null},{"Deformation":null,"compliance":0.0,"holdPartIDs":[],"installPartIDs":[17],"partDirections":null},{"Deformation":null,"compliance":0.0,"holdPartIDs":[],"installPartIDs":[30],"partDirections":null},{"Deformation":null,"compliance":0.0,"holdPartIDs":[],"installPartIDs":[5],"partDirections":null},{"Deformation":null,"compliance":0.0,"holdPartIDs":[],"installPartIDs":[33],"partDirections":null},{"Deformation":null,"compliance":0.0,"holdPartIDs":[],"installPartIDs":[13],"partDirections":null},{"Deformation":null,"compliance":0.0,"holdPartIDs":[],"installPartIDs":[7],"partDirections":null},{"Deformation":null,"compliance":0.0,"holdPartIDs":[],"installPartIDs":[23],"partDirections":null},{"Deformation":null,"compliance":0.0,"holdPartIDs":[],"installPartIDs":[24],"partDirections":null},{"Deformation":null,"compliance":0.0,"holdPartIDs":[],"installPartIDs":[28],"partDirections":null},{"Deformation":null,"compliance":0.0,"holdPartIDs":[],"installPartIDs":[22],"partDirections":null},{"Deformation":null,"compliance":0.0,"holdPartIDs":[],"installPartIDs":[27],"partDirections":null},{"Deformation":null,"compliance":0.0,"holdPartIDs":[],"installPartIDs":[34],"partDirections":null},{"Deformation":null,"compliance":0.0,"holdPartIDs":[],"installPartIDs":[3],"partDirections":null},{"Deformation":null,"compliance":0.0,"holdPartIDs":[],"installPartIDs":[21],"partDirections":null},{"Deformation":null,"compliance":0.0,"holdPartIDs":[],"installPartIDs":[20],"partDirections":null},{"Deformation":null,"compliance":0.0,"holdPartIDs":[],"installPartIDs":[19],"partDirections":null},{"Deformation":null,"compliance":0.0,"holdPartIDs":[],"installPartIDs":[31],"partDirections":null},{"Deformation":null,"compliance":0.0,"holdPartIDs":[],"installPartIDs":[18],"partDirections":null},{"Deformation":null,"compliance":0.0,"holdPartIDs":[],"installPartIDs":[35],"partDirections":null},{"Deformation":null,"compliance":0.0,"holdPartIDs":[],"installPartIDs":[0],"partDirections":null},{"Deformation":null,"compliance":0.0,"holdPartIDs":[],"installPartIDs":[1],"partDirections":null},{"Deformation":null,"compliance":0.0,"holdPartIDs":[],"installPartIDs":[9],"partDirections":null},{"Deformation":null,"compliance":0.0,"holdPartIDs":[],"installPartIDs":[36],"partDirections":null},{"Deformation":null,"compliance":0.0,"holdPartIDs":[],"installPartIDs":[37],"partDirections":null},{"Deformation":null,"compliance":0.0,"holdPartIDs":[],"installPartIDs":[39],"partDirections":null},{"Deformation":null,"compliance":0.0,"holdPartIDs":[],"installPartIDs":[40],"partDirections":null},{"Deformation":null,"compliance":0.0,"holdPartIDs":[],"installPartIDs":[38],"partDirections":null},{"Deformation":null,"compliance":0.0,"holdPartIDs":[],"installPartIDs":[12],"partDirections":null}],"benchmark_compliance":0.00039643654463690373,"benchmark_time":10.000284583,"cross_secs":[{"A":7.853981633974483e-05}],"elements":[{"end_node_inds":[0,1]},{"end_node_inds":[0,2]},{"end_node_inds":[1,2]},{"end_node_inds":[2,3]},{"end_node_inds":[2,4]},{"end_node_inds":[3,4]},{"end_node_inds":[2,5]},{"end_node_inds":[3,5]},{"end_node_inds":[4,5]},{"end_node_inds":[0,6]},{"end_node_inds":[1,6]},{"end_node_inds":[2,6]},{"end_node_inds":[4,6]},{"end_node_inds":[3,7]},{"end_node_inds":[4,7]},{"end_node_inds":[4,8]},{"end_node_inds":[5,8]},{"end_node_inds":[6,8]},{"end_node_inds":[1,9]},{"end_node_inds":[6,9]},{"end_node_inds":[8,9]},{"end_node_inds":[9,10]},{"end_node_inds":[5,11]},{"end_node_inds":[8,11]},{"end_node_inds":[10,11]},{"end_node_inds":[8,12]},{"end_node_inds":[11,12]},{"end_node_inds":[8,13]},{"end_node_inds":[11,13]},{"end_node_inds":[12,13]},{"end_node_inds":[8,14]},{"end_node_inds":[9,14]},{"end_node_inds":[10,14]},{"end_node_inds":[11,14]},{"end_node_inds":[13,14]},{"end_node_inds":[9,15]},{"end_node_inds":[10,15]},{"end_node_inds":[14,15]},{"end_node_inds":[11,16]},{"end_node_inds":[12,16]},{"end_node_inds":[13,16]}],"materials":[{"E":129000000.0,"G12":46071428.57142857,"density":58.0}],"nodes":[{"is_grounded":0,"node_ind":0,"point":[0.0,0.0,0.3533940823712889]},{"is_grounded":1,"node_ind":1,"point":[0.31815639040527005,0.7941436387062039,0.02928028494268103]},{"is_grounded":0,"node_ind":2,"point":[0.30864487310127403,1.097443172103842,0.6179704972491891]},{"is_grounded":0,"node_ind":3,"point":[0.001227164405209493,2.6221340560373902,0.18796566785182148]},{"is_grounded":0,"node_ind":4,"point":[0.5127729789682796,2.6029281784233564,0.6868231125219723]},{"is_grounded":1,"node_ind":5,"point":[0.855679654164494,1.7266124786138024,0.0]},{"is_grounded":0,"node_ind":6,"point":[0.7963116486165436,0.3139150298340474,0.35712128822476435]},{"is_grounded":1,"node_ind":7,"point":[0.857710321766636,2.97128121051534,0.0]},{"is_grounded":0,"node_ind":8,"point":[1.4052272544606073,1.5117941734066263,0.7365315638058572]},{"is_grounded":0,"node_ind":9,"point":[1.5523194009307004,0.3404741258918622,0.34386794375819973]},{"is_grounded":1,"node_ind":10,"point":[1.6695358915175993,1.0812146153386801,0.0]},{"is_grounded":0,"node_ind":11,"point":[1.862751874072019,2.2183577193674893,0.3220287313849108]},{"is_grounded":1,"node_ind":12,"point":[1.4123364170185986,2.782248001648169,0.0]},{"is_grounded":0,"node_ind":13,"point":[1.493993404612309,2.794929411738451,0.7142425764495287]},{"is_grounded":0,"node_ind":14,"point":[2.1612560857490712,1.4990793375207672,0.4240884941056554]},{"is_grounded":0,"node_ind":15,"point":[2.221292293587677,0.3740830424442477,0.20713279720068165]},{"is_grounded":0,"node_ind":16,"point":[2.2498959966050425,3.0,0.3533940823712889]}]}