{"assembly_sequence":[{"Deformation":null,"compliance":0.0,"holdPartIDs":[],"installPartIDs":[0],"partDirections":null},{"Deformation":null,"compliance":0.0,"holdPartIDs":[],"installPartIDs":[32],"partDirections":null},{"Deformation":null,"compliance":0.0,"holdPartIDs":[],"installPartIDs":[13],"partDirections":null},{"Deformation":null,"compliance":0.0,"holdPartIDs":[],"installPartIDs":[5],"partDirections":null},{"Deformation":null,"compliance":0.0,"holdPartIDs":[],"installPartIDs":[28],"partDirections":null},{"Deformation":null,"compliance":0.0,"holdPartIDs":[],"installPartIDs":[27],"partDirections":null},{"Deformation":null,"compliance":0.0,"holdPartIDs":[],"installPartIDs":[42],"partDirections":null},{"Deformation":null,"compliance":0.0,"holdPartIDs":[],"installPartIDs":[1],"partDirections":null},{"Deformation":null,"compliance":0.0,"holdPartIDs":[],"installPartIDs":[26],"partDirections":null},{"Deformation":null,"compliance":0.0,"holdPartIDs":[],"installPartIDs":[41],"partDirections":null},{"Deformation":null,"compliance":0.0,"holdPartIDs":[],"installPartIDs":[36],"partDirections":null},{"Deformation":null,"compliance":0.0,"holdPartIDs":[],"installPartIDs":[6],"partDirections":null},{"Deformation":null,"compliance":0.0,"holdPartIDs":[],"installPartIDs":[25],"partDirections":null},{"Deformation":null,"compliance":0.0,"holdPartIDs":[],"installPartIDs":[23],"partDirections":null},{"Deformation":null,"compliance":0.0,"holdPartIDs":[],"installPartIDs":[10],"partDirections":null},{"Deformation":null,"compliance":0.0,"holdPartIDs":[],"installPartIDs":[11],"partDirections":null},{"Deformation":null,"compliance":0.0,"holdPartIDs":[],"installPartIDs":[8],"partDirections":null},{"Deformation":null,"compliance":0.0,"holdPartIDs":[],"installPartIDs":[12],"partDirections":null},{"Deformation":null,"compliance":0.0,"holdPartIDs":[],"installPartIDs":[20],"partDirections":null},{"Deformation":null,"compliance":0.0,"holdPartIDs":[],"installPartIDs":[24],"partDirections":null},{"Deformation":null,"compliance":0.0,"holdPartIDs":[],"installPartIDs":[21],"partDirections":null},{"Deformation":null,"compliance":0.0,"holdPartIDs":[],"installPartIDs":[43],"partDirections":null},{"Deformation":null,"compliance":0.0,"holdPartIDs":[],"installPartIDs":[39],"partDirections":null},{"Deformation":null,"compliance":0.0,"holdPartIDs":[],"installPartIDs":[38],"partDirections":null},{"Deformation":null,"compliance":0.0,"holdPartIDs":[],"installPartIDs":[37],"partDirections":null},{"Deformation":null,"compliance":0.0,"holdPartIDs":[],"installPartIDs":[7],"partDirections":null},{"Deformation":null,"compliance":0.0,"holdPartIDs":[],"installPartIDs":[9],"partDirections":null},{"Deformation":null,"compliance":0.0,"holdPartIDs":[],"installPartIDs":[4],"partDirections":null},{"Deformation":null,"compliance":0.0,"holdPartIDs":[],"installPartIDs":[2],"partDirections":null},{"Deformation":null,"compliance":0.0,"holdPartIDs":[],"installPartIDs":[3],"partDirections":null},{"Deformation":null,"compliance":0.0,"holdPartIDs":[],"installPartIDs":[17],"partDirections":null},{"Deformation":null,"compliance":0.0,"holdPartIDs":[],"installPartIDs":[29],"partDirections":null},{"Deformation":null,"compliance":0.0,"holdPartIDs":[],"installPartIDs":[14],"partDirections":null},{"Deformation":null,"compliance":0.0,"holdPartIDs":[],"installPartIDs":[16],"partDirections":null},{"Deformation":null,"compliance":0.0,"holdPartIDs":[],"installPartIDs":[15],"partDirections":null},{"Deformation":null,"compliance":0.0,"holdPartIDs":[],"installPartIDs":[19],"partDirections":null},{"Deformation":null,"compliance":0.0,"holdPartIDs":[],"installPartIDs":[22],"partDirections":null},{"Deformation":null,"compliance":0.0,"holdPartIDs":[],"installPartIDs":[30],"partDirections":null},{"Deformation":null,"compliance":0.0,"holdPartIDs":[],"installPartIDs":[40],"partDirections":null},{"Deformation":null,"compliance":0.0,"holdPartIDs":[],"installPartIDs":[18],"partDirections":null},{"Deformation":null,"compliance":0.0,"holdPartIDs":[],"installPartIDs":[33],"partDirections":null},{"Deformation":null,"compliance":0.0,"holdPartIDs":[],"installPartIDs":[34],"partDirections":null},{"Deformation":null,"compliance":0.0,"holdPartIDs":[],"installPartIDs":[35],"partDirections":null},{"Deformation":null,"compliance":0.0,"holdPartIDs":[],"installPartIDs":[31],"partDirections":null}],"benchmark_compliance":0.0006581204541545096,"benchmark_time":10.000051084,"cross_secs":[{"A":7.853981633974483e-05}],"elements":[{"end_node_inds":[0,1]},{"end_node_inds":[2,3]},{"end_node_inds":[0,4]},{"end_node_inds":[1,4]},{"end_node_inds":[3,4]},{"end_node_inds":[1,5]},{"end_node_inds":[3,5]},{"end_node_inds":[4,5]},{"end_node_inds":[1,6]},{"end_node_inds":[4,6]},{"end_node_inds":[5,6]},{"end_node_inds":[6,7]},{"end_node_inds":[6,8]},{"end_node_inds":[7,8]},{"end_node_inds":[2,10]},{"end_node_inds":[3,10]},{"end_node_inds":[4,10]},{"end_node_inds":[4,11]},{"end_node_inds":[6,11]},{"end_node_inds":[10,11]},{"end_node_inds":[6,12]},{"end_node_inds":[7,12]},{"end_node_inds":[11,12]},{"end_node_inds":[7,13]},{"end_node_inds":[12,13]},{"end_node_inds":[7,14]},{"end_node_inds":[13,14]},{"end_node_inds":[2,16]},{"end_node_inds":[9,16]},{"end_node_inds":[10,16]},{"end_node_inds":[11,16]},{"end_node_inds":[14,16]},{"end_node_inds":[15,16]},{"end_node_inds":[11,17]},{"end_node_inds":[12,17]},{"end_node_inds":[14,17]},{"end_node_inds":[16,17]},{"end_node_inds":[12,18]},{"end_node_inds":[13,18]},{"end_node_inds":[14,18]},{"end_node_inds":[17,18]},{"end_node_inds":[13,19]},{"end_node_inds":[14,19]},{"end_node_inds":[18,19]}],"materials":[{"E":129000000.0,"G12":46071428.57142857,"density":58.0}],"nodes":[{"is_grounded":1,"node_ind":0,"point":[0.0,1.573049254050665,0.0]},{"is_grounded":0,"node_ind":1,"point":[0.0,1.573049254050665,1.357142857142857]},{"is_grounded":1,"node_ind":2,"point":[1.0716306116071428,0.0,0.0]},{"is_grounded":0,"node_ind":3,"point":[0.8573448973214285,0.14285714285714285,1.2857142857142856]},{"is_grounded":0,"node_ind":4,"point":[1.1653806116071428,1.0401784642857141,1.0535714285714286]},{"is_grounded":1,"node_ind":5,"point":[0.8573448973214285,1.5000001428571426,0.0]},{"is_grounded":0,"node_ind":6,"point":[1.1653806116071428,1.9598215714285714,1.0535714285714286]},{"is_grounded":0,"node_ind":7,"point":[0.8573448973214285,2.8571428571428568,1.2857142857142856]},{"is_grounded":1,"node_ind":8,"point":[0.8573448973214285,3.0,0.0]},{"is_grounded":1,"node_ind":9,"point":[1.9287734687499998,0.07142857142857142,0.0]},{"is_grounded":0,"node_ind":10,"point":[1.9287734687499998,0.15625,1.15625]},{"is_grounded":0,"node_ind":11,"point":[1.9287734687499998,0.9933034285714285,1.1026785714285714]},{"is_grounded":0,"node_ind":12,"point":[1.9287734687499998,2.0066965714285714,1.1026785714285714]},{"is_grounded":0,"node_ind":13,"point":[1.9287734687499998,2.84375,1.15625]},{"is_grounded":1,"node_ind":14,"point":[2.2502020401785714,3.0,0.0]},{"is_grounded":1,"node_ind":15,"point":[2.5716306116071426,0.0,0.0]},{"is_grounded":0,"node_ind":16,"point":[2.5716306116071426,0.17410714285714285,0.9464285714285714]},{"is_grounded":0,"node_ind":17,"point":[2.5716306116071426,0.8214284285714285,0.8928571428571428]},{"is_grounded":0,"node_ind":18,"point":[2.5716306116071426,2.1785715714285714,0.8928571428571428]},{"is_grounded":0,"node_ind":19,"point":[2.5716306116071426,2.825892857142857,0.9464285714285714]}]}