{"assembly_sequence":[{"Deformation":null,"compliance":0.0,"holdPartIDs":[],"installPartIDs":[74],"partDirections":null},{"Deformation":null,"compliance":0.0,"holdPartIDs":[],"installPartIDs":[45],"partDirections":null},{"Deformation":null,"compliance":0.0,"holdPartIDs":[],"installPartIDs":[73],"partDirections":null},{"Deformation":null,"compliance":0.0,"holdPartIDs":[],"installPartIDs":[58],"partDirections":null},{"Deformation":null,"compliance":0.0,"holdPartIDs":[],"installPartIDs":[75],"partDirections":null},{"Deformation":null,"compliance":0.0,"holdPartIDs":[],"installPartIDs":[61],"partDirections":null},{"Deformation":null,"compliance":0.0,"holdPartIDs":[],"installPartIDs":[26],"partDirections":null},{"Deformation":null,"compliance":0.0,"holdPartIDs":[],"installPartIDs":[27],"partDirections":null},{"Deformation":null,"compliance":0.0,"holdPartIDs":[],"installPartIDs":[22],"partDirections":null},{"Deformation":null,"compliance":0.0,"holdPartIDs":[],"installPartIDs":[25],"partDirections":null},{"Deformation":null,"compliance":0.0,"holdPartIDs":[],"installPartIDs":[60],"partDirections":null},{"Deformation":null,"compliance":0.0,"holdPartIDs":[],"installPartIDs":[7],"partDirections":null},{"Deformation":null,"compliance":0.0,"holdPartIDs":[],"installPartIDs":[23],"partDirections":null},{"Deformation":null,"compliance":0.0,"holdPartIDs":[],"installPartIDs":[19],"partDirections":null},{"Deformation":null,"compliance":0.0,"holdPartIDs":[],"installPartIDs":[0],"partDirections":null},{"Deformation":null,"compliance":0.0,"holdPartIDs":[],"installPartIDs":[15],"partDirections":null},{"Deformation":null,"compliance":0.0,"holdPartIDs":[],"installPartIDs":[3],"partDirections":null},{"Deformation":null,"compliance":0.0,"holdPartIDs":[],"installPartIDs":[62],"partDirections":null},{"Deformation":null,"compliance":0.0,"holdPartIDs":[],"installPartIDs":[38],"partDirections":null},{"Deformation":null,"compliance":0.0,"holdPartIDs":[],"installPartIDs":[39],"partDirections":null},{"Deformation":null,"compliance":0.0,"holdPartIDs":[],"installPartIDs":[49],"partDirections":null},{"Deformation":null,"compliance":0.0,"holdPartIDs":[],"installPartIDs":[63],"partDirections":null},{"Deformation":null,"compliance":0.0,"holdPartIDs":[],"installPartIDs":[46],"partDirections":null},{"Deformation":null,"compliance":0.0,"holdPartIDs":[],"installPartIDs":[67],"partDirections":null},{"Deformation":null,"compliance":0.0,"holdPartIDs":[],"installPartIDs":[69],"partDirections":null},{"Deformation":null,"compliance":0.0,"holdPartIDs":[],"installPartIDs":[66],"partDirections":null},{"Deformation":null,"compliance":0.0,"holdPartIDs":[],"installPartIDs":[68],"partDirections":null},{"Deformation":null,"compliance":0.0,"holdPartIDs":[],"installPartIDs":[55],"partDirections":null},{"Deformation":null,"compliance":0.0,"holdPartIDs":[],"installPartIDs":[64],"partDirections":null},{"Deformation":null,"compliance":0.0,"holdPartIDs":[],"installPartIDs":[53],"partDirections":null},{"Deformation":null,"compliance":0.0,"holdPartIDs":[],"installPartIDs":[52],"partDirections":null},{"Deformation":null,"compliance":0.0,"holdPartIDs":[],"installPartIDs":[37],"partDirections":null},{"Deformation":null,"compliance":0.0,"holdPartIDs":[],"installPartIDs":[47],"partDirections":null},{"Deformation":null,"compliance":0.0,"holdPartIDs":[],"installPartIDs":[70],"partDirections":null},{"Deformation":null,"compliance":0.0,"holdPartIDs":[],"installPartIDs":[59],"partDirections":null},{"Deformation":null,"compliance":0.0,"holdPartIDs":[],"installPartIDs":[57],"partDirections":null},{"Deformation":null,"compliance":0.0,"holdPartIDs":[],"installPartIDs":[35],"partDirections":null},{"Deformation":null,"compliance":0.0,"holdPartIDs":[],"installPartIDs":[65],"partDirections":null},{"Deformation":null,"compliance":0.0,"holdPartIDs":[],"installPartIDs":[51],"partDirections":null},{"Deformation":null,"compliance":0.0,"holdPartIDs":[],"installPartIDs":[54],"partDirections":null},{"Deformation":null,"compliance":0.0,"holdPartIDs":[],"installPartIDs":[44],"partDirections":null},{"Deformation":null,"compliance":0.0,"holdPartIDs":[],"installPartIDs":[42],"partDirections":null},{"Deformation":null,"compliance":0.0,"holdPartIDs":[],"installPartIDs":[48],"partDirections":null},{"Deformation":null,"compliance":0.0,"holdPartIDs":[],"installPartIDs":[72],"partDirections":null},{"Deformation":null,"compliance":0.0,"holdPartIDs":[],"installPartIDs":[40],"partDirections":null},{"Deformation":null,"compliance":0.0,"holdPartIDs":[],"installPartIDs":[5],"partDirections":null},{"Deformation":null,"compliance":0.0,"holdPartIDs":[],"installPartIDs":[18],"partDirections":null},{"Deformation":null,"compliance":0.0,"holdPartIDs":[],"installPartIDs":[24],"partDirections":null},{"Deformation":null,"compliance":0.0,"holdPartIDs":[],"installPartIDs":[9],"partDirections":null},{"Deformation":null,"compliance":0.0,"holdPartIDs":[],"installPartIDs":[20],"partDirections":null},{"Deformation":null,"compliance":0.0,"holdPartIDs":[],"installPartIDs":[8],"partDirections":null},{"Deformation":null,"compliance":0.0,"holdPartIDs":[],"installPartIDs":[21],"partDirections":null},{"Deformation":null,"compliance":0.0,"holdPartIDs":[],"installPartIDs":[34],"partDirections":null},{"Deformation":null,"compliance":0.0,"holdPartIDs":[],"installPartIDs":[11],"partDirections":null},{"Deformation":null,"compliance":0.0,"holdPartIDs":[],"installPartIDs":[10],"partDirections":null},{"Deformation":null,"compliance":0.0,"holdPartIDs":[],"installPartIDs":[17],"partDirections":null},{"Deformation":null,"compliance":0.0,"holdPartIDs":[],"installPartIDs":[12],"partDirections":null},{"Deformation":null,"compliance":0.0,"holdPartIDs":[],"installPartIDs":[4],"partDirections":null},{"Deformation":null,"compliance":0.0,"holdPartIDs":[],"installPartIDs":[1],"partDirections":null},{"Deformation":null,"compliance":0.0,"holdPartIDs":[],"installPartIDs":[2],"partDirections":null},{"Deformation":null,"compliance":0.0,"holdPartIDs":[],"installPartIDs":[13],"partDirections":null},{"Deformation":null,"compliance":0.0,"holdPartIDs":[],"installPartIDs":[6],"partDirections":null},{"Deformation":null,"compliance":0.0,"holdPartIDs":[],"installPartIDs":[16],"partDirections":null},{"Deformation":null,"compliance":0.0,"holdPartIDs":[],"installPartIDs":[14],"partDirections":null},{"Deformation":null,"compliance":0.0,"holdPartIDs":[],"installPartIDs":[33],"partDirections":null},{"Deformation":null,"compliance":0.0,"holdPartIDs":[],"installPartIDs":[41],"partDirections":null},{"Deformation":null,"compliance":0.0,"holdPartIDs":[],"installPartIDs":[30],"partDirections":null},{"Deformation":null,"compliance":0.0,"holdPartIDs":[],"installPartIDs":[43],"partDirections":null},{"Deformation":null,"compliance":0.0,"holdPartIDs":[],"installPartIDs":[32],"partDirections":null},{"Deformation":null,"compliance":0.0,"holdPartIDs":[],"installPartIDs":[56],"partDirections":null},{"Deformation":null,"compliance":0.0,"holdPartIDs":[],"installPartIDs":[29],"partDirections":null},{"Deformation":null,"compliance":0.0,"holdPartIDs":[],"installPartIDs":[50],"partDirections":null},{"Deformation":null,"compliance":0.0,"holdPartIDs":[],"installPartIDs":[31],"partDirections":null},{"Deformation":null,"compliance":0.0,"holdPartIDs":[],"installPartIDs":[71],"partDirections":null},{"Deformation":null,"compliance":0.0,"holdPartIDs":[],"installPartIDs":[36],"partDirections":null},{"Deformation":null,"compliance":0.0,"holdPartIDs":[],"installPartIDs":[28],"partDirections":null}],"benchmark_compliance":0.0010523652526762764,"benchmark_time":10.00026775,"cross_secs":[{"A":7.853981633974483e-05}],"elements":[{"end_node_inds":[0,1]},{"end_node_inds":[0,2]},{"end_node_inds":[1,2]},{"end_node_inds":[1,3]},{"end_node_inds":[2,3]},{"end_node_inds":[1,4]},{"end_node_inds":[2,4]},{"end_node_inds":[3,4]},{"end_node_inds":[3,5]},{"end_node_inds":[4,5]},{"end_node_inds":[0,6]},{"end_node_inds":[1,6]},{"end_node_inds":[2,6]},{"end_node_inds":[3,6]},{"end_node_inds":[4,6]},{"end_node_inds":[1,7]},{"end_node_inds":[2,7]},{"end_node_inds":[6,7]},{"end_node_inds":[5,8]},{"end_node_inds":[4,9]},{"end_node_inds":[5,9]},{"end_node_inds":[1,10]},{"end_node_inds":[3,10]},{"end_node_inds":[4,10]},{"end_node_inds":[5,10]},{"end_node_inds":[7,10]},{"end_node_inds":[8,10]},{"end_node_inds":[9,10]},{"end_node_inds":[1,11]},{"end_node_inds":[3,11]},{"end_node_inds":[5,11]},{"end_node_inds":[7,11]},{"end_node_inds":[8,11]},{"end_node_inds":[10,11]},{"end_node_inds":[1,12]},{"end_node_inds":[7,12]},{"end_node_inds":[11,12]},{"end_node_inds":[0,13]},{"end_node_inds":[1,13]},{"end_node_inds":[7,13]},{"end_node_inds":[12,13]},{"end_node_inds":[11,14]},{"end_node_inds":[12,14]},{"end_node_inds":[11,15]},{"end_node_inds":[12,15]},{"end_node_inds":[14,15]},{"end_node_inds":[0,16]},{"end_node_inds":[1,16]},{"end_node_inds":[12,16]},{"end_node_inds":[13,16]},{"end_node_inds":[11,17]},{"end_node_inds":[12,17]},{"end_node_inds":[0,18]},{"end_node_inds":[7,18]},{"end_node_inds":[12,18]},{"end_node_inds":[16,18]},{"end_node_inds":[11,19]},{"end_node_inds":[12,19]},{"end_node_inds":[14,19]},{"end_node_inds":[12,20]},{"end_node_inds":[14,20]},{"end_node_inds":[19,20]},{"end_node_inds":[13,21]},{"end_node_inds":[16,21]},{"end_node_inds":[18,21]},{"end_node_inds":[12,22]},{"end_node_inds":[13,22]},{"end_node_inds":[16,22]},{"end_node_inds":[18,22]},{"end_node_inds":[21,22]},{"end_node_inds":[7,23]},{"end_node_inds":[11,23]},{"end_node_inds":[12,23]},{"end_node_inds":[14,23]},{"end_node_inds":[19,23]},{"end_node_inds":[20,23]}],"materials":[{"E":129000000.0,"G12":46071428.57142857,"density":58.0}],"nodes":[{"is_grounded":1,"node_ind":0,"point":[1.1527905653132375,0.13704243258927004,0.006560987614409926]},{"is_grounded":0,"node_ind":1,"point":[1.163618624934708,0.44991900871918716,0.793217932447036]},{"is_grounded":0,"node_ind":2,"point":[0.05417054866898445,0.5920858048415548,1.0387249173120396]},{"is_grounded":1,"node_ind":3,"point":[0.0,2.075333116975406,6.924524847106483e-05]},{"is_grounded":0,"node_ind":4,"point":[0.11368047028633087,1.952502096250981,1.247897483859405]},{"is_grounded":0,"node_ind":5,"point":[0.4610399147797071,2.735349431412244,1.2540877145941212]},{"is_grounded":0,"node_ind":6,"point":[0.24413257793003573,0.39557105577562707,0.6924525025420393]},{"is_grounded":1,"node_ind":7,"point":[1.697279710670514,0.7803425863452322,0.06652592760192635]},{"is_grounded":1,"node_ind":8,"point":[0.5246450853575655,2.358798288044352,0.0]},{"is_grounded":1,"node_ind":9,"point":[0.3311612248588272,2.362639933308521,0.0]},{"is_grounded":0,"node_ind":10,"point":[0.7121138773466277,2.0471646484723127,0.5797477075326469]},{"is_grounded":0,"node_ind":11,"point":[1.4355848844594938,2.5952476260704334,0.39767441361634315]},{"is_grounded":0,"node_ind":12,"point":[2.5757360304574344,1.5968362085002257,1.3165564482970704]},{"is_grounded":0,"node_ind":13,"point":[2.513934470963824,0.0,0.8992476491632921]},{"is_grounded":0,"node_ind":14,"point":[2.4567241973974268,2.6635321913800425,1.3849050050840785]},{"is_grounded":1,"node_ind":15,"point":[2.449495269026739,2.601701934976563,0.0]},{"is_grounded":0,"node_ind":16,"point":[2.6623068491673085,0.14876764784075885,1.3720138419142214]},{"is_grounded":1,"node_ind":17,"point":[2.6386595907725647,2.372521807390027,0.0]},{"is_grounded":0,"node_ind":18,"point":[2.707398485844518,0.36088099075799124,1.3849050050840785]},{"is_grounded":1,"node_ind":19,"point":[2.9505430310641994,2.6806458444471817,0.0]},{"is_grounded":0,"node_ind":20,"point":[2.856526757155559,2.3624740060565377,1.3849050050840785]},{"is_grounded":1,"node_ind":21,"point":[2.972338334904866,0.08845647562476876,0.0]},{"is_grounded":0,"node_ind":22,"point":[2.8150878313313976,0.3649332802324307,1.3849050050840785]},{"is_grounded":0,"node_ind":23,"point":[3.0,2.708264627185877,1.2118380302672702]}]}