{"assembly_sequence":[{"Deformation":null,"compliance":0.0,"holdPartIDs":[],"installPartIDs":[6],"partDirections":null},{"Deformation":null,"compliance":0.0,"holdPartIDs":[],"installPartIDs":[4],"partDirections":null},{"Deformation":null,"compliance":0.0,"holdPartIDs":[],"installPartIDs":[14],"partDirections":null},{"Deformation":null,"compliance":0.0,"holdPartIDs":[],"installPartIDs":[3],"partDirections":null},{"Deformation":null,"compliance":0.0,"holdPartIDs":[],"installPartIDs":[1],"partDirections":null},{"Deformation":null,"compliance":0.0,"holdPartIDs":[],"installPartIDs":[2],"partDirections":null},{"Deformation":null,"compliance":0.0,"holdPartIDs":[],"installPartIDs":[0],"partDirections":null},{"Deformation":null,"compliance":0.0,"holdPartIDs":[],"installPartIDs":[5],"partDirections":null},{"Deformation":null,"compliance":0.0,"holdPartIDs":[],"installPartIDs":[22],"partDirections":null},{"Deformation":null,"compliance":0.0,"holdPartIDs":[],"installPartIDs":[16],"partDirections":null},{"Deformation":null,"compliance":0.0,"holdPartIDs":[],"installPartIDs":[25],"partDirections":null},{"Deformation":null,"compliance":0.0,"holdPartIDs":[],"installPartIDs":[24],"partDirections":null},{"Deformation":null,"compliance":0.0,"holdPartIDs":[],"installPartIDs":[20],"partDirections":null},{"Deformation":null,"compliance":0.0,"holdPartIDs":[],"installPartIDs":[26],"partDirections":null},{"Deformation":null,"compliance":0.0,"holdPartIDs":[],"installPartIDs":[21],"partDirections":null},{"Deformation":null,"compliance":0.0,"holdPartIDs":[],"installPartIDs":[17],"partDirections":null},{"Deformation":null,"compliance":0.0,"holdPartIDs":[],"installPartIDs":[19],"partDirections":null},{"Deformation":null,"compliance":0.0,"holdPartIDs":[],"installPartIDs":[12],"partDirections":null},{"Deformation":null,"compliance":0.0,"holdPartIDs":[],"installPartIDs":[23],"partDirections":null},{"Deformation":null,"compliance":0.0,"holdPartIDs":[],"installPartIDs":[9],"partDirections":null},{"Deformation":null,"compliance":0.0,"holdPartIDs":[],"installPartIDs":[8],"partDirections":null},{"Deformation":null,"compliance":0.0,"holdPartIDs":[],"installPartIDs":[7],"partDirections":null},{"Deformation":null,"compliance":0.0,"holdPartIDs":[],"installPartIDs":[18],"partDirections":null},{"Deformation":null,"compliance":0.0,"holdPartIDs":[],"installPartIDs":[11],"partDirections":null},{"Deformation":null,"compliance":0.0,"holdPartIDs":[],"installPartIDs":[15],"partDirections":null},{"Deformation":null,"compliance":0.0,"holdPartIDs":[],"installPartIDs":[13],"partDirections":null},{"Deformation":null,"compliance":0.0,"holdPartIDs":[],"installPartIDs":[10],"partDirections":null}],"benchmark_compliance":3.006061708483705e-06,"benchmark_time":10.000225209,"cross_secs":[{"A":7.853981633974483e-05}],"elements":[{"end_node_inds":[0,4]},{"end_node_inds":[2,4]},{"end_node_inds":[3,4]},{"end_node_inds":[2,5]},{"end_node_inds":[3,5]},{"end_node_inds":[4,5]},{"end_node_inds":[5,6]},{"end_node_inds":[3,7]},{"end_node_inds":[5,7]},{"end_node_inds":[6,7]},{"end_node_inds":[5,8]},{"end_node_inds":[7,8]},{"end_node_inds":[5,9]},{"end_node_inds":[8,9]},{"end_node_inds":[5,10]},{"end_node_inds":[7,10]},{"end_node_inds":[8,10]},{"end_node_inds":[9,10]},{"end_node_inds":[8,11]},{"end_node_inds":[9,11]},{"end_node_inds":[10,11]},{"end_node_inds":[9,12]},{"end_node_inds":[11,12]},{"end_node_inds":[9,13]},{"end_node_inds":[11,13]},{"end_node_inds":[11,14]},{"end_node_inds":[11,15]}],"materials":[{"E":129000000.0,"G12":46071428.57142857,"density":58.0}],"nodes":[{"is_grounded":1,"node_ind":0,"point":[0.06268222390003146,0.10623600328891851,0.0866111190848714]},{"is_grounded":1,"node_ind":1,"point":[0.0,0.5044647514880751,0.05599283651117464]},{"is_grounded":1,"node_ind":2,"point":[0.5027163765792693,0.0,0.05582510675200085]},{"is_grounded":1,"node_ind":3,"point":[0.6615281415796305,0.620890347908915,0.09438663833402125]},{"is_grounded":0,"node_ind":4,"point":[0.5091922281919374,0.24656056780620023,0.14003040806338485]},{"is_grounded":0,"node_ind":5,"point":[1.0269091359404179,0.21948677495793678,0.24172177656365246]},{"is_grounded":1,"node_ind":6,"point":[0.9006070069244795,0.3480595263853485,0.0]},{"is_grounded":0,"node_ind":7,"point":[1.160492746018196,0.750846944405079,0.1448550231055352]},{"is_grounded":0,"node_ind":8,"point":[1.7148845489553937,0.595247232653404,0.18358931879363916]},{"is_grounded":0,"node_ind":9,"point":[1.8355365594848347,0.08356777374309948,0.13688605287923808]},{"is_grounded":1,"node_ind":10,"point":[1.528801477510799,0.34805963871524587,0.0]},{"is_grounded":0,"node_ind":11,"point":[2.2538840163431453,0.5191840353166792,0.11574289954453168]},{"is_grounded":1,"node_ind":12,"point":[2.1700250617382566,0.2685357641615312,0.0]},{"is_grounded":1,"node_ind":13,"point":[2.4491304697969767,0.1460264206537315,0.043139813766767975]},{"is_grounded":1,"node_ind":14,"point":[2.6998566622532865,0.5336377634418208,0.05070998735197564]},{"is_grounded":1,"node_ind":15,"point":[2.671646953747335,0.16926953728786287,0.08783667758848195]},{"is_grounded":1,"node_ind":16,"point":[3.0,0.36852246369935027,0.011601252043598473]}]}