{"assembly_sequence":[{"Deformation":null,"compliance":0.0,"holdPartIDs":[],"installPartIDs":[25],"partDirections":null},{"Deformation":null,"compliance":0.0,"holdPartIDs":[],"installPartIDs":[7],"partDirections":null},{"Deformation":null,"compliance":0.0,"holdPartIDs":[],"installPartIDs":[11],"partDirections":null},{"Deformation":null,"compliance":0.0,"holdPartIDs":[],"installPartIDs":[44],"partDirections":null},{"Deformation":null,"compliance":0.0,"holdPartIDs":[],"installPartIDs":[18],"partDirections":null},{"Deformation":null,"compliance":0.0,"holdPartIDs":[],"installPartIDs":[2],"partDirections":null},{"Deformation":null,"compliance":0.0,"holdPartIDs":[],"installPartIDs":[14],"partDirections":null},{"Deformation":null,"compliance":0.0,"holdPartIDs":[],"installPartIDs":[9],"partDirections":null},{"Deformation":null,"compliance":0.0,"holdPartIDs":[],"installPartIDs":[12],"partDirections":null},{"Deformation":null,"compliance":0.0,"holdPartIDs":[],"installPartIDs":[15],"partDirections":null},{"Deformation":null,"compliance":0.0,"holdPartIDs":[],"installPartIDs":[13],"partDirections":null},{"Deformation":null,"compliance":0.0,"holdPartIDs":[],"installPartIDs":[22],"partDirections":null},{"Deformation":null,"compliance":0.0,"holdPartIDs":[],"installPartIDs":[10],"partDirections":null},{"Deformation":null,"compliance":0.0,"holdPartIDs":[],"installPartIDs":[24],"partDirections":null},{"Deformation":null,"compliance":0.0,"holdPartIDs":[],"installPartIDs":[41],"partDirections":null},{"Deformation":null,"compliance":0.0,"holdPartIDs":[],"installPartIDs":[4],"partDirections":null},{"Deformation":null,"compliance":0.0,"holdPartIDs":[],"installPartIDs":[6],"partDirections":null},{"Deformation":null,"compliance":0.0,"holdPartIDs":[],"installPartIDs":[17],"partDirections":null},{"Deformation":null,"compliance":0.0,"holdPartIDs":[],"installPartIDs":[16],"partDirections":null},{"Deformation":null,"compliance":0.0,"holdPartIDs":[],"installPartIDs":[21],"partDirections":null},{"Deformation":null,"compliance":0.0,"holdPartIDs":[],"installPartIDs":[23],"partDirections":null},{"Deformation":null,"compliance":0.0,"holdPartIDs":[],"installPartIDs":[36],"partDirections":null},{"Deformation":null,"compliance":0.0,"holdPartIDs":[],"installPartIDs":[37],"partDirections":null},{"Deformation":null,"compliance":0.0,"holdPartIDs":[],"installPartIDs":[40],"partDirections":null},{"Deformation":null,"compliance":0.0,"holdPartIDs":[],"installPartIDs":[43],"partDirections":null},{"Deformation":null,"compliance":0.0,"holdPartIDs":[],"installPartIDs":[3],"partDirections":null},{"Deformation":null,"compliance":0.0,"holdPartIDs":[],"installPartIDs":[5],"partDirections":null},{"Deformation":null,"compliance":0.0,"holdPartIDs":[],"installPartIDs":[0],"partDirections":null},{"Deformation":null,"compliance":0.0,"holdPartIDs":[],"installPartIDs":[8],"partDirections":null},{"Deformation":null,"compliance":0.0,"holdPartIDs":[],"installPartIDs":[1],"partDirections":null},{"Deformation":null,"compliance":0.0,"holdPartIDs":[],"installPartIDs":[42],"partDirections":null},{"Deformation":null,"compliance":0.0,"holdPartIDs":[],"installPartIDs":[31],"partDirections":null},{"Deformation":null,"compliance":0.0,"holdPartIDs":[],"installPartIDs":[28],"partDirections":null},{"Deformation":null,"compliance":0.0,"holdPartIDs":[],"installPartIDs":[39],"partDirections":null},{"Deformation":null,"compliance":0.0,"holdPartIDs":[],"installPartIDs":[35],"partDirections":null},{"Deformation":null,"compliance":0.0,"holdPartIDs":[],"installPartIDs":[29],"partDirections":null},{"Deformation":null,"compliance":0.0,"holdPartIDs":[],"installPartIDs":[34],"partDirections":null},{"Deformation":null,"compliance":0.0,"holdPartIDs":[],"installPartIDs":[32],"partDirections":null},{"Deformation":null,"compliance":0.0,"holdPartIDs":[],"installPartIDs":[20],"partDirections":null},{"Deformation":null,"compliance":0.0,"holdPartIDs":[],"installPartIDs":[19],"partDirections":null},{"Deformation":null,"compliance":0.0,"holdPartIDs":[],"installPartIDs":[33],"partDirections":null},{"Deformation":null,"compliance":0.0,"holdPartIDs":[],"installPartIDs":[38],"partDirections":null},{"Deformation":null,"compliance":0.0,"holdPartIDs":[],"installPartIDs":[30],"partDirections":null},{"Deformation":null,"compliance":0.0,"holdPartIDs":[],"installPartIDs":[27],"partDirections":null},{"Deformation":null,"compliance":0.0,"holdPartIDs":[],"installPartIDs":[26],"partDirections":null}],"benchmark_compliance":0.0002519359536770399,"benchmark_time":10.000066875,"cross_secs":[{"A":7.853981633974483e-05}],"elements":[{"end_node_inds":[0,1]},{"end_node_inds":[0,2]},{"end_node_inds":[1,2]},{"end_node_inds":[0,4]},{"end_node_inds":[3,4]},{"end_node_inds":[0,7]},{"end_node_inds":[3,7]},{"end_node_inds":[4,7]},{"end_node_inds":[0,8]},{"end_node_inds":[1,8]},{"end_node_inds":[2,8]},{"end_node_inds":[5,8]},{"end_node_inds":[7,8]},{"end_node_inds":[5,9]},{"end_node_inds":[6,9]},{"end_node_inds":[8,9]},{"end_node_inds":[3,10]},{"end_node_inds":[3,11]},{"end_node_inds":[10,11]},{"end_node_inds":[6,12]},{"end_node_inds":[9,12]},{"end_node_inds":[3,13]},{"end_node_inds":[11,13]},{"end_node_inds":[3,14]},{"end_node_inds":[11,14]},{"end_node_inds":[13,14]},{"end_node_inds":[3,15]},{"end_node_inds":[4,15]},{"end_node_inds":[5,15]},{"end_node_inds":[6,15]},{"end_node_inds":[7,15]},{"end_node_inds":[8,15]},{"end_node_inds":[9,15]},{"end_node_inds":[12,15]},{"end_node_inds":[13,15]},{"end_node_inds":[14,15]},{"end_node_inds":[13,16]},{"end_node_inds":[14,16]},{"end_node_inds":[15,16]},{"end_node_inds":[15,17]},{"end_node_inds":[16,17]},{"end_node_inds":[14,18]},{"end_node_inds":[15,18]},{"end_node_inds":[16,18]},{"end_node_inds":[17,18]}],"materials":[{"E":129000000.0,"G12":46071428.57142857,"density":58.0}],"nodes":[{"is_grounded":0,"node_ind":0,"point":[0.016550795580035964,1.029366353204759,0.3265781343603355]},{"is_grounded":1,"node_ind":1,"point":[0.0,2.0205106403596647,1.7218870285732812e-07]},{"is_grounded":0,"node_ind":2,"point":[0.07605024583405359,1.8146174336621923,0.6345537113604751]},{"is_grounded":0,"node_ind":3,"point":[1.024244618184696,0.02106573858130698,0.32657806063446837]},{"is_grounded":1,"node_ind":4,"point":[0.836810147142021,0.8185928113179346,0.018602619445136664]},{"is_grounded":1,"node_ind":5,"point":[0.8259589334373705,2.053169963623851,0.018602714512702186]},{"is_grounded":1,"node_ind":6,"point":[0.8659135263225177,2.898547739461762,2.493098401934272e-07]},{"is_grounded":0,"node_ind":7,"point":[0.9630647012583563,0.9226146550248003,0.6345536492755344]},{"is_grounded":0,"node_ind":8,"point":[0.9413622738490552,1.9366360253986648,0.634553715240784]},{"is_grounded":0,"node_ind":9,"point":[1.0711451927543072,2.8091470971969303,0.6345538122485038]},{"is_grounded":1,"node_ind":10,"point":[2.0112915213978755,0.0,0.0]},{"is_grounded":0,"node_ind":11,"point":[1.8050985705466234,0.07512771017823558,0.6345535871905936]},{"is_grounded":0,"node_ind":12,"point":[1.8636153539395537,2.852540493463655,0.3265782983033822]},{"is_grounded":1,"node_ind":13,"point":[2.046154016091472,0.8207229339940912,0.018602619445136664]},{"is_grounded":0,"node_ind":14,"point":[1.9266200015988164,0.9268749003771136,0.6345536492755344]},{"is_grounded":0,"node_ind":15,"point":[2.0288748302858024,1.9660586938483504,0.32657821342162724]},{"is_grounded":0,"node_ind":16,"point":[2.8582352579356693,0.9836674908679681,0.31727686344085515]},{"is_grounded":1,"node_ind":17,"point":[3.0,1.9031176269888772,1.4939188867621706e-07]},{"is_grounded":0,"node_ind":18,"point":[2.8011081217715144,1.8137028914424955,0.6345537113604751]}]}