{"assembly_sequence":[{"Deformation":null,"compliance":0.0,"holdPartIDs":[],"installPartIDs":[6],"partDirections":null},{"Deformation":null,"compliance":0.0,"holdPartIDs":[],"installPartIDs":[3],"partDirections":null},{"Deformation":null,"compliance":0.0,"holdPartIDs":[],"installPartIDs":[4],"partDirections":null},{"Deformation":null,"compliance":0.0,"holdPartIDs":[],"installPartIDs":[0],"partDirections":null},{"Deformation":null,"compliance":0.0,"holdPartIDs":[],"installPartIDs":[14],"partDirections":null},{"Deformation":null,"compliance":0.0,"holdPartIDs":[],"installPartIDs":[19],"partDirections":null},{"Deformation":null,"compliance":0.0,"holdPartIDs":[],"installPartIDs":[9],"partDirections":null},{"Deformation":null,"compliance":0.0,"holdPartIDs":[],"installPartIDs":[16],"partDirections":null},{"Deformation":null,"compliance":0.0,"holdPartIDs":[],"installPartIDs":[35],"partDirections":null},{"Deformation":null,"compliance":0.0,"holdPartIDs":[],"installPartIDs":[32],"partDirections":null},{"Deformation":null,"compliance":0.0,"holdPartIDs":[],"installPartIDs":[45],"partDirections":null},{"Deformation":null,"compliance":0.0,"holdPartIDs":[],"installPartIDs":[38],"partDirections":null},{"Deformation":null,"compliance":0.0,"holdPartIDs":[],"installPartIDs":[33],"partDirections":null},{"Deformation":null,"compliance":0.0,"holdPartIDs":[],"installPartIDs":[28],"partDirections":null},{"Deformation":null,"compliance":0.0,"holdPartIDs":[],"installPartIDs":[48],"partDirections":null},{"Deformation":null,"compliance":0.0,"holdPartIDs":[],"installPartIDs":[43],"partDirections":null},{"Deformation":null,"compliance":0.0,"holdPartIDs":[],"installPartIDs":[5],"partDirections":null},{"Deformation":null,"compliance":0.0,"holdPartIDs":[],"installPartIDs":[12],"partDirections":null},{"Deformation":null,"compliance":0.0,"holdPartIDs":[],"installPartIDs":[30],"partDirections":null},{"Deformation":null,"compliance":0.0,"holdPartIDs":[],"installPartIDs":[29],"partDirections":null},{"Deformation":null,"compliance":0.0,"holdPartIDs":[],"installPartIDs":[24],"partDirections":null},{"Deformation":null,"compliance":0.0,"holdPartIDs":[],"installPartIDs":[10],"partDirections":null},{"Deformation":null,"compliance":0.0,"holdPartIDs":[],"installPartIDs":[7],"partDirections":null},{"Deformation":null,"compliance":0.0,"holdPartIDs":[],"installPartIDs":[21],"partDirections":null},{"Deformation":null,"compliance":0.0,"holdPartIDs":[],"installPartIDs":[23],"partDirections":null},{"Deformation":null,"compliance":0.0,"holdPartIDs":[],"installPartIDs":[26],"partDirections":null},{"Deformation":null,"compliance":0.0,"holdPartIDs":[],"installPartIDs":[25],"partDirections":null},{"Deformation":null,"compliance":0.0,"holdPartIDs":[],"installPartIDs":[20],"partDirections":null},{"Deformation":null,"compliance":0.0,"holdPartIDs":[],"installPartIDs":[22],"partDirections":null},{"Deformation":null,"compliance":0.0,"holdPartIDs":[],"installPartIDs":[34],"partDirections":null},{"Deformation":null,"compliance":0.0,"holdPartIDs":[],"installPartIDs":[27],"partDirections":null},{"Deformation":null,"compliance":0.0,"holdPartIDs":[],"installPartIDs":[1],"partDirections":null},{"Deformation":null,"compliance":0.0,"holdPartIDs":[],"installPartIDs":[17],"partDirections":null},{"Deformation":null,"compliance":0.0,"holdPartIDs":[],"installPartIDs":[18],"partDirections":null},{"Deformation":null,"compliance":0.0,"holdPartIDs":[],"installPartIDs":[15],"partDirections":null},{"Deformation":null,"compliance":0.0,"holdPartIDs":[],"installPartIDs":[2],"partDirections":null},{"Deformation":null,"compliance":0.0,"holdPartIDs":[],"installPartIDs":[13],"partDirections":null},{"Deformation":null,"compliance":0.0,"holdPartIDs":[],"installPartIDs":[36],"partDirections":null},{"Deformation":null,"compliance":0.0,"holdPartIDs":[],"installPartIDs":[41],"partDirections":null},{"Deformation":null,"compliance":0.0,"holdPartIDs":[],"installPartIDs":[39],"partDirections":null},{"Deformation":null,"compliance":0.0,"holdPartIDs":[],"installPartIDs":[31],"partDirections":null},{"Deformation":null,"compliance":0.0,"holdPartIDs":[],"installPartIDs":[11],"partDirections":null},{"Deformation":null,"compliance":0.0,"holdPartIDs":[],"installPartIDs":[8],"partDirections":null},{"Deformation":null,"compliance":0.0,"holdPartIDs":[],"installPartIDs":[42],"partDirections":null},{"Deformation":null,"compliance":0.0,"holdPartIDs":[],"installPartIDs":[47],"partDirections":null},{"Deformation":null,"compliance":0.0,"holdPartIDs":[],"installPartIDs":[44],"partDirections":null},{"Deformation":null,"compliance":0.0,"holdPartIDs":[],"installPartIDs":[46],"partDirections":null},{"Deformation":null,"compliance":0.0,"holdPartIDs":[],"installPartIDs":[40],"partDirections":null},{"Deformation":null,"compliance":0.0,"holdPartIDs":[],"installPartIDs":[37],"partDirections":null}],"benchmark_compliance":0.00014050300218375024,"benchmark_time":10.000549958,"cross_secs":[{"A":7.853981633974483e-05}],"elements":[{"end_node_inds":[0,1]},{"end_node_inds":[0,3]},{"end_node_inds":[1,3]},{"end_node_inds":[2,3]},{"end_node_inds":[1,4]},{"end_node_inds":[3,4]},{"end_node_inds":[3,5]},{"end_node_inds":[1,6]},{"end_node_inds":[1,7]},{"end_node_inds":[6,7]},{"end_node_inds":[3,8]},{"end_node_inds":[3,9]},{"end_node_inds":[6,9]},{"end_node_inds":[7,9]},{"end_node_inds":[8,9]},{"end_node_inds":[1,10]},{"end_node_inds":[7,10]},{"end_node_inds":[9,10]},{"end_node_inds":[3,11]},{"end_node_inds":[9,11]},{"end_node_inds":[12,13]},{"end_node_inds":[13,14]},{"end_node_inds":[12,15]},{"end_node_inds":[13,15]},{"end_node_inds":[14,15]},{"end_node_inds":[12,16]},{"end_node_inds":[13,16]},{"end_node_inds":[14,16]},{"end_node_inds":[15,16]},{"end_node_inds":[14,17]},{"end_node_inds":[14,18]},{"end_node_inds":[16,18]},{"end_node_inds":[17,18]},{"end_node_inds":[16,19]},{"end_node_inds":[18,19]},{"end_node_inds":[18,20]},{"end_node_inds":[16,21]},{"end_node_inds":[16,22]},{"end_node_inds":[21,22]},{"end_node_inds":[18,23]},{"end_node_inds":[18,24]},{"end_node_inds":[21,24]},{"end_node_inds":[22,24]},{"end_node_inds":[23,24]},{"end_node_inds":[16,25]},{"end_node_inds":[22,25]},{"end_node_inds":[24,25]},{"end_node_inds":[18,26]},{"end_node_inds":[24,26]}],"materials":[{"E":129000000.0,"G12":46071428.57142857,"density":58.0}],"nodes":[{"is_grounded":1,"node_ind":0,"point":[0.0,0.0,0.0]},{"is_grounded":0,"node_ind":1,"point":[0.017241379310344827,0.017241379310344827,0.3275862068965517]},{"is_grounded":1,"node_ind":2,"point":[0.0,1.2948275862068965,0.0]},{"is_grounded":0,"node_ind":3,"point":[0.017241379310344827,1.2775862068965516,0.3275862068965517]},{"is_grounded":1,"node_ind":4,"point":[0.034482758620689655,0.034482758620689655,0.034482758620689655]},{"is_grounded":1,"node_ind":5,"point":[0.034482758620689655,1.2603448275862068,0.034482758620689655]},{"is_grounded":1,"node_ind":6,"point":[1.4137931034482758,0.034482758620689655,0.034482758620689655]},{"is_grounded":0,"node_ind":7,"point":[1.4310344827586208,0.017241379310344827,0.3275862068965517]},{"is_grounded":1,"node_ind":8,"point":[1.4137931034482758,1.2603448275862068,0.034482758620689655]},{"is_grounded":0,"node_ind":9,"point":[1.4310344827586208,1.2775862068965516,0.3275862068965517]},{"is_grounded":1,"node_ind":10,"point":[1.4482758620689655,0.0,0.0]},{"is_grounded":1,"node_ind":11,"point":[1.4482758620689655,1.2948275862068965,0.0]},{"is_grounded":0,"node_ind":12,"point":[1.543390523976293,0.32572561035156244,1.0206127635035023]},{"is_grounded":0,"node_ind":13,"point":[1.5435024919181033,0.7218514129849137,1.0012794450431035]},{"is_grounded":0,"node_ind":14,"point":[1.5435024919181033,1.062900341796875,1.0293297279094829]},{"is_grounded":1,"node_ind":15,"point":[1.5517241379310345,0.0,0.0]},{"is_grounded":0,"node_ind":16,"point":[1.568930775862069,0.01668879310344831,1.29545]},{"is_grounded":1,"node_ind":17,"point":[1.5517241379310345,1.2948275862068965,0.0]},{"is_grounded":0,"node_ind":18,"point":[1.5689308620689655,1.2776637931034482,1.29545]},{"is_grounded":1,"node_ind":19,"point":[1.5862068965517242,0.034482758620689655,0.034482758620689655]},{"is_grounded":1,"node_ind":20,"point":[1.5862068965517242,1.2603448275862068,0.034482758620689655]},{"is_grounded":1,"node_ind":21,"point":[2.9655172413793105,0.034482758620689655,0.034482758620689655]},{"is_grounded":0,"node_ind":22,"point":[2.9834310344827584,0.01668879310344831,1.29545]},{"is_grounded":1,"node_ind":23,"point":[2.9655172413793105,1.2603448275862068,0.034482758620689655]},{"is_grounded":0,"node_ind":24,"point":[2.9834310344827584,1.2776637931034482,1.29545]},{"is_grounded":1,"node_ind":25,"point":[3.0,0.0,0.0]},{"is_grounded":1,"node_ind":26,"point":[3.0,1.2948275862068965,0.0]}]}