{"assembly_sequence":[{"Deformation":null,"compliance":0.0,"holdPartIDs":[],"installPartIDs":[17],"partDirections":null},{"Deformation":null,"compliance":0.0,"holdPartIDs":[],"installPartIDs":[32],"partDirections":null},{"Deformation":null,"compliance":0.0,"holdPartIDs":[],"installPartIDs":[30],"partDirections":null},{"Deformation":null,"compliance":0.0,"holdPartIDs":[],"installPartIDs":[33],"partDirections":null},{"Deformation":null,"compliance":0.0,"holdPartIDs":[],"installPartIDs":[29],"partDirections":null},{"Deformation":null,"compliance":0.0,"holdPartIDs":[],"installPartIDs":[38],"partDirections":null},{"Deformation":null,"compliance":0.0,"holdPartIDs":[],"installPartIDs":[13],"partDirections":null},{"Deformation":null,"compliance":0.0,"holdPartIDs":[],"installPartIDs":[12],"partDirections":null},{"Deformation":null,"compliance":0.0,"holdPartIDs":[],"installPartIDs":[21],"partDirections":null},{"Deformation":null,"compliance":0.0,"holdPartIDs":[],"installPartIDs":[31],"partDirections":null},{"Deformation":null,"compliance":0.0,"holdPartIDs":[],"installPartIDs":[20],"partDirections":null},{"Deformation":null,"compliance":0.0,"holdPartIDs":[],"installPartIDs":[8],"partDirections":null},{"Deformation":null,"compliance":0.0,"holdPartIDs":[],"installPartIDs":[36],"partDirections":null},{"Deformation":null,"compliance":0.0,"holdPartIDs":[],"installPartIDs":[19],"partDirections":null},{"Deformation":null,"compliance":0.0,"holdPartIDs":[],"installPartIDs":[22],"partDirections":null},{"Deformation":null,"compliance":0.0,"holdPartIDs":[],"installPartIDs":[7],"partDirections":null},{"Deformation":null,"compliance":0.0,"holdPartIDs":[],"installPartIDs":[5],"partDirections":null},{"Deformation":null,"compliance":0.0,"holdPartIDs":[],"installPartIDs":[3],"partDirections":null},{"Deformation":null,"compliance":0.0,"holdPartIDs":[],"installPartIDs":[18],"partDirections":null},{"Deformation":null,"compliance":0.0,"holdPartIDs":[],"installPartIDs":[35],"partDirections":null},{"Deformation":null,"compliance":0.0,"holdPartIDs":[],"installPartIDs":[34],"partDirections":null},{"Deformation":null,"compliance":0.0,"holdPartIDs":[],"installPartIDs":[26],"partDirections":null},{"Deformation":null,"compliance":0.0,"holdPartIDs":[],"installPartIDs":[42],"partDirections":null},{"Deformation":null,"compliance":0.0,"holdPartIDs":[],"installPartIDs":[43],"partDirections":null},{"Deformation":null,"compliance":0.0,"holdPartIDs":[],"installPartIDs":[40],"partDirections":null},{"Deformation":null,"compliance":0.0,"holdPartIDs":[],"installPartIDs":[41],"partDirections":null},{"Deformation":null,"compliance":0.0,"holdPartIDs":[],"installPartIDs":[28],"partDirections":null},{"Deformation":null,"compliance":0.0,"holdPartIDs":[],"installPartIDs":[39],"partDirections":null},{"Deformation":null,"compliance":0.0,"holdPartIDs":[],"installPartIDs":[37],"partDirections":null},{"Deformation":null,"compliance":0.0,"holdPartIDs":[],"installPartIDs":[23],"partDirections":null},{"Deformation":null,"compliance":0.0,"holdPartIDs":[],"installPartIDs":[27],"partDirections":null},{"Deformation":null,"compliance":0.0,"holdPartIDs":[],"installPartIDs":[25],"partDirections":null},{"Deformation":null,"compliance":0.0,"holdPartIDs":[],"installPartIDs":[15],"partDirections":null},{"Deformation":null,"compliance":0.0,"holdPartIDs":[],"installPartIDs":[6],"partDirections":null},{"Deformation":null,"compliance":0.0,"holdPartIDs":[],"installPartIDs":[14],"partDirections":null},{"Deformation":null,"compliance":0.0,"holdPartIDs":[],"installPartIDs":[1],"partDirections":null},{"Deformation":null,"compliance":0.0,"holdPartIDs":[],"installPartIDs":[0],"partDirections":null},{"Deformation":null,"compliance":0.0,"holdPartIDs":[],"installPartIDs":[2],"partDirections":null},{"Deformation":null,"compliance":0.0,"holdPartIDs":[],"installPartIDs":[4],"partDirections":null},{"Deformation":null,"compliance":0.0,"holdPartIDs":[],"installPartIDs":[16],"partDirections":null},{"Deformation":null,"compliance":0.0,"holdPartIDs":[],"installPartIDs":[9],"partDirections":null},{"Deformation":null,"compliance":0.0,"holdPartIDs":[],"installPartIDs":[10],"partDirections":null},{"Deformation":null,"compliance":0.0,"holdPartIDs":[],"installPartIDs":[24],"partDirections":null},{"Deformation":null,"compliance":0.0,"holdPartIDs":[],"installPartIDs":[11],"partDirections":null}],"benchmark_compliance":0.0017542188401597385,"benchmark_time":10.000332083,"cross_secs":[{"A":7.853981633974483e-05}],"elements":[{"end_node_inds":[0,1]},{"end_node_inds":[0,2]},{"end_node_inds":[1,2]},{"end_node_inds":[0,3]},{"end_node_inds":[1,3]},{"end_node_inds":[0,4]},{"end_node_inds":[2,4]},{"end_node_inds":[0,5]},{"end_node_inds":[3,5]},{"end_node_inds":[1,6]},{"end_node_inds":[2,6]},{"end_node_inds":[3,6]},{"end_node_inds":[0,7]},{"end_node_inds":[5,7]},{"end_node_inds":[2,8]},{"end_node_inds":[4,8]},{"end_node_inds":[6,8]},{"end_node_inds":[5,9]},{"end_node_inds":[3,10]},{"end_node_inds":[3,11]},{"end_node_inds":[5,11]},{"end_node_inds":[9,11]},{"end_node_inds":[10,11]},{"end_node_inds":[3,12]},{"end_node_inds":[6,12]},{"end_node_inds":[8,12]},{"end_node_inds":[4,13]},{"end_node_inds":[8,13]},{"end_node_inds":[12,13]},{"end_node_inds":[4,14]},{"end_node_inds":[9,14]},{"end_node_inds":[11,14]},{"end_node_inds":[13,15]},{"end_node_inds":[14,15]},{"end_node_inds":[3,16]},{"end_node_inds":[10,16]},{"end_node_inds":[11,16]},{"end_node_inds":[12,16]},{"end_node_inds":[14,16]},{"end_node_inds":[12,17]},{"end_node_inds":[13,17]},{"end_node_inds":[14,17]},{"end_node_inds":[15,17]},{"end_node_inds":[16,17]}],"materials":[{"E":129000000.0,"G12":46071428.57142857,"density":58.0}],"nodes":[{"is_grounded":0,"node_ind":0,"point":[0.0,1.9254599629386282,1.1921193208647354]},{"is_grounded":0,"node_ind":1,"point":[0.1829917729366998,1.4123504592889005,2.383278018567497]},{"is_grounded":0,"node_ind":2,"point":[0.2540661963960278,0.5033208811563282,1.4655172454276129]},{"is_grounded":0,"node_ind":3,"point":[0.6331449735297293,2.5570495348465068,2.293685535664286]},{"is_grounded":1,"node_ind":4,"point":[1.1790473255764595,0.7676220979745938,0.028216923328813315]},{"is_grounded":0,"node_ind":5,"point":[0.7429399182457171,2.7706116521922275,0.8646695248801198]},{"is_grounded":0,"node_ind":6,"point":[1.0669443789262656,0.3180280131287543,2.4327068083199537]},{"is_grounded":1,"node_ind":7,"point":[0.6303352309518206,1.7800679825804495,0.0]},{"is_grounded":0,"node_ind":8,"point":[1.5018013875419396,0.0,1.2442075224655251]},{"is_grounded":1,"node_ind":9,"point":[1.4202693208288268,2.490109290937501,0.1482363550072468]},{"is_grounded":0,"node_ind":10,"point":[1.641469895403734,2.822794346242221,2.3511598117670913]},{"is_grounded":0,"node_ind":11,"point":[1.908160039361587,2.9999999999999996,1.2357080780144605]},{"is_grounded":0,"node_ind":12,"point":[2.3492047689305093,0.7306837518406014,2.4333270663563744]},{"is_grounded":0,"node_ind":13,"point":[2.3131042381288456,0.4135247520368584,0.7952534645532205]},{"is_grounded":0,"node_ind":14,"point":[2.341059362737178,2.161034374670792,0.3287240363720289]},{"is_grounded":1,"node_ind":15,"point":[2.3036992941517096,1.1730119033312711,0.10703711916479693]},{"is_grounded":0,"node_ind":16,"point":[2.550289310837129,2.375266332596492,2.1765881599191856]},{"is_grounded":0,"node_ind":17,"point":[2.972551424721365,1.5696304139807031,1.267345623587113]}]}