{"assembly_sequence":[{"Deformation":null,"compliance":0.0,"holdPartIDs":[],"installPartIDs":[11],"partDirections":null},{"Deformation":null,"compliance":0.0,"holdPartIDs":[],"installPartIDs":[27],"partDirections":null},{"Deformation":null,"compliance":0.0,"holdPartIDs":[],"installPartIDs":[8],"partDirections":null},{"Deformation":null,"compliance":0.0,"holdPartIDs":[],"installPartIDs":[10],"partDirections":null},{"Deformation":null,"compliance":0.0,"holdPartIDs":[],"installPartIDs":[25],"partDirections":null},{"Deformation":null,"compliance":0.0,"holdPartIDs":[],"installPartIDs":[20],"partDirections":null},{"Deformation":null,"compliance":0.0,"holdPartIDs":[],"installPartIDs":[26],"partDirections":null},{"Deformation":null,"compliance":0.0,"holdPartIDs":[],"installPartIDs":[6],"partDirections":null},{"Deformation":null,"compliance":0.0,"holdPartIDs":[],"installPartIDs":[36],"partDirections":null},{"Deformation":null,"compliance":0.0,"holdPartIDs":[],"installPartIDs":[19],"partDirections":null},{"Deformation":null,"compliance":0.0,"holdPartIDs":[],"installPartIDs":[35],"partDirections":null},{"Deformation":null,"compliance":0.0,"holdPartIDs":[],"installPartIDs":[15],"partDirections":null},{"Deformation":null,"compliance":0.0,"holdPartIDs":[],"installPartIDs":[30],"partDirections":null},{"Deformation":null,"compliance":0.0,"holdPartIDs":[],"installPartIDs":[39],"partDirections":null},{"Deformation":null,"compliance":0.0,"holdPartIDs":[],"installPartIDs":[24],"partDirections":null},{"Deformation":null,"compliance":0.0,"holdPartIDs":[],"installPartIDs":[16],"partDirections":null},{"Deformation":null,"compliance":0.0,"holdPartIDs":[],"installPartIDs":[40],"partDirections":null},{"Deformation":null,"compliance":0.0,"holdPartIDs":[],"installPartIDs":[23],"partDirections":null},{"Deformation":null,"compliance":0.0,"holdPartIDs":[],"installPartIDs":[29],"partDirections":null},{"Deformation":null,"compliance":0.0,"holdPartIDs":[],"installPartIDs":[38],"partDirections":null},{"Deformation":null,"compliance":0.0,"holdPartIDs":[],"installPartIDs":[37],"partDirections":null},{"Deformation":null,"compliance":0.0,"holdPartIDs":[],"installPartIDs":[33],"partDirections":null},{"Deformation":null,"compliance":0.0,"holdPartIDs":[],"installPartIDs":[34],"partDirections":null},{"Deformation":null,"compliance":0.0,"holdPartIDs":[],"installPartIDs":[5],"partDirections":null},{"Deformation":null,"compliance":0.0,"holdPartIDs":[],"installPartIDs":[3],"partDirections":null},{"Deformation":null,"compliance":0.0,"holdPartIDs":[],"installPartIDs":[21],"partDirections":null},{"Deformation":null,"compliance":0.0,"holdPartIDs":[],"installPartIDs":[17],"partDirections":null},{"Deformation":null,"compliance":0.0,"holdPartIDs":[],"installPartIDs":[32],"partDirections":null},{"Deformation":null,"compliance":0.0,"holdPartIDs":[],"installPartIDs":[31],"partDirections":null},{"Deformation":null,"compliance":0.0,"holdPartIDs":[],"installPartIDs":[14],"partDirections":null},{"Deformation":null,"compliance":0.0,"holdPartIDs":[],"installPartIDs":[18],"partDirections":null},{"Deformation":null,"compliance":0.0,"holdPartIDs":[],"installPartIDs":[28],"partDirections":null},{"Deformation":null,"compliance":0.0,"holdPartIDs":[],"installPartIDs":[13],"partDirections":null},{"Deformation":null,"compliance":0.0,"holdPartIDs":[],"installPartIDs":[22],"partDirections":null},{"Deformation":null,"compliance":0.0,"holdPartIDs":[],"installPartIDs":[12],"partDirections":null},{"Deformation":null,"compliance":0.0,"holdPartIDs":[],"installPartIDs":[1],"partDirections":null},{"Deformation":null,"compliance":0.0,"holdPartIDs":[],"installPartIDs":[7],"partDirections":null},{"Deformation":null,"compliance":0.0,"holdPartIDs":[],"installPartIDs":[9],"partDirections":null},{"Deformation":null,"compliance":0.0,"holdPartIDs":[],"installPartIDs":[0],"partDirections":null},{"Deformation":null,"compliance":0.0,"holdPartIDs":[],"installPartIDs":[4],"partDirections":null},{"Deformation":null,"compliance":0.0,"holdPartIDs":[],"installPartIDs":[2],"partDirections":null}],"benchmark_compliance":2.025550561788414e-05,"benchmark_time":10.0002755,"cross_secs":[{"A":7.853981633974483e-05}],"elements":[{"end_node_inds":[0,2]},{"end_node_inds":[1,3]},{"end_node_inds":[0,4]},{"end_node_inds":[2,4]},{"end_node_inds":[0,5]},{"end_node_inds":[2,5]},{"end_node_inds":[4,5]},{"end_node_inds":[1,6]},{"end_node_inds":[3,6]},{"end_node_inds":[1,7]},{"end_node_inds":[3,7]},{"end_node_inds":[6,7]},{"end_node_inds":[2,8]},{"end_node_inds":[4,8]},{"end_node_inds":[5,8]},{"end_node_inds":[3,9]},{"end_node_inds":[7,9]},{"end_node_inds":[4,10]},{"end_node_inds":[8,10]},{"end_node_inds":[7,11]},{"end_node_inds":[9,11]},{"end_node_inds":[4,12]},{"end_node_inds":[8,12]},{"end_node_inds":[10,12]},{"end_node_inds":[3,13]},{"end_node_inds":[7,13]},{"end_node_inds":[9,13]},{"end_node_inds":[11,13]},{"end_node_inds":[8,14]},{"end_node_inds":[10,14]},{"end_node_inds":[12,14]},{"end_node_inds":[12,15]},{"end_node_inds":[14,15]},{"end_node_inds":[9,16]},{"end_node_inds":[11,16]},{"end_node_inds":[9,17]},{"end_node_inds":[11,17]},{"end_node_inds":[16,17]},{"end_node_inds":[10,18]},{"end_node_inds":[14,18]},{"end_node_inds":[15,18]}],"materials":[{"E":129000000.0,"G12":46071428.57142857,"density":58.0}],"nodes":[{"is_grounded":0,"node_ind":0,"point":[0.0,3.0,0.1018338577311664]},{"is_grounded":0,"node_ind":1,"point":[0.14035374039678444,0.0,0.2793037546370202]},{"is_grounded":0,"node_ind":2,"point":[0.5772497638375576,2.8712088176486428,0.34457475675103155]},{"is_grounded":0,"node_ind":3,"point":[0.8058342390683572,0.181147906976756,0.44897308781692397]},{"is_grounded":0,"node_ind":4,"point":[0.6845387087598953,2.9562121870208027,0.2653531346216416]},{"is_grounded":1,"node_ind":5,"point":[0.8958816201736641,2.855426488583588,0.0]},{"is_grounded":1,"node_ind":6,"point":[0.9005327216881179,0.13739726746274597,0.06320985982366405]},{"is_grounded":0,"node_ind":7,"point":[0.9106098574842219,0.07958269120187546,0.27632516611220953]},{"is_grounded":0,"node_ind":8,"point":[1.204469024195961,2.7500441523157724,0.46454223709387144]},{"is_grounded":0,"node_ind":9,"point":[1.4923012985480473,0.4254652884253196,0.5716510311279287]},{"is_grounded":0,"node_ind":10,"point":[1.5631581493383562,2.6657242338113734,0.5335608914828562]},{"is_grounded":0,"node_ind":11,"point":[1.5671141078240727,0.35402023505290836,0.5873213613821585]},{"is_grounded":1,"node_ind":12,"point":[1.6856071243016635,2.4773055218358255,0.016832624307717755]},{"is_grounded":1,"node_ind":13,"point":[1.6117567461810451,0.3297544376818981,0.06598024263489166]},{"is_grounded":0,"node_ind":14,"point":[1.6428384222770893,2.3389632323126905,0.5559253929880253]},{"is_grounded":0,"node_ind":15,"point":[1.7251551168959236,1.6943057551659684,0.2630526025222356]},{"is_grounded":0,"node_ind":16,"point":[1.6898928320065698,1.1106533532199745,0.5924583949299228]},{"is_grounded":1,"node_ind":17,"point":[1.7845403269417601,0.9003602295350001,0.07012435593906581]},{"is_grounded":1,"node_ind":18,"point":[1.854722110685304,2.006186871771193,0.029549629861385103]}]}