{"assembly_sequence":[{"Deformation":null,"compliance":0.0,"holdPartIDs":[],"installPartIDs":[21],"partDirections":null},{"Deformation":null,"compliance":0.0,"holdPartIDs":[],"installPartIDs":[35],"partDirections":null},{"Deformation":null,"compliance":0.0,"holdPartIDs":[],"installPartIDs":[20],"partDirections":null},{"Deformation":null,"compliance":0.0,"holdPartIDs":[],"installPartIDs":[25],"partDirections":null},{"Deformation":null,"compliance":0.0,"holdPartIDs":[],"installPartIDs":[4],"partDirections":null},{"Deformation":null,"compliance":0.0,"holdPartIDs":[],"installPartIDs":[7],"partDirections":null},{"Deformation":null,"compliance":0.0,"holdPartIDs":[],"installPartIDs":[8],"partDirections":null},{"Deformation":null,"compliance":0.0,"holdPartIDs":[],"installPartIDs":[16],"partDirections":null},{"Deformation":null,"compliance":0.0,"holdPartIDs":[],"installPartIDs":[9],"partDirections":null},{"Deformation":null,"compliance":0.0,"holdPartIDs":[],"installPartIDs":[10],"partDirections":null},{"Deformation":null,"compliance":0.0,"holdPartIDs":[],"installPartIDs":[15],"partDirections":null},{"Deformation":null,"compliance":0.0,"holdPartIDs":[],"installPartIDs":[37],"partDirections":null},{"Deformation":null,"compliance":0.0,"holdPartIDs":[],"installPartIDs":[30],"partDirections":null},{"Deformation":null,"compliance":0.0,"holdPartIDs":[],"installPartIDs":[12],"partDirections":null},{"Deformation":null,"compliance":0.0,"holdPartIDs":[],"installPartIDs":[17],"partDirections":null},{"Deformation":null,"compliance":0.0,"holdPartIDs":[],"installPartIDs":[18],"partDirections":null},{"Deformation":null,"compliance":0.0,"holdPartIDs":[],"installPartIDs":[13],"partDirections":null},{"Deformation":null,"compliance":0.0,"holdPartIDs":[],"installPartIDs":[19],"partDirections":null},{"Deformation":null,"compliance":0.0,"holdPartIDs":[],"installPartIDs":[11],"partDirections":null},{"Deformation":null,"compliance":0.0,"holdPartIDs":[],"installPartIDs":[14],"partDirections":null},{"Deformation":null,"compliance":0.0,"holdPartIDs":[],"installPartIDs":[31],"partDirections":null},{"Deformation":null,"compliance":0.0,"holdPartIDs":[],"installPartIDs":[28],"partDirections":null},{"Deformation":null,"compliance":0.0,"holdPartIDs":[],"installPartIDs":[24],"partDirections":null},{"Deformation":null,"compliance":0.0,"holdPartIDs":[],"installPartIDs":[26],"partDirections":null},{"Deformation":null,"compliance":0.0,"holdPartIDs":[],"installPartIDs":[29],"partDirections":null},{"Deformation":null,"compliance":0.0,"holdPartIDs":[],"installPartIDs":[22],"partDirections":null},{"Deformation":null,"compliance":0.0,"holdPartIDs":[],"installPartIDs":[27],"partDirections":null},{"Deformation":null,"compliance":0.0,"holdPartIDs":[],"installPartIDs":[23],"partDirections":null},{"Deformation":null,"compliance":0.0,"holdPartIDs":[],"installPartIDs":[40],"partDirections":null},{"Deformation":null,"compliance":0.0,"holdPartIDs":[],"installPartIDs":[43],"partDirections":null},{"Deformation":null,"compliance":0.0,"holdPartIDs":[],"installPartIDs":[1],"partDirections":null},{"Deformation":null,"compliance":0.0,"holdPartIDs":[],"installPartIDs":[2],"partDirections":null},{"Deformation":null,"compliance":0.0,"holdPartIDs":[],"installPartIDs":[5],"partDirections":null},{"Deformation":null,"compliance":0.0,"holdPartIDs":[],"installPartIDs":[34],"partDirections":null},{"Deformation":null,"compliance":0.0,"holdPartIDs":[],"installPartIDs":[33],"partDirections":null},{"Deformation":null,"compliance":0.0,"holdPartIDs":[],"installPartIDs":[32],"partDirections":null},{"Deformation":null,"compliance":0.0,"holdPartIDs":[],"installPartIDs":[36],"partDirections":null},{"Deformation":null,"compliance":0.0,"holdPartIDs":[],"installPartIDs":[0],"partDirections":null},{"Deformation":null,"compliance":0.0,"holdPartIDs":[],"installPartIDs":[6],"partDirections":null},{"Deformation":null,"compliance":0.0,"holdPartIDs":[],"installPartIDs":[3],"partDirections":null},{"Deformation":null,"compliance":0.0,"holdPartIDs":[],"installPartIDs":[42],"partDirections":null},{"Deformation":null,"compliance":0.0,"holdPartIDs":[],"installPartIDs":[41],"partDirections":null},{"Deformation":null,"compliance":0.0,"holdPartIDs":[],"installPartIDs":[39],"partDirections":null},{"Deformation":null,"compliance":0.0,"holdPartIDs":[],"installPartIDs":[38],"partDirections":null}],"benchmark_compliance":2.820970088923552e-05,"benchmark_time":10.00015225,"cross_secs":[{"A":7.853981633974483e-05}],"elements":[{"end_node_inds":[0,1]},{"end_node_inds":[0,2]},{"end_node_inds":[0,3]},{"end_node_inds":[1,3]},{"end_node_inds":[2,3]},{"end_node_inds":[0,5]},{"end_node_inds":[1,5]},{"end_node_inds":[3,5]},{"end_node_inds":[3,6]},{"end_node_inds":[4,7]},{"end_node_inds":[6,7]},{"end_node_inds":[3,8]},{"end_node_inds":[5,8]},{"end_node_inds":[6,8]},{"end_node_inds":[7,8]},{"end_node_inds":[7,9]},{"end_node_inds":[7,10]},{"end_node_inds":[8,10]},{"end_node_inds":[8,11]},{"end_node_inds":[8,12]},{"end_node_inds":[10,12]},{"end_node_inds":[11,12]},{"end_node_inds":[10,14]},{"end_node_inds":[12,14]},{"end_node_inds":[14,15]},{"end_node_inds":[12,16]},{"end_node_inds":[14,16]},{"end_node_inds":[14,17]},{"end_node_inds":[13,18]},{"end_node_inds":[14,18]},{"end_node_inds":[16,18]},{"end_node_inds":[17,18]},{"end_node_inds":[16,20]},{"end_node_inds":[18,20]},{"end_node_inds":[19,20]},{"end_node_inds":[19,22]},{"end_node_inds":[20,22]},{"end_node_inds":[21,22]},{"end_node_inds":[13,23]},{"end_node_inds":[18,23]},{"end_node_inds":[19,23]},{"end_node_inds":[20,23]},{"end_node_inds":[21,23]},{"end_node_inds":[22,23]}],"materials":[{"E":129000000.0,"G12":46071428.57142857,"density":58.0}],"nodes":[{"is_grounded":0,"node_ind":0,"point":[0.0,0.7934643682854408,0.1315909204338293]},{"is_grounded":0,"node_ind":1,"point":[0.2924855650905719,0.426710184175472,0.20842052613721837]},{"is_grounded":1,"node_ind":2,"point":[0.30256251304595616,1.2570786120927422,0.04154818988015636]},{"is_grounded":0,"node_ind":3,"point":[0.4798066663397026,1.0564398944488331,0.24455619064804093]},{"is_grounded":1,"node_ind":4,"point":[0.5727428655214544,2.2213840605259816,0.03990303081723248]},{"is_grounded":1,"node_ind":5,"point":[0.7643570577941513,0.8413849131878742,0.09010927718131474]},{"is_grounded":1,"node_ind":6,"point":[0.5807007018289619,1.6844779431060466,0.08997181827695773]},{"is_grounded":0,"node_ind":7,"point":[0.8606820699359673,1.9400299241808088,0.16908734898577107]},{"is_grounded":0,"node_ind":8,"point":[0.9276709975586743,1.2862388910608902,0.24954483041711048]},{"is_grounded":1,"node_ind":9,"point":[1.1157666522089233,2.485327028076591,0.07613555288209194]},{"is_grounded":1,"node_ind":10,"point":[1.123014818846675,1.7606341757169288,0.08124921314720714]},{"is_grounded":1,"node_ind":11,"point":[1.3898869252420447,1.194834109439405,0.06988524241351002]},{"is_grounded":0,"node_ind":12,"point":[1.429950077588807,1.379942053468908,0.3289677796373798]},{"is_grounded":1,"node_ind":13,"point":[1.8570877754976771,1.8559483798956007,0.0]},{"is_grounded":0,"node_ind":14,"point":[1.8970553084728459,1.887359950316662,0.17617424851788183]},{"is_grounded":1,"node_ind":15,"point":[2.039803940306624,2.4024323776691716,0.0776563824310189]},{"is_grounded":1,"node_ind":16,"point":[1.9620609124266981,1.3080254117957855,0.09546236026445865]},{"is_grounded":1,"node_ind":17,"point":[2.4329905913763934,2.1311815191765255,0.048187302564142755]},{"is_grounded":0,"node_ind":18,"point":[2.390638039881349,1.527948972968712,0.12321006692046409]},{"is_grounded":1,"node_ind":19,"point":[2.45037240927789,0.518209991334666,0.06133964328859435]},{"is_grounded":0,"node_ind":20,"point":[2.715918101993801,1.0137255953634001,0.26229369243626666]},{"is_grounded":1,"node_ind":21,"point":[2.6309806506524165,0.0,0.08945933689705313]},{"is_grounded":0,"node_ind":22,"point":[2.6647083514144025,0.46291441239591946,0.32196739090012005]},{"is_grounded":0,"node_ind":23,"point":[3.0,0.4873579058986709,0.1197650822779021]}]}