{"assembly_sequence":[{"Deformation":null,"compliance":0.0,"holdPartIDs":[],"installPartIDs":[44],"partDirections":null},{"Deformation":null,"compliance":0.0,"holdPartIDs":[],"installPartIDs":[6],"partDirections":null},{"Deformation":null,"compliance":0.0,"holdPartIDs":[],"installPartIDs":[67],"partDirections":null},{"Deformation":null,"compliance":0.0,"holdPartIDs":[],"installPartIDs":[0],"partDirections":null},{"Deformation":null,"compliance":0.0,"holdPartIDs":[],"installPartIDs":[4],"partDirections":null},{"Deformation":null,"compliance":0.0,"holdPartIDs":[],"installPartIDs":[3],"partDirections":null},{"Deformation":null,"compliance":0.0,"holdPartIDs":[],"installPartIDs":[2],"partDirections":null},{"Deformation":null,"compliance":0.0,"holdPartIDs":[],"installPartIDs":[1],"partDirections":null},{"Deformation":null,"compliance":0.0,"holdPartIDs":[],"installPartIDs":[5],"partDirections":null},{"Deformation":null,"compliance":0.0,"holdPartIDs":[],"installPartIDs":[65],"partDirections":null},{"Deformation":null,"compliance":0.0,"holdPartIDs":[],"installPartIDs":[55],"partDirections":null},{"Deformation":null,"compliance":0.0,"holdPartIDs":[],"installPartIDs":[56],"partDirections":null},{"Deformation":null,"compliance":0.0,"holdPartIDs":[],"installPartIDs":[9],"partDirections":null},{"Deformation":null,"compliance":0.0,"holdPartIDs":[],"installPartIDs":[7],"partDirections":null},{"Deformation":null,"compliance":0.0,"holdPartIDs":[],"installPartIDs":[8],"partDirections":null},{"Deformation":null,"compliance":0.0,"holdPartIDs":[],"installPartIDs":[11],"partDirections":null},{"Deformation":null,"compliance":0.0,"holdPartIDs":[],"installPartIDs":[29],"partDirections":null},{"Deformation":null,"compliance":0.0,"holdPartIDs":[],"installPartIDs":[10],"partDirections":null},{"Deformation":null,"compliance":0.0,"holdPartIDs":[],"installPartIDs":[38],"partDirections":null},{"Deformation":null,"compliance":0.0,"holdPartIDs":[],"installPartIDs":[51],"partDirections":null},{"Deformation":null,"compliance":0.0,"holdPartIDs":[],"installPartIDs":[53],"partDirections":null},{"Deformation":null,"compliance":0.0,"holdPartIDs":[],"installPartIDs":[37],"partDirections":null},{"Deformation":null,"compliance":0.0,"holdPartIDs":[],"installPartIDs":[43],"partDirections":null},{"Deformation":null,"compliance":0.0,"holdPartIDs":[],"installPartIDs":[22],"partDirections":null},{"Deformation":null,"compliance":0.0,"holdPartIDs":[],"installPartIDs":[42],"partDirections":null},{"Deformation":null,"compliance":0.0,"holdPartIDs":[],"installPartIDs":[23],"partDirections":null},{"Deformation":null,"compliance":0.0,"holdPartIDs":[],"installPartIDs":[40],"partDirections":null},{"Deformation":null,"compliance":0.0,"holdPartIDs":[],"installPartIDs":[68],"partDirections":null},{"Deformation":null,"compliance":0.0,"holdPartIDs":[],"installPartIDs":[61],"partDirections":null},{"Deformation":null,"compliance":0.0,"holdPartIDs":[],"installPartIDs":[62],"partDirections":null},{"Deformation":null,"compliance":0.0,"holdPartIDs":[],"installPartIDs":[63],"partDirections":null},{"Deformation":null,"compliance":0.0,"holdPartIDs":[],"installPartIDs":[66],"partDirections":null},{"Deformation":null,"compliance":0.0,"holdPartIDs":[],"installPartIDs":[19],"partDirections":null},{"Deformation":null,"compliance":0.0,"holdPartIDs":[],"installPartIDs":[12],"partDirections":null},{"Deformation":null,"compliance":0.0,"holdPartIDs":[],"installPartIDs":[20],"partDirections":null},{"Deformation":null,"compliance":0.0,"holdPartIDs":[],"installPartIDs":[39],"partDirections":null},{"Deformation":null,"compliance":0.0,"holdPartIDs":[],"installPartIDs":[33],"partDirections":null},{"Deformation":null,"compliance":0.0,"holdPartIDs":[],"installPartIDs":[64],"partDirections":null},{"Deformation":null,"compliance":0.0,"holdPartIDs":[],"installPartIDs":[31],"partDirections":null},{"Deformation":null,"compliance":0.0,"holdPartIDs":[],"installPartIDs":[13],"partDirections":null},{"Deformation":null,"compliance":0.0,"holdPartIDs":[],"installPartIDs":[49],"partDirections":null},{"Deformation":null,"compliance":0.0,"holdPartIDs":[],"installPartIDs":[60],"partDirections":null},{"Deformation":null,"compliance":0.0,"holdPartIDs":[],"installPartIDs":[14],"partDirections":null},{"Deformation":null,"compliance":0.0,"holdPartIDs":[],"installPartIDs":[24],"partDirections":null},{"Deformation":null,"compliance":0.0,"holdPartIDs":[],"installPartIDs":[17],"partDirections":null},{"Deformation":null,"compliance":0.0,"holdPartIDs":[],"installPartIDs":[50],"partDirections":null},{"Deformation":null,"compliance":0.0,"holdPartIDs":[],"installPartIDs":[15],"partDirections":null},{"Deformation":null,"compliance":0.0,"holdPartIDs":[],"installPartIDs":[48],"partDirections":null},{"Deformation":null,"compliance":0.0,"holdPartIDs":[],"installPartIDs":[32],"partDirections":null},{"Deformation":null,"compliance":0.0,"holdPartIDs":[],"installPartIDs":[30],"partDirections":null},{"Deformation":null,"compliance":0.0,"holdPartIDs":[],"installPartIDs":[16],"partDirections":null},{"Deformation":null,"compliance":0.0,"holdPartIDs":[],"installPartIDs":[58],"partDirections":null},{"Deformation":null,"compliance":0.0,"holdPartIDs":[],"installPartIDs":[57],"partDirections":null},{"Deformation":null,"compliance":0.0,"holdPartIDs":[],"installPartIDs":[18],"partDirections":null},{"Deformation":null,"compliance":0.0,"holdPartIDs":[],"installPartIDs":[21],"partDirections":null},{"Deformation":null,"compliance":0.0,"holdPartIDs":[],"installPartIDs":[52],"partDirections":null},{"Deformation":null,"compliance":0.0,"holdPartIDs":[],"installPartIDs":[35],"partDirections":null},{"Deformation":null,"compliance":0.0,"holdPartIDs":[],"installPartIDs":[46],"partDirections":null},{"Deformation":null,"compliance":0.0,"holdPartIDs":[],"installPartIDs":[47],"partDirections":null},{"Deformation":null,"compliance":0.0,"holdPartIDs":[],"installPartIDs":[34],"partDirections":null},{"Deformation":null,"compliance":0.0,"holdPartIDs":[],"installPartIDs":[59],"partDirections":null},{"Deformation":null,"compliance":0.0,"holdPartIDs":[],"installPartIDs":[45],"partDirections":null},{"Deformation":null,"compliance":0.0,"holdPartIDs":[],"installPartIDs":[27],"partDirections":null},{"Deformation":null,"compliance":0.0,"holdPartIDs":[],"installPartIDs":[28],"partDirections":null},{"Deformation":null,"compliance":0.0,"holdPartIDs":[],"installPartIDs":[36],"partDirections":null},{"Deformation":null,"compliance":0.0,"holdPartIDs":[],"installPartIDs":[54],"partDirections":null},{"Deformation":null,"compliance":0.0,"holdPartIDs":[],"installPartIDs":[41],"partDirections":null},{"Deformation":null,"compliance":0.0,"holdPartIDs":[],"installPartIDs":[26],"partDirections":null},{"Deformation":null,"compliance":0.0,"holdPartIDs":[],"installPartIDs":[25],"partDirections":null}],"benchmark_compliance":0.0012888780586133833,"benchmark_time":10.000451084,"cross_secs":[{"A":7.853981633974483e-05}],"elements":[{"end_node_inds":[0,1]},{"end_node_inds":[0,3]},{"end_node_inds":[1,3]},{"end_node_inds":[2,3]},{"end_node_inds":[1,4]},{"end_node_inds":[1,5]},{"end_node_inds":[4,5]},{"end_node_inds":[2,6]},{"end_node_inds":[3,6]},{"end_node_inds":[6,7]},{"end_node_inds":[6,8]},{"end_node_inds":[7,8]},{"end_node_inds":[0,9]},{"end_node_inds":[2,9]},{"end_node_inds":[4,9]},{"end_node_inds":[2,10]},{"end_node_inds":[7,10]},{"end_node_inds":[9,10]},{"end_node_inds":[1,11]},{"end_node_inds":[3,11]},{"end_node_inds":[6,11]},{"end_node_inds":[8,11]},{"end_node_inds":[4,12]},{"end_node_inds":[5,12]},{"end_node_inds":[9,12]},{"end_node_inds":[1,13]},{"end_node_inds":[5,13]},{"end_node_inds":[11,13]},{"end_node_inds":[12,13]},{"end_node_inds":[8,14]},{"end_node_inds":[10,14]},{"end_node_inds":[9,15]},{"end_node_inds":[10,15]},{"end_node_inds":[12,15]},{"end_node_inds":[8,16]},{"end_node_inds":[11,16]},{"end_node_inds":[13,16]},{"end_node_inds":[8,17]},{"end_node_inds":[14,17]},{"end_node_inds":[16,17]},{"end_node_inds":[12,18]},{"end_node_inds":[13,18]},{"end_node_inds":[12,19]},{"end_node_inds":[15,19]},{"end_node_inds":[18,19]},{"end_node_inds":[13,20]},{"end_node_inds":[16,20]},{"end_node_inds":[18,20]},{"end_node_inds":[10,21]},{"end_node_inds":[15,21]},{"end_node_inds":[10,22]},{"end_node_inds":[17,22]},{"end_node_inds":[16,23]},{"end_node_inds":[17,23]},{"end_node_inds":[20,23]},{"end_node_inds":[22,23]},{"end_node_inds":[18,24]},{"end_node_inds":[20,24]},{"end_node_inds":[10,25]},{"end_node_inds":[20,25]},{"end_node_inds":[21,25]},{"end_node_inds":[22,25]},{"end_node_inds":[23,25]},{"end_node_inds":[24,25]},{"end_node_inds":[15,26]},{"end_node_inds":[18,26]},{"end_node_inds":[21,26]},{"end_node_inds":[24,26]},{"end_node_inds":[25,26]}],"materials":[{"E":129000000.0,"G12":46071428.57142857,"density":58.0}],"nodes":[{"is_grounded":1,"node_ind":0,"point":[0.0,1.0126030320319284,0.0]},{"is_grounded":0,"node_ind":1,"point":[0.05215412068660742,1.0284238083445734,0.6274583251668775]},{"is_grounded":1,"node_ind":2,"point":[0.05585859412724419,1.9170122234468234,0.0]},{"is_grounded":0,"node_ind":3,"point":[0.05576811931068477,1.6895795065134545,0.6274583251668775]},{"is_grounded":1,"node_ind":4,"point":[0.4772448837422831,0.33224301234706843,0.0]},{"is_grounded":0,"node_ind":5,"point":[0.50860992596478,0.36738541645876127,0.6274583251668775]},{"is_grounded":0,"node_ind":6,"point":[0.35970378895866656,2.4041929608543784,0.6274583251668775]},{"is_grounded":1,"node_ind":7,"point":[0.613744267059936,2.6834886602116796,0.0]},{"is_grounded":0,"node_ind":8,"point":[0.9984636227978975,2.886971162915837,0.6274583251668775]},{"is_grounded":0,"node_ind":9,"point":[0.9444000886311585,1.2803469066002837,0.3287709416872171]},{"is_grounded":0,"node_ind":10,"point":[1.444622720675585,1.931184233776758,0.3810204709095862]},{"is_grounded":0,"node_ind":11,"point":[0.9467047358172218,1.6900293069814223,0.7571604240610261]},{"is_grounded":0,"node_ind":12,"point":[1.2808398605953273,0.0,0.31372916258343875]},{"is_grounded":0,"node_ind":13,"point":[1.4082263801850639,1.2044620001145987,0.7571604240610261]},{"is_grounded":1,"node_ind":14,"point":[1.428093231349531,3.0,0.0]},{"is_grounded":0,"node_ind":15,"point":[1.7229967576263785,0.8397569163729923,0.3255913707782431]},{"is_grounded":0,"node_ind":16,"point":[1.6905599695081792,2.0346929674732026,0.7571604240610261]},{"is_grounded":0,"node_ind":17,"point":[1.937479653674244,2.874311856756306,0.6274583251668775]},{"is_grounded":0,"node_ind":18,"point":[2.1930652504595325,0.16994340079075887,0.6274583251668775]},{"is_grounded":1,"node_ind":19,"point":[2.2133504212677155,0.12771410399158334,0.0]},{"is_grounded":0,"node_ind":20,"point":[2.066054907570682,1.2990553395492501,0.7571604240610261]},{"is_grounded":0,"node_ind":21,"point":[2.152970878225016,1.3201852410209534,0.32824115618098976]},{"is_grounded":1,"node_ind":22,"point":[2.464800678596358,2.64266052721913,0.0]},{"is_grounded":0,"node_ind":23,"point":[2.6506549475379244,2.404194527236023,0.6274583251668775]},{"is_grounded":0,"node_ind":24,"point":[2.86600290370008,0.8249778863007492,0.6274583251668775]},{"is_grounded":0,"node_ind":25,"point":[2.9743739331023713,1.693536173143553,0.31372916258343875]},{"is_grounded":1,"node_ind":26,"point":[2.914847723375439,0.8018546770586655,0.0]}]}