{"assembly_sequence":[{"Deformation":null,"compliance":0.0,"holdPartIDs":[],"installPartIDs":[19],"partDirections":null},{"Deformation":null,"compliance":0.0,"holdPartIDs":[],"installPartIDs":[31],"partDirections":null},{"Deformation":null,"compliance":0.0,"holdPartIDs":[],"installPartIDs":[11],"partDirections":null},{"Deformation":null,"compliance":0.0,"holdPartIDs":[],"installPartIDs":[17],"partDirections":null},{"Deformation":null,"compliance":0.0,"holdPartIDs":[],"installPartIDs":[8],"partDirections":null},{"Deformation":null,"compliance":0.0,"holdPartIDs":[],"installPartIDs":[33],"partDirections":null},{"Deformation":null,"compliance":0.0,"holdPartIDs":[],"installPartIDs":[23],"partDirections":null},{"Deformation":null,"compliance":0.0,"holdPartIDs":[],"installPartIDs":[16],"partDirections":null},{"Deformation":null,"compliance":0.0,"holdPartIDs":[],"installPartIDs":[4],"partDirections":null},{"Deformation":null,"compliance":0.0,"holdPartIDs":[],"installPartIDs":[1],"partDirections":null},{"Deformation":null,"compliance":0.0,"holdPartIDs":[],"installPartIDs":[3],"partDirections":null},{"Deformation":null,"compliance":0.0,"holdPartIDs":[],"installPartIDs":[24],"partDirections":null},{"Deformation":null,"compliance":0.0,"holdPartIDs":[],"installPartIDs":[20],"partDirections":null},{"Deformation":null,"compliance":0.0,"holdPartIDs":[],"installPartIDs":[25],"partDirections":null},{"Deformation":null,"compliance":0.0,"holdPartIDs":[],"installPartIDs":[0],"partDirections":null},{"Deformation":null,"compliance":0.0,"holdPartIDs":[],"installPartIDs":[13],"partDirections":null},{"Deformation":null,"compliance":0.0,"holdPartIDs":[],"installPartIDs":[14],"partDirections":null},{"Deformation":null,"compliance":0.0,"holdPartIDs":[],"installPartIDs":[12],"partDirections":null},{"Deformation":null,"compliance":0.0,"holdPartIDs":[],"installPartIDs":[32],"partDirections":null},{"Deformation":null,"compliance":0.0,"holdPartIDs":[],"installPartIDs":[34],"partDirections":null},{"Deformation":null,"compliance":0.0,"holdPartIDs":[],"installPartIDs":[28],"partDirections":null},{"Deformation":null,"compliance":0.0,"holdPartIDs":[],"installPartIDs":[26],"partDirections":null},{"Deformation":null,"compliance":0.0,"holdPartIDs":[],"installPartIDs":[18],"partDirections":null},{"Deformation":null,"compliance":0.0,"holdPartIDs":[],"installPartIDs":[5],"partDirections":null},{"Deformation":null,"compliance":0.0,"holdPartIDs":[],"installPartIDs":[7],"partDirections":null},{"Deformation":null,"compliance":0.0,"holdPartIDs":[],"installPartIDs":[22],"partDirections":null},{"Deformation":null,"compliance":0.0,"holdPartIDs":[],"installPartIDs":[6],"partDirections":null},{"Deformation":null,"compliance":0.0,"holdPartIDs":[],"installPartIDs":[9],"partDirections":null},{"Deformation":null,"compliance":0.0,"holdPartIDs":[],"installPartIDs":[21],"partDirections":null},{"Deformation":null,"compliance":0.0,"holdPartIDs":[],"installPartIDs":[15],"partDirections":null},{"Deformation":null,"compliance":0.0,"holdPartIDs":[],"installPartIDs":[2],"partDirections":null},{"Deformation":null,"compliance":0.0,"holdPartIDs":[],"installPartIDs":[29],"partDirections":null},{"Deformation":null,"compliance":0.0,"holdPartIDs":[],"installPartIDs":[27],"partDirections":null},{"Deformation":null,"compliance":0.0,"holdPartIDs":[],"installPartIDs":[10],"partDirections":null},{"Deformation":null,"compliance":0.0,"holdPartIDs":[],"installPartIDs":[30],"partDirections":null}],"benchmark_compliance":0.0002013557674862743,"benchmark_time":0.051267125,"cross_secs":[{"A":7.853981633974483e-05}],"elements":[{"end_node_inds":[0,2]},{"end_node_inds":[1,2]},{"end_node_inds":[3,6]},{"end_node_inds":[2,7]},{"end_node_inds":[3,7]},{"end_node_inds":[6,7]},{"end_node_inds":[2,9]},{"end_node_inds":[7,9]},{"end_node_inds":[1,10]},{"end_node_inds":[2,10]},{"end_node_inds":[4,10]},{"end_node_inds":[5,10]},{"end_node_inds":[7,10]},{"end_node_inds":[5,11]},{"end_node_inds":[10,11]},{"end_node_inds":[6,12]},{"end_node_inds":[7,12]},{"end_node_inds":[10,12]},{"end_node_inds":[6,13]},{"end_node_inds":[12,13]},{"end_node_inds":[5,14]},{"end_node_inds":[10,14]},{"end_node_inds":[11,14]},{"end_node_inds":[10,15]},{"end_node_inds":[12,15]},{"end_node_inds":[14,15]},{"end_node_inds":[14,16]},{"end_node_inds":[15,16]},{"end_node_inds":[12,17]},{"end_node_inds":[15,17]},{"end_node_inds":[12,18]},{"end_node_inds":[12,19]},{"end_node_inds":[17,19]},{"end_node_inds":[15,20]},{"end_node_inds":[17,20]}],"materials":[{"E":129000000.0,"G12":46071428.57142857,"density":58.0}],"nodes":[{"is_grounded":1,"node_ind":0,"point":[0.0,1.0621721888519666,0.018107123499106]},{"is_grounded":1,"node_ind":1,"point":[0.030746382222364848,2.0413235860788714,0.012071415666070666]},{"is_grounded":0,"node_ind":2,"point":[0.4181228980259433,1.3501729454374083,0.6798228754266651]},{"is_grounded":1,"node_ind":3,"point":[0.6758258594516648,0.17324161187405665,0.018107123499106]},{"is_grounded":1,"node_ind":4,"point":[0.3771094339616463,2.7312967850654215,0.0]},{"is_grounded":1,"node_ind":5,"point":[1.087208831158343,2.999089062710929,0.012071415666070666]},{"is_grounded":0,"node_ind":6,"point":[1.6742609083665734,0.3035607425553627,0.651188881603955]},{"is_grounded":0,"node_ind":7,"point":[1.1389397918537099,0.850829743411809,0.7332861864437582]},{"is_grounded":1,"node_ind":8,"point":[1.5985082971643008,1.6522171803863244,0.01609522088809422]},{"is_grounded":1,"node_ind":9,"point":[1.0493338151333618,1.0488783464888263,0.09657132532856533]},{"is_grounded":0,"node_ind":10,"point":[1.1309889581678756,1.9191098530937132,0.37598279008005625]},{"is_grounded":0,"node_ind":11,"point":[1.049333811295962,2.779052057693534,0.7956292150509897]},{"is_grounded":0,"node_ind":12,"point":[1.8664893185129678,1.1046594781677033,0.4035083560376071]},{"is_grounded":1,"node_ind":13,"point":[1.912791168841657,0.0,0.012071415666070666]},{"is_grounded":0,"node_ind":14,"point":[1.6701629489330572,2.5832512882355436,0.6478117914337399]},{"is_grounded":0,"node_ind":15,"point":[2.0236004913135393,1.8612214910574798,0.40828959488612354]},{"is_grounded":1,"node_ind":16,"point":[2.324174140548335,2.8258474508368723,0.018107123499106]},{"is_grounded":0,"node_ind":17,"point":[2.7066127710104695,1.3704784413335729,0.6463271483801788]},{"is_grounded":1,"node_ind":18,"point":[2.6228905660383535,0.26779227764550745,0.0]},{"is_grounded":1,"node_ind":19,"point":[3.0,1.062172188851967,0.018107123499106]},{"is_grounded":1,"node_ind":20,"point":[2.969253617777635,2.0413235860788714,0.012071415666070666]}]}