{"assembly_sequence":[{"Deformation":null,"compliance":0.0,"holdPartIDs":[],"installPartIDs":[38],"partDirections":null},{"Deformation":null,"compliance":0.0,"holdPartIDs":[],"installPartIDs":[23],"partDirections":null},{"Deformation":null,"compliance":0.0,"holdPartIDs":[],"installPartIDs":[28],"partDirections":null},{"Deformation":null,"compliance":0.0,"holdPartIDs":[],"installPartIDs":[40],"partDirections":null},{"Deformation":null,"compliance":0.0,"holdPartIDs":[],"installPartIDs":[37],"partDirections":null},{"Deformation":null,"compliance":0.0,"holdPartIDs":[],"installPartIDs":[18],"partDirections":null},{"Deformation":null,"compliance":0.0,"holdPartIDs":[],"installPartIDs":[10],"partDirections":null},{"Deformation":null,"compliance":0.0,"holdPartIDs":[],"installPartIDs":[26],"partDirections":null},{"Deformation":null,"compliance":0.0,"holdPartIDs":[],"installPartIDs":[36],"partDirections":null},{"Deformation":null,"compliance":0.0,"holdPartIDs":[],"installPartIDs":[25],"partDirections":null},{"Deformation":null,"compliance":0.0,"holdPartIDs":[],"installPartIDs":[50],"partDirections":null},{"Deformation":null,"compliance":0.0,"holdPartIDs":[],"installPartIDs":[24],"partDirections":null},{"Deformation":null,"compliance":0.0,"holdPartIDs":[],"installPartIDs":[19],"partDirections":null},{"Deformation":null,"compliance":0.0,"holdPartIDs":[],"installPartIDs":[51],"partDirections":null},{"Deformation":null,"compliance":0.0,"holdPartIDs":[],"installPartIDs":[49],"partDirections":null},{"Deformation":null,"compliance":0.0,"holdPartIDs":[],"installPartIDs":[56],"partDirections":null},{"Deformation":null,"compliance":0.0,"holdPartIDs":[],"installPartIDs":[32],"partDirections":null},{"Deformation":null,"compliance":0.0,"holdPartIDs":[],"installPartIDs":[27],"partDirections":null},{"Deformation":null,"compliance":0.0,"holdPartIDs":[],"installPartIDs":[4],"partDirections":null},{"Deformation":null,"compliance":0.0,"holdPartIDs":[],"installPartIDs":[54],"partDirections":null},{"Deformation":null,"compliance":0.0,"holdPartIDs":[],"installPartIDs":[12],"partDirections":null},{"Deformation":null,"compliance":0.0,"holdPartIDs":[],"installPartIDs":[53],"partDirections":null},{"Deformation":null,"compliance":0.0,"holdPartIDs":[],"installPartIDs":[1],"partDirections":null},{"Deformation":null,"compliance":0.0,"holdPartIDs":[],"installPartIDs":[22],"partDirections":null},{"Deformation":null,"compliance":0.0,"holdPartIDs":[],"installPartIDs":[6],"partDirections":null},{"Deformation":null,"compliance":0.0,"holdPartIDs":[],"installPartIDs":[21],"partDirections":null},{"Deformation":null,"compliance":0.0,"holdPartIDs":[],"installPartIDs":[9],"partDirections":null},{"Deformation":null,"compliance":0.0,"holdPartIDs":[],"installPartIDs":[15],"partDirections":null},{"Deformation":null,"compliance":0.0,"holdPartIDs":[],"installPartIDs":[3],"partDirections":null},{"Deformation":null,"compliance":0.0,"holdPartIDs":[],"installPartIDs":[41],"partDirections":null},{"Deformation":null,"compliance":0.0,"holdPartIDs":[],"installPartIDs":[31],"partDirections":null},{"Deformation":null,"compliance":0.0,"holdPartIDs":[],"installPartIDs":[43],"partDirections":null},{"Deformation":null,"compliance":0.0,"holdPartIDs":[],"installPartIDs":[17],"partDirections":null},{"Deformation":null,"compliance":0.0,"holdPartIDs":[],"installPartIDs":[55],"partDirections":null},{"Deformation":null,"compliance":0.0,"holdPartIDs":[],"installPartIDs":[45],"partDirections":null},{"Deformation":null,"compliance":0.0,"holdPartIDs":[],"installPartIDs":[33],"partDirections":null},{"Deformation":null,"compliance":0.0,"holdPartIDs":[],"installPartIDs":[7],"partDirections":null},{"Deformation":null,"compliance":0.0,"holdPartIDs":[],"installPartIDs":[5],"partDirections":null},{"Deformation":null,"compliance":0.0,"holdPartIDs":[],"installPartIDs":[20],"partDirections":null},{"Deformation":null,"compliance":0.0,"holdPartIDs":[],"installPartIDs":[13],"partDirections":null},{"Deformation":null,"compliance":0.0,"holdPartIDs":[],"installPartIDs":[8],"partDirections":null},{"Deformation":null,"compliance":0.0,"holdPartIDs":[],"installPartIDs":[48],"partDirections":null},{"Deformation":null,"compliance":0.0,"holdPartIDs":[],"installPartIDs":[29],"partDirections":null},{"Deformation":null,"compliance":0.0,"holdPartIDs":[],"installPartIDs":[34],"partDirections":null},{"Deformation":null,"compliance":0.0,"holdPartIDs":[],"installPartIDs":[42],"partDirections":null},{"Deformation":null,"compliance":0.0,"holdPartIDs":[],"installPartIDs":[0],"partDirections":null},{"Deformation":null,"compliance":0.0,"holdPartIDs":[],"installPartIDs":[44],"partDirections":null},{"Deformation":null,"compliance":0.0,"holdPartIDs":[],"installPartIDs":[35],"partDirections":null},{"Deformation":null,"compliance":0.0,"holdPartIDs":[],"installPartIDs":[16],"partDirections":null},{"Deformation":null,"compliance":0.0,"holdPartIDs":[],"installPartIDs":[30],"partDirections":null},{"Deformation":null,"compliance":0.0,"holdPartIDs":[],"installPartIDs":[39],"partDirections":null},{"Deformation":null,"compliance":0.0,"holdPartIDs":[],"installPartIDs":[11],"partDirections":null},{"Deformation":null,"compliance":0.0,"holdPartIDs":[],"installPartIDs":[46],"partDirections":null},{"Deformation":null,"compliance":0.0,"holdPartIDs":[],"installPartIDs":[52],"partDirections":null},{"Deformation":null,"compliance":0.0,"holdPartIDs":[],"installPartIDs":[2],"partDirections":null},{"Deformation":null,"compliance":0.0,"holdPartIDs":[],"installPartIDs":[14],"partDirections":null},{"Deformation":null,"compliance":0.0,"holdPartIDs":[],"installPartIDs":[47],"partDirections":null}],"benchmark_compliance":0.012592563691399898,"benchmark_time":0.296218792,"cross_secs":[{"A":7.853981633974483e-05}],"elements":[{"end_node_inds":[0,1]},{"end_node_inds":[1,2]},{"end_node_inds":[0,3]},{"end_node_inds":[1,3]},{"end_node_inds":[2,3]},{"end_node_inds":[2,4]},{"end_node_inds":[1,5]},{"end_node_inds":[2,5]},{"end_node_inds":[4,5]},{"end_node_inds":[2,6]},{"end_node_inds":[3,6]},{"end_node_inds":[4,6]},{"end_node_inds":[1,7]},{"end_node_inds":[5,7]},{"end_node_inds":[4,8]},{"end_node_inds":[6,8]},{"end_node_inds":[0,9]},{"end_node_inds":[1,9]},{"end_node_inds":[3,9]},{"end_node_inds":[7,9]},{"end_node_inds":[4,10]},{"end_node_inds":[5,10]},{"end_node_inds":[8,10]},{"end_node_inds":[3,11]},{"end_node_inds":[6,11]},{"end_node_inds":[9,11]},{"end_node_inds":[6,12]},{"end_node_inds":[8,12]},{"end_node_inds":[11,12]},{"end_node_inds":[5,13]},{"end_node_inds":[10,13]},{"end_node_inds":[5,14]},{"end_node_inds":[7,14]},{"end_node_inds":[9,14]},{"end_node_inds":[13,14]},{"end_node_inds":[11,15]},{"end_node_inds":[12,15]},{"end_node_inds":[9,16]},{"end_node_inds":[11,16]},{"end_node_inds":[14,16]},{"end_node_inds":[15,16]},{"end_node_inds":[8,17]},{"end_node_inds":[10,17]},{"end_node_inds":[12,17]},{"end_node_inds":[13,17]},{"end_node_inds":[15,17]},{"end_node_inds":[14,18]},{"end_node_inds":[16,18]},{"end_node_inds":[13,19]},{"end_node_inds":[14,19]},{"end_node_inds":[16,19]},{"end_node_inds":[18,19]},{"end_node_inds":[13,20]},{"end_node_inds":[15,20]},{"end_node_inds":[16,20]},{"end_node_inds":[17,20]},{"end_node_inds":[19,20]}],"materials":[{"E":129000000.0,"G12":46071428.57142857,"density":58.0}],"nodes":[{"is_grounded":0,"node_ind":0,"point":[0.14049483408758975,2.3600819551005925,0.37450425107709584]},{"is_grounded":0,"node_ind":1,"point":[0.13430494266259627,2.2084719148548646,1.6042618339995387]},{"is_grounded":0,"node_ind":2,"point":[0.0,1.0207689999847305,1.6022102210737064]},{"is_grounded":0,"node_ind":3,"point":[0.47567701099996396,1.582729440861981,0.819551977305866]},{"is_grounded":0,"node_ind":4,"point":[0.6308553731682202,0.3597067847234774,1.838844090070171]},{"is_grounded":0,"node_ind":5,"point":[0.8645277836482163,1.6738585416802088,1.942142045519518]},{"is_grounded":0,"node_ind":6,"point":[0.8820481013897065,0.6785262864485606,0.8750291536436766]},{"is_grounded":0,"node_ind":7,"point":[1.0079171962161364,2.8397945622472025,1.7458164658821942]},{"is_grounded":0,"node_ind":8,"point":[1.3906495308356988,0.0,1.6059112142011363]},{"is_grounded":0,"node_ind":9,"point":[1.356496901226645,2.2847957612145087,0.6885459041209506]},{"is_grounded":0,"node_ind":10,"point":[1.5295974677484165,0.9308969438430768,2.5011657753102403]},{"is_grounded":1,"node_ind":11,"point":[1.552226555742934,1.5036321899557898,0.07008747033905814]},{"is_grounded":0,"node_ind":12,"point":[1.5751386379511656,0.12338325599651594,0.49748297518754186]},{"is_grounded":0,"node_ind":13,"point":[2.1809961745258297,1.597194079776636,1.954102861413653]},{"is_grounded":0,"node_ind":14,"point":[2.1715000686908117,2.672317653082531,1.4065807779112165]},{"is_grounded":0,"node_ind":15,"point":[2.2363799063291148,1.017867256696856,0.8300580040898378]},{"is_grounded":0,"node_ind":16,"point":[2.422014439920839,1.827611912082841,0.6270167943269234]},{"is_grounded":0,"node_ind":17,"point":[2.5341888637598537,0.4128867515038246,1.5456681823014324]},{"is_grounded":1,"node_ind":18,"point":[2.785356710983861,2.389680433970998,0.0]},{"is_grounded":0,"node_ind":19,"point":[2.9418288933458023,2.1970680964637466,1.1855763194160593]},{"is_grounded":0,"node_ind":20,"point":[3.0,1.315565841836132,1.6266023750490481]}]}