{"assembly_sequence":[{"Deformation":null,"compliance":0.0,"holdPartIDs":[],"installPartIDs":[24],"partDirections":null},{"Deformation":null,"compliance":0.0,"holdPartIDs":[],"installPartIDs":[25],"partDirections":null},{"Deformation":null,"compliance":0.0,"holdPartIDs":[],"installPartIDs":[22],"partDirections":null},{"Deformation":null,"compliance":0.0,"holdPartIDs":[],"installPartIDs":[31],"partDirections":null},{"Deformation":null,"compliance":0.0,"holdPartIDs":[],"installPartIDs":[12],"partDirections":null},{"Deformation":null,"compliance":0.0,"holdPartIDs":[],"installPartIDs":[30],"partDirections":null},{"Deformation":null,"compliance":0.0,"holdPartIDs":[],"installPartIDs":[21],"partDirections":null},{"Deformation":null,"compliance":0.0,"holdPartIDs":[],"installPartIDs":[16],"partDirections":null},{"Deformation":null,"compliance":0.0,"holdPartIDs":[],"installPartIDs":[9],"partDirections":null},{"Deformation":null,"compliance":0.0,"holdPartIDs":[],"installPartIDs":[6],"partDirections":null},{"Deformation":null,"compliance":0.0,"holdPartIDs":[],"installPartIDs":[3],"partDirections":null},{"Deformation":null,"compliance":0.0,"holdPartIDs":[],"installPartIDs":[0],"partDirections":null},{"Deformation":null,"compliance":0.0,"holdPartIDs":[],"installPartIDs":[5],"partDirections":null},{"Deformation":null,"compliance":0.0,"holdPartIDs":[],"installPartIDs":[11],"partDirections":null},{"Deformation":null,"compliance":0.0,"holdPartIDs":[],"installPartIDs":[2],"partDirections":null},{"Deformation":null,"compliance":0.0,"holdPartIDs":[],"installPartIDs":[8],"partDirections":null},{"Deformation":null,"compliance":0.0,"holdPartIDs":[],"installPartIDs":[28],"partDirections":null},{"Deformation":null,"compliance":0.0,"holdPartIDs":[],"installPartIDs":[15],"partDirections":null},{"Deformation":null,"compliance":0.0,"holdPartIDs":[],"installPartIDs":[20],"partDirections":null},{"Deformation":null,"compliance":0.0,"holdPartIDs":[],"installPartIDs":[19],"partDirections":null},{"Deformation":null,"compliance":0.0,"holdPartIDs":[],"installPartIDs":[4],"partDirections":null},{"Deformation":null,"compliance":0.0,"holdPartIDs":[],"installPartIDs":[1],"partDirections":null},{"Deformation":null,"compliance":0.0,"holdPartIDs":[],"installPartIDs":[7],"partDirections":null},{"Deformation":null,"compliance":0.0,"holdPartIDs":[],"installPartIDs":[29],"partDirections":null},{"Deformation":null,"compliance":0.0,"holdPartIDs":[],"installPartIDs":[10],"partDirections":null},{"Deformation":null,"compliance":0.0,"holdPartIDs":[],"installPartIDs":[26],"partDirections":null},{"Deformation":null,"compliance":0.0,"holdPartIDs":[],"installPartIDs":[13],"partDirections":null},{"Deformation":null,"compliance":0.0,"holdPartIDs":[],"installPartIDs":[14],"partDirections":null},{"Deformation":null,"compliance":0.0,"holdPartIDs":[],"installPartIDs":[17],"partDirections":null},{"Deformation":null,"compliance":0.0,"holdPartIDs":[],"installPartIDs":[27],"partDirections":null},{"Deformation":null,"compliance":0.0,"holdPartIDs":[],"installPartIDs":[18],"partDirections":null},{"Deformation":null,"compliance":0.0,"holdPartIDs":[],"installPartIDs":[23],"partDirections":null}],"benchmark_compliance":4.0331184771842924e-05,"benchmark_time":0.037424625,"cross_secs":[{"A":7.853981633974483e-05}],"elements":[{"end_node_inds":[0,1]},{"end_node_inds":[1,2]},{"end_node_inds":[1,3]},{"end_node_inds":[2,3]},{"end_node_inds":[0,5]},{"end_node_inds":[1,5]},{"end_node_inds":[4,5]},{"end_node_inds":[3,6]},{"end_node_inds":[3,7]},{"end_node_inds":[6,7]},{"end_node_inds":[4,9]},{"end_node_inds":[5,9]},{"end_node_inds":[8,9]},{"end_node_inds":[7,10]},{"end_node_inds":[3,11]},{"end_node_inds":[7,11]},{"end_node_inds":[10,11]},{"end_node_inds":[1,13]},{"end_node_inds":[3,13]},{"end_node_inds":[5,13]},{"end_node_inds":[8,13]},{"end_node_inds":[9,13]},{"end_node_inds":[12,13]},{"end_node_inds":[3,14]},{"end_node_inds":[12,14]},{"end_node_inds":[13,14]},{"end_node_inds":[11,15]},{"end_node_inds":[3,16]},{"end_node_inds":[11,16]},{"end_node_inds":[12,16]},{"end_node_inds":[14,16]},{"end_node_inds":[15,16]}],"materials":[{"E":129000000.0,"G12":46071428.57142857,"density":58.0}],"nodes":[{"is_grounded":1,"node_ind":0,"point":[0.0,0.593027838922185,0.0]},{"is_grounded":0,"node_ind":1,"point":[0.0,0.593027838922185,3.0]},{"is_grounded":1,"node_ind":2,"point":[0.12402045945170392,0.210298982789174,0.0]},{"is_grounded":0,"node_ind":3,"point":[0.12402045945170392,0.210298982789174,3.0]},{"is_grounded":1,"node_ind":4,"point":[0.18153546052294944,0.9760307029092001,0.0]},{"is_grounded":0,"node_ind":5,"point":[0.18153546052294944,0.9760307029092001,3.0]},{"is_grounded":1,"node_ind":6,"point":[0.48449654191666247,0.0,0.0]},{"is_grounded":0,"node_ind":7,"point":[0.48449654191666247,0.0,3.0]},{"is_grounded":1,"node_ind":8,"point":[0.6049129998194422,1.1526654538774836,0.0]},{"is_grounded":0,"node_ind":9,"point":[0.6049129998194422,1.1526654538774836,3.0]},{"is_grounded":1,"node_ind":10,"point":[0.9974003521839464,0.16016581124820323,0.0]},{"is_grounded":0,"node_ind":11,"point":[0.9974003521839464,0.16016581124820323,3.0]},{"is_grounded":1,"node_ind":12,"point":[0.9977105908319531,0.9725773667222235,0.0]},{"is_grounded":0,"node_ind":13,"point":[0.9033414765239136,1.0670659512593703,3.0]},{"is_grounded":0,"node_ind":14,"point":[1.0920797051399926,0.8780887821850768,3.0]},{"is_grounded":1,"node_ind":15,"point":[1.1740351031522298,0.583543350544696,0.0]},{"is_grounded":0,"node_ind":16,"point":[1.1740351031522298,0.583543350544696,3.0]}]}