{"assembly_sequence":[{"Deformation":null,"compliance":0.0,"holdPartIDs":[],"installPartIDs":[38],"partDirections":null},{"Deformation":null,"compliance":0.0,"holdPartIDs":[],"installPartIDs":[13],"partDirections":null},{"Deformation":null,"compliance":0.0,"holdPartIDs":[],"installPartIDs":[18],"partDirections":null},{"Deformation":null,"compliance":0.0,"holdPartIDs":[],"installPartIDs":[20],"partDirections":null},{"Deformation":null,"compliance":0.0,"holdPartIDs":[],"installPartIDs":[16],"partDirections":null},{"Deformation":null,"compliance":0.0,"holdPartIDs":[],"installPartIDs":[25],"partDirections":null},{"Deformation":null,"compliance":0.0,"holdPartIDs":[],"installPartIDs":[21],"partDirections":null},{"Deformation":null,"compliance":0.0,"holdPartIDs":[],"installPartIDs":[5],"partDirections":null},{"Deformation":null,"compliance":0.0,"holdPartIDs":[],"installPartIDs":[8],"partDirections":null},{"Deformation":null,"compliance":0.0,"holdPartIDs":[],"installPartIDs":[14],"partDirections":null},{"Deformation":null,"compliance":0.0,"holdPartIDs":[],"installPartIDs":[2],"partDirections":null},{"Deformation":null,"compliance":0.0,"holdPartIDs":[],"installPartIDs":[6],"partDirections":null},{"Deformation":null,"compliance":0.0,"holdPartIDs":[],"installPartIDs":[32],"partDirections":null},{"Deformation":null,"compliance":0.0,"holdPartIDs":[],"installPartIDs":[10],"partDirections":null},{"Deformation":null,"compliance":0.0,"holdPartIDs":[],"installPartIDs":[27],"partDirections":null},{"Deformation":null,"compliance":0.0,"holdPartIDs":[],"installPartIDs":[22],"partDirections":null},{"Deformation":null,"compliance":0.0,"holdPartIDs":[],"installPartIDs":[29],"partDirections":null},{"Deformation":null,"compliance":0.0,"holdPartIDs":[],"installPartIDs":[23],"partDirections":null},{"Deformation":null,"compliance":0.0,"holdPartIDs":[],"installPartIDs":[24],"partDirections":null},{"Deformation":null,"compliance":0.0,"holdPartIDs":[],"installPartIDs":[1],"partDirections":null},{"Deformation":null,"compliance":0.0,"holdPartIDs":[],"installPartIDs":[3],"partDirections":null},{"Deformation":null,"compliance":0.0,"holdPartIDs":[],"installPartIDs":[7],"partDirections":null},{"Deformation":null,"compliance":0.0,"holdPartIDs":[],"installPartIDs":[30],"partDirections":null},{"Deformation":null,"compliance":0.0,"holdPartIDs":[],"installPartIDs":[12],"partDirections":null},{"Deformation":null,"compliance":0.0,"holdPartIDs":[],"installPartIDs":[31],"partDirections":null},{"Deformation":null,"compliance":0.0,"holdPartIDs":[],"installPartIDs":[35],"partDirections":null},{"Deformation":null,"compliance":0.0,"holdPartIDs":[],"installPartIDs":[15],"partDirections":null},{"Deformation":null,"compliance":0.0,"holdPartIDs":[],"installPartIDs":[39],"partDirections":null},{"Deformation":null,"compliance":0.0,"holdPartIDs":[],"installPartIDs":[33],"partDirections":null},{"Deformation":null,"compliance":0.0,"holdPartIDs":[],"installPartIDs":[36],"partDirections":null},{"Deformation":null,"compliance":0.0,"holdPartIDs":[],"installPartIDs":[9],"partDirections":null},{"Deformation":null,"compliance":0.0,"holdPartIDs":[],"installPartIDs":[0],"partDirections":null},{"Deformation":null,"compliance":0.0,"holdPartIDs":[],"installPartIDs":[28],"partDirections":null},{"Deformation":null,"compliance":0.0,"holdPartIDs":[],"installPartIDs":[26],"partDirections":null},{"Deformation":null,"compliance":0.0,"holdPartIDs":[],"installPartIDs":[37],"partDirections":null},{"Deformation":null,"compliance":0.0,"holdPartIDs":[],"installPartIDs":[11],"partDirections":null},{"Deformation":null,"compliance":0.0,"holdPartIDs":[],"installPartIDs":[34],"partDirections":null},{"Deformation":null,"compliance":0.0,"holdPartIDs":[],"installPartIDs":[17],"partDirections":null},{"Deformation":null,"compliance":0.0,"holdPartIDs":[],"installPartIDs":[4],"partDirections":null},{"Deformation":null,"compliance":0.0,"holdPartIDs":[],"installPartIDs":[19],"partDirections":null}],"benchmark_compliance":0.0020650621845313306,"benchmark_time":0.071034292,"cross_secs":[{"A":7.853981633974483e-05}],"elements":[{"end_node_inds":[0,1]},{"end_node_inds":[0,2]},{"end_node_inds":[1,2]},{"end_node_inds":[0,3]},{"end_node_inds":[1,3]},{"end_node_inds":[2,3]},{"end_node_inds":[1,4]},{"end_node_inds":[2,4]},{"end_node_inds":[3,4]},{"end_node_inds":[4,5]},{"end_node_inds":[3,6]},{"end_node_inds":[4,6]},{"end_node_inds":[5,6]},{"end_node_inds":[2,7]},{"end_node_inds":[3,7]},{"end_node_inds":[5,7]},{"end_node_inds":[6,7]},{"end_node_inds":[6,8]},{"end_node_inds":[5,9]},{"end_node_inds":[6,9]},{"end_node_inds":[7,9]},{"end_node_inds":[8,9]},{"end_node_inds":[10,11]},{"end_node_inds":[10,12]},{"end_node_inds":[11,12]},{"end_node_inds":[6,13]},{"end_node_inds":[8,13]},{"end_node_inds":[9,13]},{"end_node_inds":[10,13]},{"end_node_inds":[11,13]},{"end_node_inds":[11,14]},{"end_node_inds":[12,14]},{"end_node_inds":[13,14]},{"end_node_inds":[8,15]},{"end_node_inds":[9,15]},{"end_node_inds":[13,15]},{"end_node_inds":[14,15]},{"end_node_inds":[11,16]},{"end_node_inds":[13,16]},{"end_node_inds":[15,16]}],"materials":[{"E":129000000.0,"G12":46071428.57142857,"density":58.0}],"nodes":[{"is_grounded":0,"node_ind":0,"point":[0.0,0.5499285646807492,0.13152558623087363]},{"is_grounded":0,"node_ind":1,"point":[0.28724487967339213,0.17210403546227104,1.052204689846989]},{"is_grounded":1,"node_ind":2,"point":[0.7637490794757416,1.4540170217730666,0.0]},{"is_grounded":0,"node_ind":3,"point":[0.7671542549823278,1.6640038457350712,1.052204689846989]},{"is_grounded":0,"node_ind":4,"point":[0.7603439039691552,1.244030197811062,1.052204689846989]},{"is_grounded":1,"node_ind":5,"point":[1.2643125094556493,0.2508491054084883,0.0]},{"is_grounded":0,"node_ind":6,"point":[1.2699878385015113,0.0,1.052204689846989]},{"is_grounded":0,"node_ind":7,"point":[1.2586371804097871,0.5016982108169766,1.052204689846989]},{"is_grounded":1,"node_ind":8,"point":[2.012604666073511,1.5559601252395994,0.0]},{"is_grounded":0,"node_ind":9,"point":[1.6831512669379345,1.6640038457350712,1.052204689846989]},{"is_grounded":1,"node_ind":10,"point":[1.7839181042054075,0.0,0.0]},{"is_grounded":0,"node_ind":11,"point":[2.0146199011057404,0.14018040822348585,1.052204689846989]},{"is_grounded":0,"node_ind":12,"point":[1.9519075809117563,1.2071409535897166,0.5261023449234945]},{"is_grounded":0,"node_ind":13,"point":[2.498809113510396,0.7310079243623389,1.052204689846989]},{"is_grounded":1,"node_ind":14,"point":[2.388836367524236,0.14567830925352263,0.0]},{"is_grounded":0,"node_ind":15,"point":[2.932718516561868,0.8938497637448537,1.052204689846989]},{"is_grounded":1,"node_ind":16,"point":[3.0,0.7298662699433311,0.0]}]}