{"assembly_sequence":[{"Deformation":null,"compliance":0.0,"holdPartIDs":[],"installPartIDs":[41],"partDirections":null},{"Deformation":null,"compliance":0.0,"holdPartIDs":[],"installPartIDs":[37],"partDirections":null},{"Deformation":null,"compliance":0.0,"holdPartIDs":[],"installPartIDs":[0],"partDirections":null},{"Deformation":null,"compliance":0.0,"holdPartIDs":[],"installPartIDs":[1],"partDirections":null},{"Deformation":null,"compliance":0.0,"holdPartIDs":[],"installPartIDs":[15],"partDirections":null},{"Deformation":null,"compliance":0.0,"holdPartIDs":[],"installPartIDs":[16],"partDirections":null},{"Deformation":null,"compliance":0.0,"holdPartIDs":[],"installPartIDs":[30],"partDirections":null},{"Deformation":null,"compliance":0.0,"holdPartIDs":[],"installPartIDs":[32],"partDirections":null},{"Deformation":null,"compliance":0.0,"holdPartIDs":[],"installPartIDs":[24],"partDirections":null},{"Deformation":null,"compliance":0.0,"holdPartIDs":[],"installPartIDs":[25],"partDirections":null},{"Deformation":null,"compliance":0.0,"holdPartIDs":[],"installPartIDs":[17],"partDirections":null},{"Deformation":null,"compliance":0.0,"holdPartIDs":[],"installPartIDs":[4],"partDirections":null},{"Deformation":null,"compliance":0.0,"holdPartIDs":[],"installPartIDs":[2],"partDirections":null},{"Deformation":null,"compliance":0.0,"holdPartIDs":[],"installPartIDs":[5],"partDirections":null},{"Deformation":null,"compliance":0.0,"holdPartIDs":[],"installPartIDs":[28],"partDirections":null},{"Deformation":null,"compliance":0.0,"holdPartIDs":[],"installPartIDs":[8],"partDirections":null},{"Deformation":null,"compliance":0.0,"holdPartIDs":[],"installPartIDs":[27],"partDirections":null},{"Deformation":null,"compliance":0.0,"holdPartIDs":[],"installPartIDs":[20],"partDirections":null},{"Deformation":null,"compliance":0.0,"holdPartIDs":[],"installPartIDs":[39],"partDirections":null},{"Deformation":null,"compliance":0.0,"holdPartIDs":[],"installPartIDs":[10],"partDirections":null},{"Deformation":null,"compliance":0.0,"holdPartIDs":[],"installPartIDs":[3],"partDirections":null},{"Deformation":null,"compliance":0.0,"holdPartIDs":[],"installPartIDs":[6],"partDirections":null},{"Deformation":null,"compliance":0.0,"holdPartIDs":[],"installPartIDs":[14],"partDirections":null},{"Deformation":null,"compliance":0.0,"holdPartIDs":[],"installPartIDs":[12],"partDirections":null},{"Deformation":null,"compliance":0.0,"holdPartIDs":[],"installPartIDs":[11],"partDirections":null},{"Deformation":null,"compliance":0.0,"holdPartIDs":[],"installPartIDs":[34],"partDirections":null},{"Deformation":null,"compliance":0.0,"holdPartIDs":[],"installPartIDs":[33],"partDirections":null},{"Deformation":null,"compliance":0.0,"holdPartIDs":[],"installPartIDs":[35],"partDirections":null},{"Deformation":null,"compliance":0.0,"holdPartIDs":[],"installPartIDs":[7],"partDirections":null},{"Deformation":null,"compliance":0.0,"holdPartIDs":[],"installPartIDs":[19],"partDirections":null},{"Deformation":null,"compliance":0.0,"holdPartIDs":[],"installPartIDs":[23],"partDirections":null},{"Deformation":null,"compliance":0.0,"holdPartIDs":[],"installPartIDs":[40],"partDirections":null},{"Deformation":null,"compliance":0.0,"holdPartIDs":[],"installPartIDs":[18],"partDirections":null},{"Deformation":null,"compliance":0.0,"holdPartIDs":[],"installPartIDs":[31],"partDirections":null},{"Deformation":null,"compliance":0.0,"holdPartIDs":[],"installPartIDs":[36],"partDirections":null},{"Deformation":null,"compliance":0.0,"holdPartIDs":[],"installPartIDs":[13],"partDirections":null},{"Deformation":null,"compliance":0.0,"holdPartIDs":[],"installPartIDs":[22],"partDirections":null},{"Deformation":null,"compliance":0.0,"holdPartIDs":[],"installPartIDs":[38],"partDirections":null},{"Deformation":null,"compliance":0.0,"holdPartIDs":[],"installPartIDs":[29],"partDirections":null},{"Deformation":null,"compliance":0.0,"holdPartIDs":[],"installPartIDs":[9],"partDirections":null},{"Deformation":null,"compliance":0.0,"holdPartIDs":[],"installPartIDs":[21],"partDirections":null},{"Deformation":null,"compliance":0.0,"holdPartIDs":[],"installPartIDs":[26],"partDirections":null}],"benchmark_compliance":2.205347219002282e-05,"benchmark_time":0.09987575,"cross_secs":[{"A":7.853981633974483e-05}],"elements":[{"end_node_inds":[0,2]},{"end_node_inds":[1,2]},{"end_node_inds":[2,3]},{"end_node_inds":[3,4]},{"end_node_inds":[2,5]},{"end_node_inds":[3,5]},{"end_node_inds":[4,5]},{"end_node_inds":[4,6]},{"end_node_inds":[3,7]},{"end_node_inds":[4,7]},{"end_node_inds":[5,7]},{"end_node_inds":[4,8]},{"end_node_inds":[5,8]},{"end_node_inds":[6,8]},{"end_node_inds":[7,8]},{"end_node_inds":[1,9]},{"end_node_inds":[2,9]},{"end_node_inds":[5,9]},{"end_node_inds":[0,10]},{"end_node_inds":[0,11]},{"end_node_inds":[1,11]},{"end_node_inds":[10,11]},{"end_node_inds":[10,12]},{"end_node_inds":[11,12]},{"end_node_inds":[0,13]},{"end_node_inds":[2,13]},{"end_node_inds":[3,13]},{"end_node_inds":[5,13]},{"end_node_inds":[7,13]},{"end_node_inds":[9,13]},{"end_node_inds":[9,14]},{"end_node_inds":[10,14]},{"end_node_inds":[13,14]},{"end_node_inds":[4,15]},{"end_node_inds":[5,15]},{"end_node_inds":[6,15]},{"end_node_inds":[8,15]},{"end_node_inds":[1,16]},{"end_node_inds":[10,16]},{"end_node_inds":[11,16]},{"end_node_inds":[12,16]},{"end_node_inds":[14,16]}],"materials":[{"E":129000000.0,"G12":46071428.57142857,"density":58.0}],"nodes":[{"is_grounded":1,"node_ind":0,"point":[0.11114241257111879,0.5253884391226873,0.010674613717385368]},{"is_grounded":1,"node_ind":1,"point":[0.31442561925677454,0.0,0.0]},{"is_grounded":0,"node_ind":2,"point":[0.06856714789006978,0.23134296685205905,0.5140048228152305]},{"is_grounded":0,"node_ind":3,"point":[0.0,0.34959696883642516,1.0795325245892913]},{"is_grounded":0,"node_ind":4,"point":[0.02131644301227675,0.21955388811260332,1.86749661065658]},{"is_grounded":0,"node_ind":5,"point":[0.42648102064320254,0.14740468714341376,1.4810022580954314]},{"is_grounded":0,"node_ind":6,"point":[0.3081763622066365,0.1825143717770729,3.0]},{"is_grounded":0,"node_ind":7,"point":[0.21390532609392068,0.5829608894807754,1.5453732890156522]},{"is_grounded":0,"node_ind":8,"point":[0.3382830800581595,0.5277851703635436,2.3262298677563025]},{"is_grounded":0,"node_ind":9,"point":[0.460639085966265,0.10171806867789497,0.6760640208248168]},{"is_grounded":0,"node_ind":10,"point":[0.2501197657314895,0.5086650159181856,0.8796297515103565]},{"is_grounded":0,"node_ind":11,"point":[0.18710217820470015,0.14075348359656148,0.6405457544388498]},{"is_grounded":0,"node_ind":12,"point":[0.27218702585651083,0.21183116067872096,1.6905814013386589]},{"is_grounded":0,"node_ind":13,"point":[0.4068715978935724,0.5856449522497127,0.7245191871812721]},{"is_grounded":1,"node_ind":14,"point":[0.5214959742541921,0.49319028635420975,0.07410749911955013]},{"is_grounded":0,"node_ind":15,"point":[0.5194769522472725,0.060035924656606475,2.2854092988964783]},{"is_grounded":0,"node_ind":16,"point":[0.5376835253353386,0.23911619466207246,1.0548640088147685]}]}