{"assembly_sequence":[{"Deformation":null,"compliance":0.0,"holdPartIDs":[],"installPartIDs":[9],"partDirections":null},{"Deformation":null,"compliance":0.0,"holdPartIDs":[],"installPartIDs":[1],"partDirections":null},{"Deformation":null,"compliance":0.0,"holdPartIDs":[],"installPartIDs":[13],"partDirections":null},{"Deformation":null,"compliance":0.0,"holdPartIDs":[],"installPartIDs":[14],"partDirections":null},{"Deformation":null,"compliance":0.0,"holdPartIDs":[],"installPartIDs":[34],"partDirections":null},{"Deformation":null,"compliance":0.0,"holdPartIDs":[],"installPartIDs":[37],"partDirections":null},{"Deformation":null,"compliance":0.0,"holdPartIDs":[],"installPartIDs":[7],"partDirections":null},{"Deformation":null,"compliance":0.0,"holdPartIDs":[],"installPartIDs":[20],"partDirections":null},{"Deformation":null,"compliance":0.0,"holdPartIDs":[],"installPartIDs":[48],"partDirections":null},{"Deformation":null,"compliance":0.0,"holdPartIDs":[],"installPartIDs":[50],"partDirections":null},{"Deformation":null,"compliance":0.0,"holdPartIDs":[],"installPartIDs":[53],"partDirections":null},{"Deformation":null,"compliance":0.0,"holdPartIDs":[],"installPartIDs":[32],"partDirections":null},{"Deformation":null,"compliance":0.0,"holdPartIDs":[],"installPartIDs":[46],"partDirections":null},{"Deformation":null,"compliance":0.0,"holdPartIDs":[],"installPartIDs":[40],"partDirections":null},{"Deformation":null,"compliance":0.0,"holdPartIDs":[],"installPartIDs":[39],"partDirections":null},{"Deformation":null,"compliance":0.0,"holdPartIDs":[],"installPartIDs":[27],"partDirections":null},{"Deformation":null,"compliance":0.0,"holdPartIDs":[],"installPartIDs":[25],"partDirections":null},{"Deformation":null,"compliance":0.0,"holdPartIDs":[],"installPartIDs":[0],"partDirections":null},{"Deformation":null,"compliance":0.0,"holdPartIDs":[],"installPartIDs":[4],"partDirections":null},{"Deformation":null,"compliance":0.0,"holdPartIDs":[],"installPartIDs":[19],"partDirections":null},{"Deformation":null,"compliance":0.0,"holdPartIDs":[],"installPartIDs":[22],"partDirections":null},{"Deformation":null,"compliance":0.0,"holdPartIDs":[],"installPartIDs":[30],"partDirections":null},{"Deformation":null,"compliance":0.0,"holdPartIDs":[],"installPartIDs":[43],"partDirections":null},{"Deformation":null,"compliance":0.0,"holdPartIDs":[],"installPartIDs":[41],"partDirections":null},{"Deformation":null,"compliance":0.0,"holdPartIDs":[],"installPartIDs":[35],"partDirections":null},{"Deformation":null,"compliance":0.0,"holdPartIDs":[],"installPartIDs":[49],"partDirections":null},{"Deformation":null,"compliance":0.0,"holdPartIDs":[],"installPartIDs":[59],"partDirections":null},{"Deformation":null,"compliance":0.0,"holdPartIDs":[],"installPartIDs":[54],"partDirections":null},{"Deformation":null,"compliance":0.0,"holdPartIDs":[],"installPartIDs":[57],"partDirections":null},{"Deformation":null,"compliance":0.0,"holdPartIDs":[],"installPartIDs":[42],"partDirections":null},{"Deformation":null,"compliance":0.0,"holdPartIDs":[],"installPartIDs":[33],"partDirections":null},{"Deformation":null,"compliance":0.0,"holdPartIDs":[],"installPartIDs":[11],"partDirections":null},{"Deformation":null,"compliance":0.0,"holdPartIDs":[],"installPartIDs":[10],"partDirections":null},{"Deformation":null,"compliance":0.0,"holdPartIDs":[],"installPartIDs":[18],"partDirections":null},{"Deformation":null,"compliance":0.0,"holdPartIDs":[],"installPartIDs":[21],"partDirections":null},{"Deformation":null,"compliance":0.0,"holdPartIDs":[],"installPartIDs":[47],"partDirections":null},{"Deformation":null,"compliance":0.0,"holdPartIDs":[],"installPartIDs":[58],"partDirections":null},{"Deformation":null,"compliance":0.0,"holdPartIDs":[],"installPartIDs":[3],"partDirections":null},{"Deformation":null,"compliance":0.0,"holdPartIDs":[],"installPartIDs":[31],"partDirections":null},{"Deformation":null,"compliance":0.0,"holdPartIDs":[],"installPartIDs":[29],"partDirections":null},{"Deformation":null,"compliance":0.0,"holdPartIDs":[],"installPartIDs":[24],"partDirections":null},{"Deformation":null,"compliance":0.0,"holdPartIDs":[],"installPartIDs":[6],"partDirections":null},{"Deformation":null,"compliance":0.0,"holdPartIDs":[],"installPartIDs":[15],"partDirections":null},{"Deformation":null,"compliance":0.0,"holdPartIDs":[],"installPartIDs":[51],"partDirections":null},{"Deformation":null,"compliance":0.0,"holdPartIDs":[],"installPartIDs":[17],"partDirections":null},{"Deformation":null,"compliance":0.0,"holdPartIDs":[],"installPartIDs":[26],"partDirections":null},{"Deformation":null,"compliance":0.0,"holdPartIDs":[],"installPartIDs":[52],"partDirections":null},{"Deformation":null,"compliance":0.0,"holdPartIDs":[],"installPartIDs":[45],"partDirections":null},{"Deformation":null,"compliance":0.0,"holdPartIDs":[],"installPartIDs":[38],"partDirections":null},{"Deformation":null,"compliance":0.0,"holdPartIDs":[],"installPartIDs":[23],"partDirections":null},{"Deformation":null,"compliance":0.0,"holdPartIDs":[],"installPartIDs":[36],"partDirections":null},{"Deformation":null,"compliance":0.0,"holdPartIDs":[],"installPartIDs":[44],"partDirections":null},{"Deformation":null,"compliance":0.0,"holdPartIDs":[],"installPartIDs":[56],"partDirections":null},{"Deformation":null,"compliance":0.0,"holdPartIDs":[],"installPartIDs":[8],"partDirections":null},{"Deformation":null,"compliance":0.0,"holdPartIDs":[],"installPartIDs":[5],"partDirections":null},{"Deformation":null,"compliance":0.0,"holdPartIDs":[],"installPartIDs":[28],"partDirections":null},{"Deformation":null,"compliance":0.0,"holdPartIDs":[],"installPartIDs":[2],"partDirections":null},{"Deformation":null,"compliance":0.0,"holdPartIDs":[],"installPartIDs":[55],"partDirections":null},{"Deformation":null,"compliance":0.0,"holdPartIDs":[],"installPartIDs":[16],"partDirections":null},{"Deformation":null,"compliance":0.0,"holdPartIDs":[],"installPartIDs":[12],"partDirections":null}],"benchmark_compliance":0.00023175223576450216,"benchmark_time":0.232046333,"cross_secs":[{"A":7.853981633974483e-05}],"elements":[{"end_node_inds":[0,1]},{"end_node_inds":[0,2]},{"end_node_inds":[1,2]},{"end_node_inds":[1,3]},{"end_node_inds":[1,4]},{"end_node_inds":[1,5]},{"end_node_inds":[3,5]},{"end_node_inds":[4,5]},{"end_node_inds":[1,6]},{"end_node_inds":[2,6]},{"end_node_inds":[1,7]},{"end_node_inds":[6,7]},{"end_node_inds":[1,8]},{"end_node_inds":[2,8]},{"end_node_inds":[6,8]},{"end_node_inds":[5,9]},{"end_node_inds":[1,10]},{"end_node_inds":[6,10]},{"end_node_inds":[7,10]},{"end_node_inds":[8,10]},{"end_node_inds":[5,11]},{"end_node_inds":[8,12]},{"end_node_inds":[10,12]},{"end_node_inds":[5,13]},{"end_node_inds":[11,13]},{"end_node_inds":[8,14]},{"end_node_inds":[10,14]},{"end_node_inds":[12,14]},{"end_node_inds":[5,15]},{"end_node_inds":[13,15]},{"end_node_inds":[5,16]},{"end_node_inds":[13,16]},{"end_node_inds":[15,16]},{"end_node_inds":[10,17]},{"end_node_inds":[12,17]},{"end_node_inds":[14,17]},{"end_node_inds":[14,18]},{"end_node_inds":[17,18]},{"end_node_inds":[13,19]},{"end_node_inds":[15,19]},{"end_node_inds":[16,19]},{"end_node_inds":[14,20]},{"end_node_inds":[17,20]},{"end_node_inds":[18,20]},{"end_node_inds":[16,21]},{"end_node_inds":[19,21]},{"end_node_inds":[16,22]},{"end_node_inds":[19,22]},{"end_node_inds":[21,22]},{"end_node_inds":[17,23]},{"end_node_inds":[18,23]},{"end_node_inds":[20,23]},{"end_node_inds":[21,23]},{"end_node_inds":[22,23]},{"end_node_inds":[18,24]},{"end_node_inds":[19,24]},{"end_node_inds":[20,24]},{"end_node_inds":[21,24]},{"end_node_inds":[22,24]},{"end_node_inds":[23,24]}],"materials":[{"E":129000000.0,"G12":46071428.57142857,"density":58.0}],"nodes":[{"is_grounded":1,"node_ind":0,"point":[0.0,1.6261434195404767,0.0]},{"is_grounded":0,"node_ind":1,"point":[0.07759540713392368,1.2753303586379976,1.446597811102221]},{"is_grounded":0,"node_ind":2,"point":[0.15043157979921146,2.2708279796657047,1.446597811102221]},{"is_grounded":1,"node_ind":3,"point":[0.3334935058668038,1.1102603120212626,0.0]},{"is_grounded":1,"node_ind":4,"point":[0.40265965084408917,0.44080522359718805,0.0]},{"is_grounded":0,"node_ind":5,"point":[0.8864823625912601,0.3222137136821521,1.446597811102221]},{"is_grounded":1,"node_ind":6,"point":[0.3787862301777975,2.258159078371088,0.0]},{"is_grounded":0,"node_ind":7,"point":[0.42435058939277076,2.1660566865988153,1.446597811102221]},{"is_grounded":0,"node_ind":8,"point":[0.864398410541011,2.8710384451812416,1.446597811102221]},{"is_grounded":1,"node_ind":9,"point":[1.073043889042235,0.37070992884583165,0.0]},{"is_grounded":0,"node_ind":10,"point":[1.073043889042235,2.645952454886732,1.446597811102221]},{"is_grounded":1,"node_ind":11,"point":[1.3927244291324208,0.0,0.0]},{"is_grounded":1,"node_ind":12,"point":[1.4492216321295255,2.9322529132279875,0.0]},{"is_grounded":0,"node_ind":13,"point":[1.788178775186609,0.016662383732563905,1.446597811102221]},{"is_grounded":0,"node_ind":14,"point":[1.788178775186609,3.0,1.446597811102221]},{"is_grounded":1,"node_ind":15,"point":[2.093347009870872,0.258800896148056,0.0]},{"is_grounded":0,"node_ind":16,"point":[1.9383937812110257,0.3785078143465782,1.446597811102221]},{"is_grounded":0,"node_ind":17,"point":[1.9383937812110257,2.6381545693859856,1.446597811102221]},{"is_grounded":1,"node_ind":18,"point":[2.562833417438932,2.3399106107431074,0.0]},{"is_grounded":0,"node_ind":19,"point":[2.5395698869304186,0.44080522359718805,1.446597811102221]},{"is_grounded":0,"node_ind":20,"point":[2.5395698869304186,2.5758571601353757,1.446597811102221]},{"is_grounded":1,"node_ind":21,"point":[2.7935136681854456,1.0830750141612884,0.0]},{"is_grounded":0,"node_ind":22,"point":[2.608736031907704,1.1102603120212626,1.446597811102221]},{"is_grounded":0,"node_ind":23,"point":[2.6009381464069574,1.9756102041900534,1.446597811102221]},{"is_grounded":0,"node_ind":24,"point":[2.9422295377745082,1.6261434195404767,1.446597811102221]}]}