{"assembly_sequence":[{"Deformation":null,"compliance":0.0,"holdPartIDs":[],"installPartIDs":[29],"partDirections":null},{"Deformation":null,"compliance":0.0,"holdPartIDs":[],"installPartIDs":[1],"partDirections":null},{"Deformation":null,"compliance":0.0,"holdPartIDs":[],"installPartIDs":[33],"partDirections":null},{"Deformation":null,"compliance":0.0,"holdPartIDs":[],"installPartIDs":[4],"partDirections":null},{"Deformation":null,"compliance":0.0,"holdPartIDs":[],"installPartIDs":[31],"partDirections":null},{"Deformation":null,"compliance":0.0,"holdPartIDs":[],"installPartIDs":[8],"partDirections":null},{"Deformation":null,"compliance":0.0,"holdPartIDs":[],"installPartIDs":[0],"partDirections":null},{"Deformation":null,"compliance":0.0,"holdPartIDs":[],"installPartIDs":[2],"partDirections":null},{"Deformation":null,"compliance":0.0,"holdPartIDs":[],"installPartIDs":[27],"partDirections":null},{"Deformation":null,"compliance":0.0,"holdPartIDs":[],"installPartIDs":[5],"partDirections":null},{"Deformation":null,"compliance":0.0,"holdPartIDs":[],"installPartIDs":[22],"partDirections":null},{"Deformation":null,"compliance":0.0,"holdPartIDs":[],"installPartIDs":[3],"partDirections":null},{"Deformation":null,"compliance":0.0,"holdPartIDs":[],"installPartIDs":[11],"partDirections":null},{"Deformation":null,"compliance":0.0,"holdPartIDs":[],"installPartIDs":[12],"partDirections":null},{"Deformation":null,"compliance":0.0,"holdPartIDs":[],"installPartIDs":[30],"partDirections":null},{"Deformation":null,"compliance":0.0,"holdPartIDs":[],"installPartIDs":[26],"partDirections":null},{"Deformation":null,"compliance":0.0,"holdPartIDs":[],"installPartIDs":[16],"partDirections":null},{"Deformation":null,"compliance":0.0,"holdPartIDs":[],"installPartIDs":[24],"partDirections":null},{"Deformation":null,"compliance":0.0,"holdPartIDs":[],"installPartIDs":[13],"partDirections":null},{"Deformation":null,"compliance":0.0,"holdPartIDs":[],"installPartIDs":[21],"partDirections":null},{"Deformation":null,"compliance":0.0,"holdPartIDs":[],"installPartIDs":[18],"partDirections":null},{"Deformation":null,"compliance":0.0,"holdPartIDs":[],"installPartIDs":[28],"partDirections":null},{"Deformation":null,"compliance":0.0,"holdPartIDs":[],"installPartIDs":[9],"partDirections":null},{"Deformation":null,"compliance":0.0,"holdPartIDs":[],"installPartIDs":[17],"partDirections":null},{"Deformation":null,"compliance":0.0,"holdPartIDs":[],"installPartIDs":[10],"partDirections":null},{"Deformation":null,"compliance":0.0,"holdPartIDs":[],"installPartIDs":[15],"partDirections":null},{"Deformation":null,"compliance":0.0,"holdPartIDs":[],"installPartIDs":[20],"partDirections":null},{"Deformation":null,"compliance":0.0,"holdPartIDs":[],"installPartIDs":[7],"partDirections":null},{"Deformation":null,"compliance":0.0,"holdPartIDs":[],"installPartIDs":[14],"partDirections":null},{"Deformation":null,"compliance":0.0,"holdPartIDs":[],"installPartIDs":[19],"partDirections":null},{"Deformation":null,"compliance":0.0,"holdPartIDs":[],"installPartIDs":[32],"partDirections":null},{"Deformation":null,"compliance":0.0,"holdPartIDs":[],"installPartIDs":[25],"partDirections":null},{"Deformation":null,"compliance":0.0,"holdPartIDs":[],"installPartIDs":[6],"partDirections":null},{"Deformation":null,"compliance":0.0,"holdPartIDs":[],"installPartIDs":[23],"partDirections":null}],"benchmark_compliance":0.0006880006423373173,"benchmark_time":0.05413175,"cross_secs":[{"A":7.853981633974483e-05}],"elements":[{"end_node_inds":[0,1]},{"end_node_inds":[0,3]},{"end_node_inds":[1,3]},{"end_node_inds":[2,3]},{"end_node_inds":[3,4]},{"end_node_inds":[1,5]},{"end_node_inds":[3,5]},{"end_node_inds":[4,5]},{"end_node_inds":[4,6]},{"end_node_inds":[5,6]},{"end_node_inds":[1,7]},{"end_node_inds":[3,9]},{"end_node_inds":[4,9]},{"end_node_inds":[6,9]},{"end_node_inds":[1,11]},{"end_node_inds":[5,11]},{"end_node_inds":[7,11]},{"end_node_inds":[8,11]},{"end_node_inds":[2,12]},{"end_node_inds":[3,12]},{"end_node_inds":[9,12]},{"end_node_inds":[10,12]},{"end_node_inds":[5,13]},{"end_node_inds":[9,13]},{"end_node_inds":[11,13]},{"end_node_inds":[12,13]},{"end_node_inds":[11,14]},{"end_node_inds":[13,14]},{"end_node_inds":[12,15]},{"end_node_inds":[13,15]},{"end_node_inds":[5,16]},{"end_node_inds":[6,16]},{"end_node_inds":[9,16]},{"end_node_inds":[13,16]}],"materials":[{"E":129000000.0,"G12":46071428.57142857,"density":58.0}],"nodes":[{"is_grounded":1,"node_ind":0,"point":[0.0,0.8995213816360718,0.14101840533910695]},{"is_grounded":0,"node_ind":1,"point":[0.15005805070617334,1.378020493875104,0.8576014432702409]},{"is_grounded":1,"node_ind":2,"point":[0.393040109293493,0.0,0.4035735857821648]},{"is_grounded":0,"node_ind":3,"point":[0.2860723944004431,0.4489136311137799,1.4325324051492374]},{"is_grounded":0,"node_ind":4,"point":[0.1551514251727111,0.6919782621343598,2.31073218737982]},{"is_grounded":0,"node_ind":5,"point":[0.6312284499048667,1.4430619915822622,1.9885803887023579]},{"is_grounded":0,"node_ind":6,"point":[0.8588242471222874,0.8003839451852091,3.0000000000000004]},{"is_grounded":1,"node_ind":7,"point":[0.17489444023986486,1.9094545702642058,0.2630117151141645]},{"is_grounded":1,"node_ind":8,"point":[0.8412462832435245,1.4380432465310262,0.0]},{"is_grounded":0,"node_ind":9,"point":[0.7910950230859545,0.23016220445863736,2.3384890636658238]},{"is_grounded":1,"node_ind":10,"point":[1.0215102073042386,0.3963393313532448,0.010790861290452137]},{"is_grounded":0,"node_ind":11,"point":[0.956672922146309,1.6931204993853632,0.8138990959804002]},{"is_grounded":0,"node_ind":12,"point":[1.2023637746624163,0.03158778164842157,0.8229288154332097]},{"is_grounded":0,"node_ind":13,"point":[1.353588521724745,1.1120899994096376,1.3278672670503953]},{"is_grounded":1,"node_ind":14,"point":[1.561043566112007,1.5923612568109335,0.36741312548159727]},{"is_grounded":1,"node_ind":15,"point":[1.7253445310809343,0.7917237002082862,0.2644666562175924]},{"is_grounded":0,"node_ind":16,"point":[1.4644861179056816,0.8357962656493536,2.167170489005508]}]}