{"assembly_sequence":[{"Deformation":null,"compliance":0.0,"holdPartIDs":[],"installPartIDs":[11],"partDirections":null},{"Deformation":null,"compliance":0.0,"holdPartIDs":[],"installPartIDs":[7],"partDirections":null},{"Deformation":null,"compliance":0.0,"holdPartIDs":[],"installPartIDs":[6],"partDirections":null},{"Deformation":null,"compliance":0.0,"holdPartIDs":[],"installPartIDs":[22],"partDirections":null},{"Deformation":null,"compliance":0.0,"holdPartIDs":[],"installPartIDs":[25],"partDirections":null},{"Deformation":null,"compliance":0.0,"holdPartIDs":[],"installPartIDs":[8],"partDirections":null},{"Deformation":null,"compliance":0.0,"holdPartIDs":[],"installPartIDs":[10],"partDirections":null},{"Deformation":null,"compliance":0.0,"holdPartIDs":[],"installPartIDs":[9],"partDirections":null},{"Deformation":null,"compliance":0.0,"holdPartIDs":[],"installPartIDs":[2],"partDirections":null},{"Deformation":null,"compliance":0.0,"holdPartIDs":[],"installPartIDs":[5],"partDirections":null},{"Deformation":null,"compliance":0.0,"holdPartIDs":[],"installPartIDs":[13],"partDirections":null},{"Deformation":null,"compliance":0.0,"holdPartIDs":[],"installPartIDs":[18],"partDirections":null},{"Deformation":null,"compliance":0.0,"holdPartIDs":[],"installPartIDs":[15],"partDirections":null},{"Deformation":null,"compliance":0.0,"holdPartIDs":[],"installPartIDs":[16],"partDirections":null},{"Deformation":null,"compliance":0.0,"holdPartIDs":[],"installPartIDs":[21],"partDirections":null},{"Deformation":null,"compliance":0.0,"holdPartIDs":[],"installPartIDs":[24],"partDirections":null},{"Deformation":null,"compliance":0.0,"holdPartIDs":[],"installPartIDs":[4],"partDirections":null},{"Deformation":null,"compliance":0.0,"holdPartIDs":[],"installPartIDs":[1],"partDirections":null},{"Deformation":null,"compliance":0.0,"holdPartIDs":[],"installPartIDs":[0],"partDirections":null},{"Deformation":null,"compliance":0.0,"holdPartIDs":[],"installPartIDs":[19],"partDirections":null},{"Deformation":null,"compliance":0.0,"holdPartIDs":[],"installPartIDs":[20],"partDirections":null},{"Deformation":null,"compliance":0.0,"holdPartIDs":[],"installPartIDs":[3],"partDirections":null},{"Deformation":null,"compliance":0.0,"holdPartIDs":[],"installPartIDs":[23],"partDirections":null},{"Deformation":null,"compliance":0.0,"holdPartIDs":[],"installPartIDs":[17],"partDirections":null},{"Deformation":null,"compliance":0.0,"holdPartIDs":[],"installPartIDs":[12],"partDirections":null},{"Deformation":null,"compliance":0.0,"holdPartIDs":[],"installPartIDs":[14],"partDirections":null}],"benchmark_compliance":4.110590217612968e-06,"benchmark_time":0.016715584,"cross_secs":[{"A":7.853981633974483e-05}],"elements":[{"end_node_inds":[2,4]},{"end_node_inds":[3,4]},{"end_node_inds":[0,5]},{"end_node_inds":[1,5]},{"end_node_inds":[4,6]},{"end_node_inds":[5,7]},{"end_node_inds":[8,12]},{"end_node_inds":[9,12]},{"end_node_inds":[10,13]},{"end_node_inds":[11,13]},{"end_node_inds":[13,14]},{"end_node_inds":[12,15]},{"end_node_inds":[16,17]},{"end_node_inds":[16,20]},{"end_node_inds":[17,20]},{"end_node_inds":[18,21]},{"end_node_inds":[19,21]},{"end_node_inds":[17,22]},{"end_node_inds":[20,22]},{"end_node_inds":[21,23]},{"end_node_inds":[25,26]},{"end_node_inds":[26,27]},{"end_node_inds":[24,28]},{"end_node_inds":[28,29]},{"end_node_inds":[26,30]},{"end_node_inds":[28,31]}],"materials":[{"E":129000000.0,"G12":46071428.57142857,"density":58.0}],"nodes":[{"is_grounded":1,"node_ind":0,"point":[0.22332893113064525,0.08426764141463847,0.07853439911308194]},{"is_grounded":1,"node_ind":1,"point":[0.20246721109414972,0.5984158263548007,0.04985328046212394]},{"is_grounded":1,"node_ind":2,"point":[0.2687647963263941,0.8022627333734994,0.06955461567580494]},{"is_grounded":1,"node_ind":3,"point":[0.0,1.2606242958965714,0.044976329112568374]},{"is_grounded":0,"node_ind":4,"point":[0.3216662504124726,1.1508620335393325,0.45262753239447007]},{"is_grounded":0,"node_ind":5,"point":[0.3206854669147492,0.30308047049731746,0.5201113790448685]},{"is_grounded":1,"node_ind":6,"point":[0.5313932258599369,1.243725893916631,0.01935298154585571]},{"is_grounded":1,"node_ind":7,"point":[0.5835419442803278,0.4248726615159172,0.09366843068194113]},{"is_grounded":1,"node_ind":8,"point":[0.9969564864921633,0.0,0.04799539423372188]},{"is_grounded":1,"node_ind":9,"point":[0.809976303315631,0.4325536863935351,0.08670135732543312]},{"is_grounded":1,"node_ind":10,"point":[0.8815759526871058,0.9568633141354371,0.09668749580309455]},{"is_grounded":1,"node_ind":11,"point":[0.9969564864921633,1.3901871624529138,0.04799539423372188]},{"is_grounded":0,"node_ind":12,"point":[1.2228731628292444,0.4573558614665035,0.26350535848298295]},{"is_grounded":0,"node_ind":13,"point":[1.0725354181422098,1.1111151632600853,0.5342003496102513]},{"is_grounded":1,"node_ind":14,"point":[1.378514223089908,1.043609079799937,0.08693359310398319]},{"is_grounded":1,"node_ind":15,"point":[1.405792063098259,0.1584652616432021,0.037312548420409535]},{"is_grounded":1,"node_ind":16,"point":[1.9308970416585913,0.004816077862195041,0.06758061155812771]},{"is_grounded":0,"node_ind":17,"point":[1.7070717179693724,0.43773122512073503,0.12041425117831335]},{"is_grounded":1,"node_ind":18,"point":[1.6827392283687983,0.9410654268384769,0.06711614000102711]},{"is_grounded":1,"node_ind":19,"point":[1.931372766121884,1.3829556904585596,0.07036744090073091]},{"is_grounded":0,"node_ind":20,"point":[1.9152117102084625,0.2790719991928286,0.5342003496102513]},{"is_grounded":0,"node_ind":21,"point":[1.860545495652869,1.073229190292301,0.5341422906656137]},{"is_grounded":1,"node_ind":22,"point":[2.1713417191478968,0.41481076772534364,0.09204278023208926]},{"is_grounded":1,"node_ind":23,"point":[2.1679072643488126,0.9688918561735803,0.09877761781004699]},{"is_grounded":1,"node_ind":24,"point":[2.4861611189164528,0.19379077103802192,0.05807829761911268]},{"is_grounded":1,"node_ind":25,"point":[2.5737734187887447,0.794119220738618,0.046137508005319815]},{"is_grounded":0,"node_ind":26,"point":[2.6480402344679757,1.1231851211698625,0.4550079491246103]},{"is_grounded":1,"node_ind":27,"point":[2.4564423728522016,1.2419299373177664,0.018888509988755173]},{"is_grounded":0,"node_ind":28,"point":[2.759087153099425,0.2431946448057408,0.41945652202487366]},{"is_grounded":1,"node_ind":29,"point":[2.8066674174573145,0.5734861017293854,0.09715196736019495]},{"is_grounded":1,"node_ind":30,"point":[2.970362571835548,1.1827642141301544,0.08054710919385089]},{"is_grounded":1,"node_ind":31,"point":[2.9999999999999996,0.14020489434368608,0.0]}]}