{"assembly_sequence":[{"Deformation":null,"compliance":0.0,"holdPartIDs":[],"installPartIDs":[5],"partDirections":null},{"Deformation":null,"compliance":0.0,"holdPartIDs":[],"installPartIDs":[3,56,62,63],"partDirections":null},{"Deformation":null,"compliance":0.0,"holdPartIDs":[],"installPartIDs":[2,23,35,37],"partDirections":null},{"Deformation":null,"compliance":0.0,"holdPartIDs":[],"installPartIDs":[10,14,15,34],"partDirections":null},{"Deformation":null,"compliance":0.0,"holdPartIDs":[],"installPartIDs":[12,16,25,36],"partDirections":null},{"Deformation":null,"compliance":0.0,"holdPartIDs":[],"installPartIDs":[1,13,60,65],"partDirections":null},{"Deformation":null,"compliance":0.0,"holdPartIDs":[],"installPartIDs":[0,4,8,9],"partDirections":null},{"Deformation":null,"compliance":0.0,"holdPartIDs":[],"installPartIDs":[22,27,45,61],"partDirections":null},{"Deformation":null,"compliance":0.0,"holdPartIDs":[],"installPartIDs":[19,20,21,24],"partDirections":null},{"Deformation":null,"compliance":0.0,"holdPartIDs":[],"installPartIDs":[17,41,55,57],"partDirections":null},{"Deformation":null,"compliance":0.0,"holdPartIDs":[],"installPartIDs":[38,47,64,71],"partDirections":null},{"Deformation":null,"compliance":0.0,"holdPartIDs":[],"installPartIDs":[6,11,18,26],"partDirections":null},{"Deformation":null,"compliance":0.0,"holdPartIDs":[],"installPartIDs":[7,42,43,59],"partDirections":null},{"Deformation":null,"compliance":0.0,"holdPartIDs":[],"installPartIDs":[33,40,44,58],"partDirections":null},{"Deformation":null,"compliance":0.0,"holdPartIDs":[],"installPartIDs":[28,39,46,70],"partDirections":null},{"Deformation":null,"compliance":0.0,"holdPartIDs":[],"installPartIDs":[31,32,53,54],"partDirections":null},{"Deformation":null,"compliance":0.0,"holdPartIDs":[],"installPartIDs":[29,30,48,50],"partDirections":null},{"Deformation":null,"compliance":0.0,"holdPartIDs":[],"installPartIDs":[49,51,52,72],"partDirections":null},{"Deformation":null,"compliance":0.0,"holdPartIDs":[],"installPartIDs":[66,67,68,69],"partDirections":null}],"benchmark_compliance":0.0003161685769895244,"benchmark_time":12.838854811,"cross_secs":[{"A":7.853981633974483e-05}],"elements":[{"end_node_inds":[0,2]},{"end_node_inds":[1,2]},{"end_node_inds":[0,4]},{"end_node_inds":[1,4]},{"end_node_inds":[2,4]},{"end_node_inds":[3,4]},{"end_node_inds":[0,5]},{"end_node_inds":[2,5]},{"end_node_inds":[0,6]},{"end_node_inds":[2,6]},{"end_node_inds":[4,6]},{"end_node_inds":[5,6]},{"end_node_inds":[1,7]},{"end_node_inds":[2,7]},{"end_node_inds":[3,7]},{"end_node_inds":[4,7]},{"end_node_inds":[6,7]},{"end_node_inds":[2,8]},{"end_node_inds":[5,8]},{"end_node_inds":[2,10]},{"end_node_inds":[8,10]},{"end_node_inds":[9,10]},{"end_node_inds":[2,11]},{"end_node_inds":[9,11]},{"end_node_inds":[10,11]},{"end_node_inds":[6,12]},{"end_node_inds":[5,13]},{"end_node_inds":[6,13]},{"end_node_inds":[5,14]},{"end_node_inds":[13,14]},{"end_node_inds":[2,15]},{"end_node_inds":[6,15]},{"end_node_inds":[9,15]},{"end_node_inds":[11,15]},{"end_node_inds":[6,16]},{"end_node_inds":[12,16]},{"end_node_inds":[6,17]},{"end_node_inds":[12,17]},{"end_node_inds":[6,18]},{"end_node_inds":[14,18]},{"end_node_inds":[15,18]},{"end_node_inds":[16,18]},{"end_node_inds":[5,19]},{"end_node_inds":[8,19]},{"end_node_inds":[15,19]},{"end_node_inds":[13,20]},{"end_node_inds":[14,20]},{"end_node_inds":[18,20]},{"end_node_inds":[5,21]},{"end_node_inds":[14,21]},{"end_node_inds":[15,21]},{"end_node_inds":[18,21]},{"end_node_inds":[19,21]},{"end_node_inds":[15,22]},{"end_node_inds":[18,22]},{"end_node_inds":[8,23]},{"end_node_inds":[9,23]},{"end_node_inds":[10,23]},{"end_node_inds":[15,23]},{"end_node_inds":[19,23]},{"end_node_inds":[6,24]},{"end_node_inds":[13,24]},{"end_node_inds":[16,24]},{"end_node_inds":[17,24]},{"end_node_inds":[18,24]},{"end_node_inds":[20,24]},{"end_node_inds":[15,25]},{"end_node_inds":[18,25]},{"end_node_inds":[21,25]},{"end_node_inds":[22,25]},{"end_node_inds":[14,26]},{"end_node_inds":[18,26]},{"end_node_inds":[21,26]}],"materials":[{"E":129000000.0,"G12":46071428.57142857,"density":58.0}],"nodes":[{"is_grounded":0,"node_ind":0,"point":[0.15269469858870963,1.6129752217741933,1.9877268145161289]},{"is_grounded":1,"node_ind":1,"point":[0.0,1.2580645161290323,0.0]},{"is_grounded":0,"node_ind":2,"point":[0.5690606399319557,1.0348927429309476,1.2658310951990928]},{"is_grounded":1,"node_ind":3,"point":[0.375,1.9838709677419355,0.0]},{"is_grounded":0,"node_ind":4,"point":[0.2752016129032258,1.9838709677419355,1.0596774193548386]},{"is_grounded":0,"node_ind":5,"point":[1.2802898729408392,1.3955586632728625,2.3573425223664315]},{"is_grounded":0,"node_ind":6,"point":[1.1095093631079889,2.310793196498551,1.1441035644334363]},{"is_grounded":0,"node_ind":7,"point":[0.9336719667338709,1.3337073326612903,0.35596648487903226]},{"is_grounded":0,"node_ind":8,"point":[1.122839879032258,0.43149426713709677,1.8872290826612903]},{"is_grounded":1,"node_ind":9,"point":[1.6209677419354838,0.0,0.0]},{"is_grounded":0,"node_ind":10,"point":[1.0161290322580645,0.2752016129032258,1.0596774193548386]},{"is_grounded":0,"node_ind":11,"point":[1.379032258064516,0.8367526935483872,0.13487903225806452]},{"is_grounded":0,"node_ind":12,"point":[1.027469758064516,2.5108649516129034,0.18786789919354838]},{"is_grounded":0,"node_ind":13,"point":[1.122839879032258,2.857188447580645,1.9000280564516128]},{"is_grounded":0,"node_ind":14,"point":[1.8328806616534776,2.007978227187815,2.138841961693548]},{"is_grounded":0,"node_ind":15,"point":[1.8121364212256648,1.1123308474341609,1.0002165235438192]},{"is_grounded":1,"node_ind":16,"point":[1.7419354838709677,2.008064516129032,0.0]},{"is_grounded":1,"node_ind":17,"point":[1.7419354838709677,3.0,0.0]},{"is_grounded":0,"node_ind":18,"point":[2.3645488004032256,2.020546785483871,1.14120984375]},{"is_grounded":0,"node_ind":19,"point":[1.9519008870967742,0.37814560282258064,2.091494455645161]},{"is_grounded":0,"node_ind":20,"point":[1.9519008870967742,2.8187764838709675,2.103090362903225]},{"is_grounded":0,"node_ind":21,"point":[2.7026222491268035,1.087009857793402,1.6022148086803805]},{"is_grounded":0,"node_ind":22,"point":[2.1551142278225806,1.629100820564516,0.17242604032258066]},{"is_grounded":0,"node_ind":23,"point":[1.9838709677419355,0.2752016129032258,1.0596774193548386]},{"is_grounded":0,"node_ind":24,"point":[1.9838709677419355,3.0,0.914516129032258]},{"is_grounded":0,"node_ind":25,"point":[2.889731618951613,1.379032258064516,0.13700093195564517]},{"is_grounded":0,"node_ind":26,"point":[2.739892451612903,1.9519008870967742,1.966859879032258]}]}