{"assembly_sequence":[{"Deformation":null,"compliance":0.0,"holdPartIDs":[],"installPartIDs":[0,95,101,102],"partDirections":null},{"Deformation":null,"compliance":0.0,"holdPartIDs":[],"installPartIDs":[3,11,21,38],"partDirections":null},{"Deformation":null,"compliance":0.0,"holdPartIDs":[],"installPartIDs":[12,36,37,54],"partDirections":null},{"Deformation":null,"compliance":0.0,"holdPartIDs":[],"installPartIDs":[4,5,22],"partDirections":null},{"Deformation":null,"compliance":0.0,"holdPartIDs":[],"installPartIDs":[39,43,44,55],"partDirections":null},{"Deformation":null,"compliance":0.0,"holdPartIDs":[],"installPartIDs":[40,79,82,83],"partDirections":null},{"Deformation":null,"compliance":0.0,"holdPartIDs":[],"installPartIDs":[14,16,20,41],"partDirections":null},{"Deformation":null,"compliance":0.0,"holdPartIDs":[],"installPartIDs":[19,23,42,53],"partDirections":null},{"Deformation":null,"compliance":0.0,"holdPartIDs":[],"installPartIDs":[51,52,56,81],"partDirections":null},{"Deformation":null,"compliance":0.0,"holdPartIDs":[],"installPartIDs":[47,48,49,60],"partDirections":null},{"Deformation":null,"compliance":0.0,"holdPartIDs":[],"installPartIDs":[33,46,58,59],"partDirections":null},{"Deformation":null,"compliance":0.0,"holdPartIDs":[],"installPartIDs":[32,57,76,84],"partDirections":null},{"Deformation":null,"compliance":0.0,"holdPartIDs":[],"installPartIDs":[50,74,75,85],"partDirections":null},{"Deformation":null,"compliance":0.0,"holdPartIDs":[],"installPartIDs":[45,72,73,80],"partDirections":null},{"Deformation":null,"compliance":0.0,"holdPartIDs":[],"installPartIDs":[13,15,18,88],"partDirections":null},{"Deformation":null,"compliance":0.0,"holdPartIDs":[],"installPartIDs":[6,8,9,31],"partDirections":null},{"Deformation":null,"compliance":0.0,"holdPartIDs":[],"installPartIDs":[24,25,30,86],"partDirections":null},{"Deformation":null,"compliance":0.0,"holdPartIDs":[],"installPartIDs":[28,62,70,87],"partDirections":null},{"Deformation":null,"compliance":0.0,"holdPartIDs":[],"installPartIDs":[61,71,90,91],"partDirections":null},{"Deformation":null,"compliance":0.0,"holdPartIDs":[],"installPartIDs":[65,66,68,93],"partDirections":null},{"Deformation":null,"compliance":0.0,"holdPartIDs":[],"installPartIDs":[1,89,92,97],"partDirections":null},{"Deformation":null,"compliance":0.0,"holdPartIDs":[],"installPartIDs":[17,64,67,98],"partDirections":null},{"Deformation":null,"compliance":0.0,"holdPartIDs":[],"installPartIDs":[27,29,69,94],"partDirections":null},{"Deformation":null,"compliance":0.0,"holdPartIDs":[],"installPartIDs":[26,63,96,100],"partDirections":null},{"Deformation":null,"compliance":0.0,"holdPartIDs":[],"installPartIDs":[7,35,77,78],"partDirections":null},{"Deformation":null,"compliance":0.0,"holdPartIDs":[],"installPartIDs":[2,10,34,99],"partDirections":null}],"benchmark_compliance":0.00023544591599120105,"benchmark_time":176.061323375,"cross_secs":[{"A":7.853981633974483e-05}],"elements":[{"end_node_inds":[0,1]},{"end_node_inds":[0,3]},{"end_node_inds":[1,3]},{"end_node_inds":[2,3]},{"end_node_inds":[0,4]},{"end_node_inds":[1,4]},{"end_node_inds":[0,5]},{"end_node_inds":[1,5]},{"end_node_inds":[2,5]},{"end_node_inds":[3,5]},{"end_node_inds":[4,5]},{"end_node_inds":[2,6]},{"end_node_inds":[3,6]},{"end_node_inds":[5,6]},{"end_node_inds":[2,7]},{"end_node_inds":[5,7]},{"end_node_inds":[6,7]},{"end_node_inds":[4,8]},{"end_node_inds":[5,8]},{"end_node_inds":[6,8]},{"end_node_inds":[7,8]},{"end_node_inds":[3,9]},{"end_node_inds":[6,9]},{"end_node_inds":[7,9]},{"end_node_inds":[0,10]},{"end_node_inds":[4,10]},{"end_node_inds":[5,10]},{"end_node_inds":[8,10]},{"end_node_inds":[4,11]},{"end_node_inds":[8,11]},{"end_node_inds":[10,11]},{"end_node_inds":[5,12]},{"end_node_inds":[7,12]},{"end_node_inds":[8,12]},{"end_node_inds":[10,12]},{"end_node_inds":[11,12]},{"end_node_inds":[2,13]},{"end_node_inds":[3,13]},{"end_node_inds":[9,13]},{"end_node_inds":[3,14]},{"end_node_inds":[6,14]},{"end_node_inds":[7,14]},{"end_node_inds":[8,14]},{"end_node_inds":[9,14]},{"end_node_inds":[13,14]},{"end_node_inds":[3,15]},{"end_node_inds":[7,15]},{"end_node_inds":[8,15]},{"end_node_inds":[9,15]},{"end_node_inds":[12,15]},{"end_node_inds":[13,15]},{"end_node_inds":[14,15]},{"end_node_inds":[3,16]},{"end_node_inds":[8,16]},{"end_node_inds":[13,16]},{"end_node_inds":[14,16]},{"end_node_inds":[15,16]},{"end_node_inds":[8,17]},{"end_node_inds":[12,17]},{"end_node_inds":[14,17]},{"end_node_inds":[15,17]},{"end_node_inds":[0,18]},{"end_node_inds":[10,18]},{"end_node_inds":[12,18]},{"end_node_inds":[15,18]},{"end_node_inds":[10,19]},{"end_node_inds":[11,19]},{"end_node_inds":[12,19]},{"end_node_inds":[18,19]},{"end_node_inds":[12,20]},{"end_node_inds":[18,20]},{"end_node_inds":[19,20]},{"end_node_inds":[12,21]},{"end_node_inds":[14,21]},{"end_node_inds":[15,21]},{"end_node_inds":[16,21]},{"end_node_inds":[17,21]},{"end_node_inds":[18,21]},{"end_node_inds":[20,21]},{"end_node_inds":[9,22]},{"end_node_inds":[12,22]},{"end_node_inds":[13,22]},{"end_node_inds":[14,22]},{"end_node_inds":[16,22]},{"end_node_inds":[17,22]},{"end_node_inds":[21,22]},{"end_node_inds":[1,23]},{"end_node_inds":[18,23]},{"end_node_inds":[21,23]},{"end_node_inds":[4,24]},{"end_node_inds":[11,24]},{"end_node_inds":[18,24]},{"end_node_inds":[19,24]},{"end_node_inds":[20,24]},{"end_node_inds":[21,24]},{"end_node_inds":[23,24]},{"end_node_inds":[1,25]},{"end_node_inds":[4,25]},{"end_node_inds":[16,25]},{"end_node_inds":[21,25]},{"end_node_inds":[22,25]},{"end_node_inds":[23,25]},{"end_node_inds":[24,25]}],"materials":[{"E":129000000.0,"G12":46071428.57142857,"density":58.0}],"nodes":[{"is_grounded":1,"node_ind":0,"point":[0.03238621228589782,0.10889727601216045,0.0777837422619157]},{"is_grounded":0,"node_ind":1,"point":[0.0,0.0,0.39854910742513694]},{"is_grounded":1,"node_ind":2,"point":[0.3686013862883518,2.71038651117935,0.0]},{"is_grounded":0,"node_ind":3,"point":[0.44763841573576574,2.648929644382074,0.38080306906092476]},{"is_grounded":0,"node_ind":4,"point":[0.3000159067672242,0.1311212029715766,0.3855851464997461]},{"is_grounded":0,"node_ind":5,"point":[0.26909551724859526,2.0934870952554356,0.20006743535806337]},{"is_grounded":0,"node_ind":6,"point":[0.4570728300413188,2.487350222609709,0.24168906734496418]},{"is_grounded":0,"node_ind":7,"point":[0.6784918643670165,2.207866014036995,0.18890337913256086]},{"is_grounded":0,"node_ind":8,"point":[0.7236467788114443,2.127440461750842,0.3570644409416417]},{"is_grounded":1,"node_ind":9,"point":[0.8846005966606986,2.858638808500068,0.030557900133693118]},{"is_grounded":0,"node_ind":10,"point":[0.6184710161772706,0.14519636801621394,0.15556748339483956]},{"is_grounded":0,"node_ind":11,"point":[0.6481029187898255,0.14519636801621394,0.3570644409416417]},{"is_grounded":0,"node_ind":12,"point":[1.0616331553470042,2.1333309326101317,0.25335277296670455]},{"is_grounded":0,"node_ind":13,"point":[0.9685874709222617,3.0,0.44208158941315107]},{"is_grounded":0,"node_ind":14,"point":[1.0816373661967975,2.637596877088403,0.34482970440788324]},{"is_grounded":0,"node_ind":15,"point":[1.0655490477315572,2.2976492920529754,0.1861253878210841]},{"is_grounded":1,"node_ind":16,"point":[1.3602653117384447,2.6583004963926995,0.02743610029840955]},{"is_grounded":0,"node_ind":17,"point":[1.2453143601012004,2.1338475679036724,0.27853989266005486]},{"is_grounded":0,"node_ind":18,"point":[1.2111090684283679,0.14519636801621394,0.15556748339483956]},{"is_grounded":0,"node_ind":19,"point":[1.181477165815813,0.14519636801621394,0.3570644409416417]},{"is_grounded":0,"node_ind":20,"point":[1.2407409710409225,0.14519636801621394,0.3570644409416417]},{"is_grounded":0,"node_ind":21,"point":[1.539230218073412,2.0430816478787284,0.23793492205378985]},{"is_grounded":0,"node_ind":22,"point":[1.63204388302369,2.5733023696917727,0.43389903413600717]},{"is_grounded":1,"node_ind":23,"point":[1.8051157695016116,0.10889727601216045,0.0777837422619157]},{"is_grounded":0,"node_ind":24,"point":[1.827630200877357,0.11704603792693925,0.41410585205785055]},{"is_grounded":0,"node_ind":25,"point":[1.840141333098437,0.0,0.39854910742513694]}]}