{"assembly_sequence":[{"Deformation":null,"compliance":0.0,"holdPartIDs":[],"installPartIDs":[14],"partDirections":null},{"Deformation":null,"compliance":0.0,"holdPartIDs":[],"installPartIDs":[17,23,31,34],"partDirections":null},{"Deformation":null,"compliance":0.0,"holdPartIDs":[],"installPartIDs":[0,1,12,16],"partDirections":null},{"Deformation":null,"compliance":0.0,"holdPartIDs":[],"installPartIDs":[2,13,24,32],"partDirections":null},{"Deformation":null,"compliance":0.0,"holdPartIDs":[],"installPartIDs":[22,40,42],"partDirections":null},{"Deformation":null,"compliance":0.0,"holdPartIDs":[],"installPartIDs":[21,29,36,41],"partDirections":null},{"Deformation":null,"compliance":0.0,"holdPartIDs":[],"installPartIDs":[15,28,33],"partDirections":null},{"Deformation":null,"compliance":0.0,"holdPartIDs":[],"installPartIDs":[3,4,18,30],"partDirections":null},{"Deformation":null,"compliance":0.0,"holdPartIDs":[],"installPartIDs":[5,6,7,25],"partDirections":null},{"Deformation":null,"compliance":0.0,"holdPartIDs":[],"installPartIDs":[19,26,37,38],"partDirections":null},{"Deformation":null,"compliance":0.0,"holdPartIDs":[],"installPartIDs":[8,11,27,39],"partDirections":null},{"Deformation":null,"compliance":0.0,"holdPartIDs":[],"installPartIDs":[9,10,20,35],"partDirections":null}],"benchmark_compliance":0.003041455428440401,"benchmark_time":2.140206331,"cross_secs":[{"A":7.853981633974483e-05}],"elements":[{"end_node_inds":[0,1]},{"end_node_inds":[0,2]},{"end_node_inds":[1,2]},{"end_node_inds":[0,3]},{"end_node_inds":[1,3]},{"end_node_inds":[2,3]},{"end_node_inds":[1,4]},{"end_node_inds":[3,4]},{"end_node_inds":[0,5]},{"end_node_inds":[1,5]},{"end_node_inds":[3,5]},{"end_node_inds":[4,5]},{"end_node_inds":[0,6]},{"end_node_inds":[1,6]},{"end_node_inds":[2,6]},{"end_node_inds":[0,7]},{"end_node_inds":[2,7]},{"end_node_inds":[6,7]},{"end_node_inds":[2,8]},{"end_node_inds":[3,8]},{"end_node_inds":[5,8]},{"end_node_inds":[6,8]},{"end_node_inds":[7,8]},{"end_node_inds":[7,9]},{"end_node_inds":[8,9]},{"end_node_inds":[1,10]},{"end_node_inds":[2,10]},{"end_node_inds":[5,10]},{"end_node_inds":[7,10]},{"end_node_inds":[8,10]},{"end_node_inds":[1,11]},{"end_node_inds":[7,11]},{"end_node_inds":[8,11]},{"end_node_inds":[10,11]},{"end_node_inds":[2,12]},{"end_node_inds":[5,12]},{"end_node_inds":[10,12]},{"end_node_inds":[3,13]},{"end_node_inds":[4,13]},{"end_node_inds":[5,13]},{"end_node_inds":[8,13]},{"end_node_inds":[11,13]},{"end_node_inds":[12,13]}],"materials":[{"E":129000000.0,"G12":46071428.57142857,"density":58.0}],"nodes":[{"is_grounded":0,"node_ind":0,"point":[0.019098959387650143,0.7286730804820618,1.2728800015419257]},{"is_grounded":0,"node_ind":1,"point":[0.021815405773810085,0.5806005917505792,2.593943119690344]},{"is_grounded":0,"node_ind":2,"point":[0.3045392371273191,0.08622129201892959,0.4289076290700117]},{"is_grounded":0,"node_ind":3,"point":[0.0,1.7878822067729112,0.5311738729243602]},{"is_grounded":0,"node_ind":4,"point":[0.18908468314446614,2.492794643849005,2.6334163654476344]},{"is_grounded":0,"node_ind":5,"point":[1.4769660425334115,2.719378369381298,2.0626667368700087]},{"is_grounded":1,"node_ind":6,"point":[0.26757223433352506,0.133327092985816,1.1791660746939198e-08]},{"is_grounded":0,"node_ind":7,"point":[2.3630908239843333,0.0,0.8194413842821852]},{"is_grounded":0,"node_ind":8,"point":[2.897729944414483,1.4360662408513347,1.0084258622606719]},{"is_grounded":1,"node_ind":9,"point":[2.7464644614109677,0.009382518715172863,1.7209451417244423e-08]},{"is_grounded":0,"node_ind":10,"point":[3.0,0.8960789600394076,2.876709658909661]},{"is_grounded":1,"node_ind":11,"point":[2.7464644614109677,0.2572716672564591,6.373870076633974e-09]},{"is_grounded":1,"node_ind":12,"point":[2.7464644614109677,0.40308885708454395,0.0]},{"is_grounded":0,"node_ind":13,"point":[2.9430900757344447,2.4328726942447654,0.2466360272555408]}]}