{"assembly_sequence":[{"Deformation":null,"compliance":0.0,"holdPartIDs":[],"installPartIDs":[111,122,123,124],"partDirections":null},{"Deformation":null,"compliance":0.0,"holdPartIDs":[],"installPartIDs":[76,90,110,121],"partDirections":null},{"Deformation":null,"compliance":0.0,"holdPartIDs":[],"installPartIDs":[59,91,113,117],"partDirections":null},{"Deformation":null,"compliance":0.0,"holdPartIDs":[],"installPartIDs":[62,63,116,119],"partDirections":null},{"Deformation":null,"compliance":0.0,"holdPartIDs":[],"installPartIDs":[52,82,83,118],"partDirections":null},{"Deformation":null,"compliance":0.0,"holdPartIDs":[],"installPartIDs":[30,49,112,115],"partDirections":null},{"Deformation":null,"compliance":0.0,"holdPartIDs":[],"installPartIDs":[35,41,81,149],"partDirections":null},{"Deformation":null,"compliance":0.0,"holdPartIDs":[],"installPartIDs":[51,61,87,114],"partDirections":null},{"Deformation":null,"compliance":0.0,"holdPartIDs":[],"installPartIDs":[18,37,58,75],"partDirections":null},{"Deformation":null,"compliance":0.0,"holdPartIDs":[],"installPartIDs":[89,99,101,102],"partDirections":null},{"Deformation":null,"compliance":0.0,"holdPartIDs":[],"installPartIDs":[56,67,93,100],"partDirections":null},{"Deformation":null,"compliance":0.0,"holdPartIDs":[],"installPartIDs":[64,66,68,103],"partDirections":null},{"Deformation":null,"compliance":0.0,"holdPartIDs":[],"installPartIDs":[92,95,96,97],"partDirections":null},{"Deformation":null,"compliance":0.0,"holdPartIDs":[],"installPartIDs":[42,55,94,98],"partDirections":null},{"Deformation":null,"compliance":0.0,"holdPartIDs":[],"installPartIDs":[126,134,136,137],"partDirections":null},{"Deformation":null,"compliance":0.0,"holdPartIDs":[],"installPartIDs":[3,19,21,22],"partDirections":null},{"Deformation":null,"compliance":0.0,"holdPartIDs":[],"installPartIDs":[2,15,17,109],"partDirections":null},{"Deformation":null,"compliance":0.0,"holdPartIDs":[],"installPartIDs":[4,23,25,26],"partDirections":null},{"Deformation":null,"compliance":0.0,"holdPartIDs":[],"installPartIDs":[127,138,140,141],"partDirections":null},{"Deformation":null,"compliance":0.0,"holdPartIDs":[],"installPartIDs":[128,142,144,145],"partDirections":null},{"Deformation":null,"compliance":0.0,"holdPartIDs":[],"installPartIDs":[48,84,105,108],"partDirections":null},{"Deformation":null,"compliance":0.0,"holdPartIDs":[],"installPartIDs":[72,73,104,106],"partDirections":null},{"Deformation":null,"compliance":0.0,"holdPartIDs":[],"installPartIDs":[69,79,85,107],"partDirections":null},{"Deformation":null,"compliance":0.0,"holdPartIDs":[],"installPartIDs":[39,77,78,80],"partDirections":null},{"Deformation":null,"compliance":0.0,"holdPartIDs":[],"installPartIDs":[45,47,71],"partDirections":null},{"Deformation":null,"compliance":0.0,"holdPartIDs":[],"installPartIDs":[125,130,132,133],"partDirections":null},{"Deformation":null,"compliance":0.0,"holdPartIDs":[],"installPartIDs":[1,129,146,148],"partDirections":null},{"Deformation":null,"compliance":0.0,"holdPartIDs":[],"installPartIDs":[5,6,27,29],"partDirections":null},{"Deformation":null,"compliance":0.0,"holdPartIDs":[],"installPartIDs":[28,34,38],"partDirections":null},{"Deformation":null,"compliance":0.0,"holdPartIDs":[],"installPartIDs":[33,40,74,147],"partDirections":null},{"Deformation":null,"compliance":0.0,"holdPartIDs":[],"installPartIDs":[13,14,70,143],"partDirections":null},{"Deformation":null,"compliance":0.0,"holdPartIDs":[],"installPartIDs":[31,36,131,139],"partDirections":null},{"Deformation":null,"compliance":0.0,"holdPartIDs":[],"installPartIDs":[16,57,60,135],"partDirections":null},{"Deformation":null,"compliance":0.0,"holdPartIDs":[],"installPartIDs":[20,24,44,50],"partDirections":null},{"Deformation":null,"compliance":0.0,"holdPartIDs":[],"installPartIDs":[46,86,88,120],"partDirections":null},{"Deformation":null,"compliance":0.0,"holdPartIDs":[],"installPartIDs":[0,7,8,12],"partDirections":null},{"Deformation":null,"compliance":0.0,"holdPartIDs":[],"installPartIDs":[9,10,11,32],"partDirections":null},{"Deformation":null,"compliance":0.0,"holdPartIDs":[],"installPartIDs":[43,53,54,65],"partDirections":null}],"benchmark_compliance":1.907846928413519e-05,"benchmark_time":1282.175162334,"cross_secs":[{"A":7.853981633974483e-05}],"elements":[{"end_node_inds":[0,1]},{"end_node_inds":[2,3]},{"end_node_inds":[4,5]},{"end_node_inds":[6,7]},{"end_node_inds":[8,9]},{"end_node_inds":[10,11]},{"end_node_inds":[3,12]},{"end_node_inds":[0,13]},{"end_node_inds":[1,13]},{"end_node_inds":[0,14]},{"end_node_inds":[1,14]},{"end_node_inds":[13,14]},{"end_node_inds":[2,15]},{"end_node_inds":[3,15]},{"end_node_inds":[12,15]},{"end_node_inds":[5,16]},{"end_node_inds":[4,17]},{"end_node_inds":[5,17]},{"end_node_inds":[16,17]},{"end_node_inds":[7,18]},{"end_node_inds":[6,19]},{"end_node_inds":[7,19]},{"end_node_inds":[18,19]},{"end_node_inds":[9,20]},{"end_node_inds":[8,21]},{"end_node_inds":[9,21]},{"end_node_inds":[20,21]},{"end_node_inds":[11,22]},{"end_node_inds":[10,23]},{"end_node_inds":[11,23]},{"end_node_inds":[22,23]},{"end_node_inds":[24,25]},{"end_node_inds":[26,27]},{"end_node_inds":[28,29]},{"end_node_inds":[30,31]},{"end_node_inds":[24,32]},{"end_node_inds":[25,32]},{"end_node_inds":[30,33]},{"end_node_inds":[31,33]},{"end_node_inds":[28,34]},{"end_node_inds":[29,34]},{"end_node_inds":[32,35]},{"end_node_inds":[26,36]},{"end_node_inds":[27,36]},{"end_node_inds":[29,37]},{"end_node_inds":[28,38]},{"end_node_inds":[29,38]},{"end_node_inds":[34,38]},{"end_node_inds":[37,38]},{"end_node_inds":[24,39]},{"end_node_inds":[25,39]},{"end_node_inds":[32,39]},{"end_node_inds":[35,39]},{"end_node_inds":[27,40]},{"end_node_inds":[27,41]},{"end_node_inds":[36,41]},{"end_node_inds":[40,41]},{"end_node_inds":[31,42]},{"end_node_inds":[33,42]},{"end_node_inds":[24,43]},{"end_node_inds":[25,43]},{"end_node_inds":[32,43]},{"end_node_inds":[35,43]},{"end_node_inds":[39,43]},{"end_node_inds":[26,44]},{"end_node_inds":[27,44]},{"end_node_inds":[36,44]},{"end_node_inds":[40,44]},{"end_node_inds":[41,44]},{"end_node_inds":[28,45]},{"end_node_inds":[29,45]},{"end_node_inds":[34,45]},{"end_node_inds":[37,45]},{"end_node_inds":[38,45]},{"end_node_inds":[31,46]},{"end_node_inds":[33,46]},{"end_node_inds":[42,46]},{"end_node_inds":[28,47]},{"end_node_inds":[34,47]},{"end_node_inds":[38,47]},{"end_node_inds":[45,47]},{"end_node_inds":[32,48]},{"end_node_inds":[35,48]},{"end_node_inds":[43,48]},{"end_node_inds":[38,49]},{"end_node_inds":[47,49]},{"end_node_inds":[31,50]},{"end_node_inds":[30,51]},{"end_node_inds":[31,51]},{"end_node_inds":[33,51]},{"end_node_inds":[46,51]},{"end_node_inds":[50,51]},{"end_node_inds":[36,52]},{"end_node_inds":[41,52]},{"end_node_inds":[26,53]},{"end_node_inds":[36,53]},{"end_node_inds":[44,53]},{"end_node_inds":[52,53]},{"end_node_inds":[36,54]},{"end_node_inds":[40,54]},{"end_node_inds":[41,54]},{"end_node_inds":[44,54]},{"end_node_inds":[52,54]},{"end_node_inds":[53,54]},{"end_node_inds":[37,55]},{"end_node_inds":[38,55]},{"end_node_inds":[45,55]},{"end_node_inds":[47,55]},{"end_node_inds":[49,55]},{"end_node_inds":[33,56]},{"end_node_inds":[46,56]},{"end_node_inds":[51,56]},{"end_node_inds":[39,57]},{"end_node_inds":[43,57]},{"end_node_inds":[32,58]},{"end_node_inds":[35,58]},{"end_node_inds":[39,58]},{"end_node_inds":[43,58]},{"end_node_inds":[48,58]},{"end_node_inds":[57,58]},{"end_node_inds":[31,59]},{"end_node_inds":[46,59]},{"end_node_inds":[50,59]},{"end_node_inds":[51,59]},{"end_node_inds":[56,59]},{"end_node_inds":[60,61]},{"end_node_inds":[62,63]},{"end_node_inds":[64,65]},{"end_node_inds":[66,67]},{"end_node_inds":[68,69]},{"end_node_inds":[61,70]},{"end_node_inds":[60,71]},{"end_node_inds":[61,71]},{"end_node_inds":[70,71]},{"end_node_inds":[63,72]},{"end_node_inds":[62,73]},{"end_node_inds":[63,73]},{"end_node_inds":[72,73]},{"end_node_inds":[65,74]},{"end_node_inds":[64,75]},{"end_node_inds":[65,75]},{"end_node_inds":[74,75]},{"end_node_inds":[67,76]},{"end_node_inds":[66,77]},{"end_node_inds":[67,77]},{"end_node_inds":[76,77]},{"end_node_inds":[69,78]},{"end_node_inds":[68,79]},{"end_node_inds":[69,79]},{"end_node_inds":[78,79]}],"materials":[{"E":129000000.0,"G12":46071428.57142857,"density":58.0}],"nodes":[{"is_grounded":1,"node_ind":0,"point":[0.3083928503563526,0.2061053092230254,0.0]},{"is_grounded":0,"node_ind":1,"point":[0.0060484641906571445,0.2061053092230254,0.7289499256148675]},{"is_grounded":1,"node_ind":2,"point":[0.0,0.6449389127775293,8.632501239641825e-16]},{"is_grounded":0,"node_ind":3,"point":[0.009898556619594037,0.5370079951117008,0.7289499256148675]},{"is_grounded":1,"node_ind":4,"point":[0.014739077148448455,0.9305916706786707,0.0]},{"is_grounded":0,"node_ind":5,"point":[0.2886696571060544,0.857527214033033,0.7289499256148675]},{"is_grounded":1,"node_ind":6,"point":[0.024820498910830876,1.2668966266491821,0.0]},{"is_grounded":0,"node_ind":7,"point":[0.30747223452322825,1.3066899916568284,0.7289499256148675]},{"is_grounded":1,"node_ind":8,"point":[0.010797141194871027,1.951249088590485,0.0]},{"is_grounded":0,"node_ind":9,"point":[0.3082206835757196,1.9976665750315352,0.7289499256148675]},{"is_grounded":1,"node_ind":10,"point":[0.03955553713111815,1.5672773116501189,0.0]},{"is_grounded":0,"node_ind":11,"point":[0.2884176341440436,1.5216513098467304,0.7289499256148675]},{"is_grounded":1,"node_ind":12,"point":[0.317132075281416,0.4830425362787866,8.632501239641825e-16]},{"is_grounded":0,"node_ind":13,"point":[0.6105918206253118,0.10507948507430301,0.7289499256148675]},{"is_grounded":0,"node_ind":14,"point":[0.6108826524187845,0.30713113337174774,0.7289499256148675]},{"is_grounded":0,"node_ind":15,"point":[0.6144670373236439,0.5370079951117008,0.7289499256148675]},{"is_grounded":1,"node_ind":16,"point":[0.6109863755698677,0.8697910156826795,0.0]},{"is_grounded":0,"node_ind":17,"point":[0.659372514076075,0.9551192739779636,0.7289499256148675]},{"is_grounded":1,"node_ind":18,"point":[0.6254694704842799,1.249620570367695,0.0]},{"is_grounded":0,"node_ind":19,"point":[0.6608149708329343,1.1527577840709156,0.7289499256148675]},{"is_grounded":1,"node_ind":20,"point":[0.6527538368680017,1.951249088590485,0.0]},{"is_grounded":0,"node_ind":21,"point":[0.6998634477794353,1.8584141157083847,0.7289499256148675]},{"is_grounded":1,"node_ind":22,"point":[0.6353209267928164,1.5899511247691989,0.0]},{"is_grounded":0,"node_ind":23,"point":[0.6353209267928164,1.6421885994262824,0.7289499256148675]},{"is_grounded":1,"node_ind":24,"point":[1.4473160368607416,1.920591864170666,0.0]},{"is_grounded":0,"node_ind":25,"point":[1.16402506618921,1.9387273911491751,0.9719332341531567]},{"is_grounded":1,"node_ind":26,"point":[1.4426596901435211,1.2399216273854883,0.0]},{"is_grounded":0,"node_ind":27,"point":[1.2766813718491234,1.3992604258328676,0.9719332341531567]},{"is_grounded":1,"node_ind":28,"point":[1.4605699857771675,0.8656549004166024,0.0]},{"is_grounded":0,"node_ind":29,"point":[1.2151501834160374,0.7901906431397727,0.9719332341531567]},{"is_grounded":1,"node_ind":30,"point":[1.4322327873868135,0.19939120894270662,0.0]},{"is_grounded":0,"node_ind":31,"point":[1.2668713251901436,0.22547012069257527,0.9719332341531567]},{"is_grounded":0,"node_ind":32,"point":[1.550543273734689,1.7186718431118044,0.9719332341531567]},{"is_grounded":0,"node_ind":33,"point":[1.5761502620287984,0.39794117758130143,0.9719332341531567]},{"is_grounded":0,"node_ind":34,"point":[1.6153613234848627,0.8937948391554761,0.9719332341531567]},{"is_grounded":1,"node_ind":35,"point":[1.7563143268028172,1.6675686727344758,0.0]},{"is_grounded":0,"node_ind":36,"point":[1.8194690867372247,1.0922155675240133,0.9719332341531567]},{"is_grounded":1,"node_ind":37,"point":[1.7201238984330343,0.6133134119050273,0.0]},{"is_grounded":0,"node_ind":38,"point":[1.9375344595008392,0.7066499346680287,0.9719332341531567]},{"is_grounded":0,"node_ind":39,"point":[1.8884132636773896,1.8576378123534782,0.9719332341531567]},{"is_grounded":1,"node_ind":40,"point":[1.8350079748524903,1.374486401977687,0.0]},{"is_grounded":0,"node_ind":41,"point":[1.950549739399098,1.3643422107276593,0.9719332341531567]},{"is_grounded":1,"node_ind":42,"point":[1.7836040745016257,0.2841175542466462,0.0]},{"is_grounded":0,"node_ind":43,"point":[1.8165509113556866,1.8183650581253779,0.9719332341531567]},{"is_grounded":0,"node_ind":44,"point":[1.7991699461329123,1.2175967308841842,0.9719332341531567]},{"is_grounded":0,"node_ind":45,"point":[1.796718810969191,0.6412722430843318,0.9719332341531567]},{"is_grounded":0,"node_ind":46,"point":[1.8837839522979374,0.2605579268791601,0.9719332341531567]},{"is_grounded":0,"node_ind":47,"point":[1.8791997018514284,0.7832841507183547,0.9719332341531567]},{"is_grounded":0,"node_ind":48,"point":[1.8539804859629432,1.6498722683085334,0.9719332341531567]},{"is_grounded":1,"node_ind":49,"point":[2.018976168654691,0.6759404942933819,0.0]},{"is_grounded":1,"node_ind":50,"point":[1.9297280545435782,0.0,0.0]},{"is_grounded":0,"node_ind":51,"point":[2.025588779323872,0.17636511158430046,0.9719332341531567]},{"is_grounded":1,"node_ind":52,"point":[2.0375419184229515,1.1898944060400825,0.0]},{"is_grounded":0,"node_ind":53,"point":[1.941181861008402,1.1351158400019468,0.9719332341531567]},{"is_grounded":0,"node_ind":54,"point":[1.9470667223582137,1.313768258518466,0.9719332341531567]},{"is_grounded":0,"node_ind":55,"point":[1.9508688980007005,0.6108850529650605,0.9719332341531567]},{"is_grounded":1,"node_ind":56,"point":[2.0522349651870764,0.2053438277930799,0.0]},{"is_grounded":1,"node_ind":57,"point":[2.0219737037245324,1.748935820124434,0.0]},{"is_grounded":0,"node_ind":58,"point":[1.9839122617981166,1.7663943500569053,0.9719332341531567]},{"is_grounded":0,"node_ind":59,"point":[2.003962344821112,0.12540823060565262,0.9719332341531567]},{"is_grounded":1,"node_ind":60,"point":[2.333577668070171,0.9734656299288629,0.0]},{"is_grounded":0,"node_ind":61,"point":[2.628778709216419,0.9195001710959486,0.7289499256148675]},{"is_grounded":1,"node_ind":62,"point":[2.3550509944279843,1.2995154793638608,0.0]},{"is_grounded":0,"node_ind":63,"point":[2.624919725171317,1.2568513434273436,0.7289499256148675]},{"is_grounded":1,"node_ind":64,"point":[2.3455655689259007,0.2942529955417052,0.0]},{"is_grounded":0,"node_ind":65,"point":[2.6447383084546683,0.2402875403295244,0.7289499256148675]},{"is_grounded":1,"node_ind":66,"point":[2.3656318619725427,0.6206672708930552,0.0]},{"is_grounded":0,"node_ind":67,"point":[2.655427705673962,0.5728411896995342,0.7289499256148675]},{"is_grounded":1,"node_ind":68,"point":[2.3578293008764284,1.6580906959862782,0.0]},{"is_grounded":0,"node_ind":69,"point":[2.6141637544312992,1.7117897539246598,0.7289499256148675]},{"is_grounded":1,"node_ind":70,"point":[2.933878306982261,0.9734656299288629,0.0]},{"is_grounded":0,"node_ind":71,"point":[2.9437768636018546,1.0813965475946914,0.7289499256148675]},{"is_grounded":1,"node_ind":72,"point":[2.9431745998519574,1.2995154793638608,0.0]},{"is_grounded":0,"node_ind":73,"point":[2.991560743789265,1.3848437512368952,0.7289499256148675]},{"is_grounded":1,"node_ind":74,"point":[2.9538096046030295,0.2942529955417052,0.0]},{"is_grounded":0,"node_ind":75,"point":[2.9637081612226237,0.4021839059660668,0.7289499256148675]},{"is_grounded":1,"node_ind":76,"point":[2.9551221059949753,0.6329460207407415,0.0]},{"is_grounded":0,"node_ind":77,"point":[2.9650206626145694,0.7408769329754699,0.7289499256148675]},{"is_grounded":1,"node_ind":78,"point":[2.989774282957883,1.669057057589939,0.0]},{"is_grounded":0,"node_ind":79,"point":[3.0,1.6148841578859585,0.7289499256148675]}]}