{"assembly_sequence":[{"Deformation":null,"compliance":0.0,"holdPartIDs":[],"installPartIDs":[10],"partDirections":null},{"Deformation":null,"compliance":0.0,"holdPartIDs":[],"installPartIDs":[21,24,33,34],"partDirections":null},{"Deformation":null,"compliance":0.0,"holdPartIDs":[],"installPartIDs":[11,20,22],"partDirections":null},{"Deformation":null,"compliance":0.0,"holdPartIDs":[],"installPartIDs":[23,35,36,38],"partDirections":null},{"Deformation":null,"compliance":0.0,"holdPartIDs":[],"installPartIDs":[17,30,32,39],"partDirections":null},{"Deformation":null,"compliance":0.0,"holdPartIDs":[],"installPartIDs":[2,12,13,18],"partDirections":null},{"Deformation":null,"compliance":0.0,"holdPartIDs":[],"installPartIDs":[5,7,9,31],"partDirections":null},{"Deformation":null,"compliance":0.0,"holdPartIDs":[],"installPartIDs":[14,15,16,19],"partDirections":null},{"Deformation":null,"compliance":0.0,"holdPartIDs":[],"installPartIDs":[0,1,4,6],"partDirections":null},{"Deformation":null,"compliance":0.0,"holdPartIDs":[],"installPartIDs":[3,26,27,37],"partDirections":null},{"Deformation":null,"compliance":0.0,"holdPartIDs":[],"installPartIDs":[8,25,28,29],"partDirections":null}],"benchmark_compliance":0.00010546789533332412,"benchmark_time":1.595819536,"cross_secs":[{"A":7.853981633974483e-05}],"elements":[{"end_node_inds":[0,1]},{"end_node_inds":[0,2]},{"end_node_inds":[1,2]},{"end_node_inds":[0,3]},{"end_node_inds":[0,4]},{"end_node_inds":[3,4]},{"end_node_inds":[0,5]},{"end_node_inds":[1,5]},{"end_node_inds":[2,5]},{"end_node_inds":[3,5]},{"end_node_inds":[4,5]},{"end_node_inds":[1,6]},{"end_node_inds":[2,6]},{"end_node_inds":[5,6]},{"end_node_inds":[1,7]},{"end_node_inds":[2,7]},{"end_node_inds":[6,7]},{"end_node_inds":[1,8]},{"end_node_inds":[6,8]},{"end_node_inds":[7,8]},{"end_node_inds":[6,9]},{"end_node_inds":[4,10]},{"end_node_inds":[5,10]},{"end_node_inds":[6,10]},{"end_node_inds":[9,10]},{"end_node_inds":[3,11]},{"end_node_inds":[4,11]},{"end_node_inds":[5,11]},{"end_node_inds":[9,11]},{"end_node_inds":[10,11]},{"end_node_inds":[8,12]},{"end_node_inds":[6,13]},{"end_node_inds":[8,13]},{"end_node_inds":[10,13]},{"end_node_inds":[12,13]},{"end_node_inds":[9,14]},{"end_node_inds":[10,14]},{"end_node_inds":[11,14]},{"end_node_inds":[12,14]},{"end_node_inds":[13,14]}],"materials":[{"E":129000000.0,"G12":46071428.57142857,"density":58.0}],"nodes":[{"is_grounded":0,"node_ind":0,"point":[0.0,1.908393442571191,0.6259383181651342]},{"is_grounded":1,"node_ind":1,"point":[0.7766276232755251,0.6227545861917997,0.05769445119358647]},{"is_grounded":0,"node_ind":2,"point":[0.1623213245401733,0.5809834831779649,1.0653617028451512]},{"is_grounded":0,"node_ind":3,"point":[0.9681583989789163,2.9849608952359765,0.5292038412565064]},{"is_grounded":1,"node_ind":4,"point":[1.2076204293872963,2.0891945181506313,0.0]},{"is_grounded":0,"node_ind":5,"point":[1.2076204293872963,2.0891945181506313,1.0653617028451512]},{"is_grounded":0,"node_ind":6,"point":[1.0814731864965146,0.9009877448420786,1.0653617028451512]},{"is_grounded":0,"node_ind":7,"point":[0.9608690752019338,0.0,1.0653617028451512]},{"is_grounded":0,"node_ind":8,"point":[1.9236255354780567,0.04942742883367351,0.5319616961596186]},{"is_grounded":1,"node_ind":9,"point":[2.0694637916836913,1.335382842571013,0.0]},{"is_grounded":0,"node_ind":10,"point":[2.0694637916836913,1.335382842571013,1.0653617028451512]},{"is_grounded":0,"node_ind":11,"point":[2.397213500026907,2.7205928157138652,0.4741665166599349]},{"is_grounded":1,"node_ind":12,"point":[2.747927415214428,0.5793598412562219,0.0]},{"is_grounded":0,"node_ind":13,"point":[2.747927415214428,0.5793598412562219,1.0653617028451512]},{"is_grounded":0,"node_ind":14,"point":[3.0,1.5222972357797506,0.5357272738913407]}]}