{"assembly_sequence":[{"Deformation":null,"compliance":0.0,"holdPartIDs":[],"installPartIDs":[33,46,48],"partDirections":null},{"Deformation":null,"compliance":0.0,"holdPartIDs":[],"installPartIDs":[6,40,43,47],"partDirections":null},{"Deformation":null,"compliance":0.0,"holdPartIDs":[],"installPartIDs":[0,38,41,45],"partDirections":null},{"Deformation":null,"compliance":0.0,"holdPartIDs":[],"installPartIDs":[4,29,30,37],"partDirections":null},{"Deformation":null,"compliance":0.0,"holdPartIDs":[],"installPartIDs":[1,2,3,5],"partDirections":null},{"Deformation":null,"compliance":0.0,"holdPartIDs":[],"installPartIDs":[8,9,11,31],"partDirections":null},{"Deformation":null,"compliance":0.0,"holdPartIDs":[],"installPartIDs":[13,16,34],"partDirections":null},{"Deformation":null,"compliance":0.0,"holdPartIDs":[],"installPartIDs":[15,17,32,35],"partDirections":null},{"Deformation":null,"compliance":0.0,"holdPartIDs":[],"installPartIDs":[10,14,22,39],"partDirections":null},{"Deformation":null,"compliance":0.0,"holdPartIDs":[],"installPartIDs":[24,28,36,44],"partDirections":null},{"Deformation":null,"compliance":0.0,"holdPartIDs":[],"installPartIDs":[19,21,23,27],"partDirections":null},{"Deformation":null,"compliance":0.0,"holdPartIDs":[],"installPartIDs":[7,12,20],"partDirections":null},{"Deformation":null,"compliance":0.0,"holdPartIDs":[],"installPartIDs":[18,25,26,42],"partDirections":null}],"benchmark_compliance":0.00014820913294811728,"benchmark_time":1.735948187,"cross_secs":[{"A":7.853981633974483e-05}],"elements":[{"end_node_inds":[0,1]},{"end_node_inds":[0,3]},{"end_node_inds":[1,3]},{"end_node_inds":[2,3]},{"end_node_inds":[2,5]},{"end_node_inds":[3,5]},{"end_node_inds":[4,5]},{"end_node_inds":[1,6]},{"end_node_inds":[3,7]},{"end_node_inds":[5,7]},{"end_node_inds":[1,8]},{"end_node_inds":[3,8]},{"end_node_inds":[6,8]},{"end_node_inds":[7,8]},{"end_node_inds":[7,9]},{"end_node_inds":[8,9]},{"end_node_inds":[7,10]},{"end_node_inds":[9,10]},{"end_node_inds":[6,11]},{"end_node_inds":[8,11]},{"end_node_inds":[9,11]},{"end_node_inds":[10,11]},{"end_node_inds":[10,12]},{"end_node_inds":[11,12]},{"end_node_inds":[0,14]},{"end_node_inds":[1,14]},{"end_node_inds":[6,14]},{"end_node_inds":[11,14]},{"end_node_inds":[12,14]},{"end_node_inds":[4,15]},{"end_node_inds":[5,15]},{"end_node_inds":[7,15]},{"end_node_inds":[10,15]},{"end_node_inds":[15,16]},{"end_node_inds":[10,17]},{"end_node_inds":[12,17]},{"end_node_inds":[14,17]},{"end_node_inds":[15,17]},{"end_node_inds":[16,17]},{"end_node_inds":[14,18]},{"end_node_inds":[16,18]},{"end_node_inds":[17,18]},{"end_node_inds":[0,22]},{"end_node_inds":[13,22]},{"end_node_inds":[14,22]},{"end_node_inds":[18,22]},{"end_node_inds":[19,22]},{"end_node_inds":[18,23]},{"end_node_inds":[22,23]}],"materials":[{"E":129000000.0,"G12":46071428.57142857,"density":58.0}],"nodes":[{"is_grounded":1,"node_ind":0,"point":[0.0,0.013987555999130175,0.016785067198956213]},{"is_grounded":0,"node_ind":1,"point":[0.2168407482674063,0.17331186984594807,1.342805375916497]},{"is_grounded":1,"node_ind":2,"point":[0.15634154586031704,1.1089123741768614,0.012159505170847755]},{"is_grounded":0,"node_ind":3,"point":[0.46461136521477475,1.2192563698145888,1.3539954207158011]},{"is_grounded":1,"node_ind":4,"point":[0.19918409785779775,2.270427550041003,0.011714578149271524]},{"is_grounded":0,"node_ind":5,"point":[0.3595995376385919,2.2778988076728743,1.348400398316149]},{"is_grounded":0,"node_ind":6,"point":[0.4560615861334209,0.3466237396918962,0.44760179197216565]},{"is_grounded":0,"node_ind":7,"point":[0.9794154371131261,1.744029032254676,1.3609891987153662]},{"is_grounded":0,"node_ind":8,"point":[0.7646994179113714,1.1427496280574667,0.44760179197216565]},{"is_grounded":0,"node_ind":9,"point":[1.349429876143285,1.5691520938172687,0.44760179197216565]},{"is_grounded":0,"node_ind":10,"point":[1.6641066813607437,1.460409926865894,1.306409144649941]},{"is_grounded":0,"node_ind":11,"point":[1.8287393797140354,0.6284138348044044,0.44760179197216565]},{"is_grounded":0,"node_ind":12,"point":[1.9173322984314243,0.9019402498581429,1.2430005095481318]},{"is_grounded":1,"node_ind":13,"point":[1.7501232751722433,0.01119004479930414,0.022380089598608283]},{"is_grounded":0,"node_ind":14,"point":[2.228518823397765,0.3702864159211558,1.1348043728751507]},{"is_grounded":0,"node_ind":15,"point":[1.8305629124305969,2.057694376065165,1.0345559744597979]},{"is_grounded":1,"node_ind":16,"point":[1.9268023919287955,2.031511291343467,0.28077267438379916]},{"is_grounded":0,"node_ind":17,"point":[2.2046644545324714,1.3144499702457322,0.710854936545184]},{"is_grounded":0,"node_ind":18,"point":[2.566364590538916,0.842510988655028,0.32007077153624613]},{"is_grounded":1,"node_ind":19,"point":[2.4152090485607465,0.0,0.04476017919721657]},{"is_grounded":1,"node_ind":20,"point":[2.4152090485607465,0.02238008959860828,0.0]},{"is_grounded":1,"node_ind":21,"point":[2.4446870507158227,1.1017702219531245,0.0]},{"is_grounded":0,"node_ind":22,"point":[2.894157499741025,0.0520330439078543,0.5878479026038407]},{"is_grounded":1,"node_ind":23,"point":[3.0,0.13439376021337354,0.16463898510404615]}]}