{"assembly_sequence":[{"Deformation":null,"compliance":0.0,"holdPartIDs":[],"installPartIDs":[1,39,42],"partDirections":null},{"Deformation":null,"compliance":0.0,"holdPartIDs":[],"installPartIDs":[36,38,41,49],"partDirections":null},{"Deformation":null,"compliance":0.0,"holdPartIDs":[],"installPartIDs":[43,48,58,59],"partDirections":null},{"Deformation":null,"compliance":0.0,"holdPartIDs":[],"installPartIDs":[0,16,37,40],"partDirections":null},{"Deformation":null,"compliance":0.0,"holdPartIDs":[],"installPartIDs":[2,17,31,33],"partDirections":null},{"Deformation":null,"compliance":0.0,"holdPartIDs":[],"installPartIDs":[8,32,34,47],"partDirections":null},{"Deformation":null,"compliance":0.0,"holdPartIDs":[],"installPartIDs":[9,10,15,35],"partDirections":null},{"Deformation":null,"compliance":0.0,"holdPartIDs":[],"installPartIDs":[3,11,12,57],"partDirections":null},{"Deformation":null,"compliance":0.0,"holdPartIDs":[],"installPartIDs":[5,19,21,44],"partDirections":null},{"Deformation":null,"compliance":0.0,"holdPartIDs":[],"installPartIDs":[24,26,61,63],"partDirections":null},{"Deformation":null,"compliance":0.0,"holdPartIDs":[],"installPartIDs":[4,13,20,66],"partDirections":null},{"Deformation":null,"compliance":0.0,"holdPartIDs":[],"installPartIDs":[28,30,45,64],"partDirections":null},{"Deformation":null,"compliance":0.0,"holdPartIDs":[],"installPartIDs":[7,14,22,29],"partDirections":null},{"Deformation":null,"compliance":0.0,"holdPartIDs":[],"installPartIDs":[18,27,50,65],"partDirections":null},{"Deformation":null,"compliance":0.0,"holdPartIDs":[],"installPartIDs":[25,52,54,55],"partDirections":null},{"Deformation":null,"compliance":0.0,"holdPartIDs":[],"installPartIDs":[6,23,53,62],"partDirections":null},{"Deformation":null,"compliance":0.0,"holdPartIDs":[],"installPartIDs":[46,51,56,60],"partDirections":null}],"benchmark_compliance":2.2142285390949327e-06,"benchmark_time":7.51624254,"cross_secs":[{"A":7.853981633974483e-05}],"elements":[{"end_node_inds":[0,2]},{"end_node_inds":[1,2]},{"end_node_inds":[2,3]},{"end_node_inds":[3,4]},{"end_node_inds":[3,5]},{"end_node_inds":[4,5]},{"end_node_inds":[3,6]},{"end_node_inds":[5,6]},{"end_node_inds":[0,7]},{"end_node_inds":[2,7]},{"end_node_inds":[3,7]},{"end_node_inds":[3,8]},{"end_node_inds":[4,8]},{"end_node_inds":[5,8]},{"end_node_inds":[6,8]},{"end_node_inds":[7,8]},{"end_node_inds":[2,9]},{"end_node_inds":[3,9]},{"end_node_inds":[6,9]},{"end_node_inds":[9,10]},{"end_node_inds":[9,11]},{"end_node_inds":[10,11]},{"end_node_inds":[6,12]},{"end_node_inds":[9,12]},{"end_node_inds":[11,12]},{"end_node_inds":[6,13]},{"end_node_inds":[8,13]},{"end_node_inds":[6,14]},{"end_node_inds":[13,14]},{"end_node_inds":[6,15]},{"end_node_inds":[14,15]},{"end_node_inds":[9,16]},{"end_node_inds":[10,16]},{"end_node_inds":[0,17]},{"end_node_inds":[7,17]},{"end_node_inds":[8,17]},{"end_node_inds":[17,18]},{"end_node_inds":[2,19]},{"end_node_inds":[17,19]},{"end_node_inds":[2,20]},{"end_node_inds":[9,20]},{"end_node_inds":[17,20]},{"end_node_inds":[19,20]},{"end_node_inds":[9,21]},{"end_node_inds":[10,21]},{"end_node_inds":[11,21]},{"end_node_inds":[12,21]},{"end_node_inds":[16,21]},{"end_node_inds":[17,21]},{"end_node_inds":[20,21]},{"end_node_inds":[6,22]},{"end_node_inds":[8,22]},{"end_node_inds":[12,22]},{"end_node_inds":[13,22]},{"end_node_inds":[14,22]},{"end_node_inds":[15,22]},{"end_node_inds":[21,22]},{"end_node_inds":[8,23]},{"end_node_inds":[17,23]},{"end_node_inds":[21,23]},{"end_node_inds":[22,23]},{"end_node_inds":[21,24]},{"end_node_inds":[22,24]},{"end_node_inds":[23,24]},{"end_node_inds":[21,25]},{"end_node_inds":[22,25]},{"end_node_inds":[24,25]}],"materials":[{"E":129000000.0,"G12":46071428.57142857,"density":58.0}],"nodes":[{"is_grounded":1,"node_ind":0,"point":[0.007940915639636715,0.08688568882500633,0.0010714446321364733]},{"is_grounded":1,"node_ind":1,"point":[0.05876404746666019,0.28875706483037006,0.0021428892642729467]},{"is_grounded":0,"node_ind":2,"point":[0.07278557764616346,0.2612422831044241,1.2732155137783068]},{"is_grounded":0,"node_ind":3,"point":[0.0,0.16905761250515325,1.4472049209465319]},{"is_grounded":0,"node_ind":4,"point":[0.016829463876924605,0.14694744971618962,2.0211501048886165]},{"is_grounded":0,"node_ind":5,"point":[0.013473839134919422,0.1469820203024751,2.474279220571241]},{"is_grounded":0,"node_ind":6,"point":[0.11803748429886018,0.08670501926413271,2.961476623994372]},{"is_grounded":0,"node_ind":7,"point":[0.05785532527369555,0.052121467003054034,1.2737710935348907]},{"is_grounded":0,"node_ind":8,"point":[0.13488941571122864,0.031661581742664584,1.5525411293762852]},{"is_grounded":0,"node_ind":9,"point":[0.1285277417797752,0.31704633816576655,1.5530967091328693]},{"is_grounded":0,"node_ind":10,"point":[0.17219084878860672,0.3209551733208039,2.174126480279467]},{"is_grounded":0,"node_ind":11,"point":[0.17542084289966986,0.3202035243863491,2.583802246224705]},{"is_grounded":0,"node_ind":12,"point":[0.17582244714507128,0.32117184018466177,2.985256065264141]},{"is_grounded":0,"node_ind":13,"point":[0.1702970704370203,0.008097243250808694,2.1576586530733923]},{"is_grounded":0,"node_ind":14,"point":[0.1704391721206632,0.007259483148335125,2.4729182961534404]},{"is_grounded":0,"node_ind":15,"point":[0.16925753101527846,0.008409633201319116,2.6824680667204532]},{"is_grounded":0,"node_ind":16,"point":[0.16881860387336184,0.32182004543682324,1.9127065281725395]},{"is_grounded":0,"node_ind":17,"point":[0.2676656702823735,0.06700575154361761,1.2732155137783068]},{"is_grounded":1,"node_ind":18,"point":[0.24790846555500312,0.0,0.0]},{"is_grounded":1,"node_ind":19,"point":[0.28846027770302807,0.25215430116338533,0.0014285928428486312]},{"is_grounded":0,"node_ind":20,"point":[0.2825959226548414,0.2761265676449877,1.2737710935348907]},{"is_grounded":0,"node_ind":21,"point":[0.2825959226548414,0.2761265676449877,1.5519855496197015]},{"is_grounded":0,"node_ind":22,"point":[0.27200614343658275,0.12902034956005753,3.0]},{"is_grounded":0,"node_ind":23,"point":[0.3404512479285369,0.15919042214288848,1.4472049209465319]},{"is_grounded":0,"node_ind":24,"point":[0.32521614673422333,0.18500214750447483,1.9643458488300276]},{"is_grounded":0,"node_ind":25,"point":[0.3269774087936175,0.1812660143455666,2.474279220571241]}]}