{"assembly_sequence":[{"Deformation":null,"compliance":0.0,"holdPartIDs":[],"installPartIDs":[40,44,66],"partDirections":null},{"Deformation":null,"compliance":0.0,"holdPartIDs":[],"installPartIDs":[6,19,38,45],"partDirections":null},{"Deformation":null,"compliance":0.0,"holdPartIDs":[],"installPartIDs":[10,11,20],"partDirections":null},{"Deformation":null,"compliance":0.0,"holdPartIDs":[],"installPartIDs":[5,35,36,41],"partDirections":null},{"Deformation":null,"compliance":0.0,"holdPartIDs":[],"installPartIDs":[30,43,63,65],"partDirections":null},{"Deformation":null,"compliance":0.0,"holdPartIDs":[],"installPartIDs":[39,42,64,69],"partDirections":null},{"Deformation":null,"compliance":0.0,"holdPartIDs":[],"installPartIDs":[37,60,61,62],"partDirections":null},{"Deformation":null,"compliance":0.0,"holdPartIDs":[],"installPartIDs":[33,49,55,67],"partDirections":null},{"Deformation":null,"compliance":0.0,"holdPartIDs":[],"installPartIDs":[31,50,52,68],"partDirections":null},{"Deformation":null,"compliance":0.0,"holdPartIDs":[],"installPartIDs":[26,34,53,56],"partDirections":null},{"Deformation":null,"compliance":0.0,"holdPartIDs":[],"installPartIDs":[15,21,27,57],"partDirections":null},{"Deformation":null,"compliance":0.0,"holdPartIDs":[],"installPartIDs":[1,14,18,25],"partDirections":null},{"Deformation":null,"compliance":0.0,"holdPartIDs":[],"installPartIDs":[3,8,16,17],"partDirections":null},{"Deformation":null,"compliance":0.0,"holdPartIDs":[],"installPartIDs":[7,12,29,32],"partDirections":null},{"Deformation":null,"compliance":0.0,"holdPartIDs":[],"installPartIDs":[2,4,9,51],"partDirections":null},{"Deformation":null,"compliance":0.0,"holdPartIDs":[],"installPartIDs":[22,24,28,54],"partDirections":null},{"Deformation":null,"compliance":0.0,"holdPartIDs":[],"installPartIDs":[13,23,48,59],"partDirections":null},{"Deformation":null,"compliance":0.0,"holdPartIDs":[],"installPartIDs":[0,46,47,58],"partDirections":null}],"benchmark_compliance":0.0006326415428869684,"benchmark_time":22.845337552,"cross_secs":[{"A":7.853981633974483e-05}],"elements":[{"end_node_inds":[0,1]},{"end_node_inds":[1,2]},{"end_node_inds":[0,3]},{"end_node_inds":[1,3]},{"end_node_inds":[0,4]},{"end_node_inds":[2,4]},{"end_node_inds":[3,4]},{"end_node_inds":[0,5]},{"end_node_inds":[4,5]},{"end_node_inds":[0,6]},{"end_node_inds":[3,6]},{"end_node_inds":[4,6]},{"end_node_inds":[5,6]},{"end_node_inds":[0,7]},{"end_node_inds":[1,7]},{"end_node_inds":[2,7]},{"end_node_inds":[3,7]},{"end_node_inds":[4,7]},{"end_node_inds":[6,7]},{"end_node_inds":[4,8]},{"end_node_inds":[6,8]},{"end_node_inds":[7,8]},{"end_node_inds":[1,9]},{"end_node_inds":[2,9]},{"end_node_inds":[7,9]},{"end_node_inds":[1,10]},{"end_node_inds":[4,10]},{"end_node_inds":[7,10]},{"end_node_inds":[9,10]},{"end_node_inds":[0,11]},{"end_node_inds":[3,11]},{"end_node_inds":[4,11]},{"end_node_inds":[5,11]},{"end_node_inds":[6,11]},{"end_node_inds":[10,11]},{"end_node_inds":[4,12]},{"end_node_inds":[6,12]},{"end_node_inds":[10,12]},{"end_node_inds":[4,13]},{"end_node_inds":[10,13]},{"end_node_inds":[3,14]},{"end_node_inds":[4,14]},{"end_node_inds":[10,14]},{"end_node_inds":[11,14]},{"end_node_inds":[12,14]},{"end_node_inds":[13,14]},{"end_node_inds":[0,15]},{"end_node_inds":[1,15]},{"end_node_inds":[9,15]},{"end_node_inds":[10,15]},{"end_node_inds":[11,15]},{"end_node_inds":[0,16]},{"end_node_inds":[3,16]},{"end_node_inds":[4,16]},{"end_node_inds":[5,16]},{"end_node_inds":[11,16]},{"end_node_inds":[15,16]},{"end_node_inds":[2,17]},{"end_node_inds":[4,17]},{"end_node_inds":[9,17]},{"end_node_inds":[10,17]},{"end_node_inds":[13,17]},{"end_node_inds":[15,17]},{"end_node_inds":[4,18]},{"end_node_inds":[10,18]},{"end_node_inds":[11,18]},{"end_node_inds":[14,18]},{"end_node_inds":[15,18]},{"end_node_inds":[16,18]},{"end_node_inds":[17,18]}],"materials":[{"E":129000000.0,"G12":46071428.57142857,"density":58.0}],"nodes":[{"is_grounded":0,"node_ind":0,"point":[1.1839780117348158,2.697141376634245,1.1326128974422505]},{"is_grounded":0,"node_ind":1,"point":[0.3336617275098578,0.045045056919813545,0.8126754373109236]},{"is_grounded":1,"node_ind":2,"point":[0.0,0.8384785210743938,0.0]},{"is_grounded":1,"node_ind":3,"point":[1.2371843514866743,1.5093734152429292,0.08554478687208036]},{"is_grounded":0,"node_ind":4,"point":[0.7595471524856765,1.7590978432472784,0.45623883387548964]},{"is_grounded":0,"node_ind":5,"point":[1.1329689594355965,2.6637028411758483,0.11405971582944048]},{"is_grounded":0,"node_ind":6,"point":[0.6256440945831563,1.6788400964115864,0.6843582360920983]},{"is_grounded":0,"node_ind":7,"point":[0.45507055648194306,0.45608559487801364,1.3687164721841967]},{"is_grounded":1,"node_ind":8,"point":[0.47810609074078053,1.1444997539675255,0.0]},{"is_grounded":0,"node_ind":9,"point":[1.1704796787245546,0.0,0.11405971582944048]},{"is_grounded":0,"node_ind":10,"point":[1.8037183779985404,0.5203122169058607,1.3687164721841967]},{"is_grounded":0,"node_ind":11,"point":[2.1219207346309585,2.0731016445972226,1.3687164721841967]},{"is_grounded":1,"node_ind":12,"point":[1.7368655867854073,1.3640435151745123,0.0]},{"is_grounded":1,"node_ind":13,"point":[1.4907294967402638,1.1788985631881348,0.0]},{"is_grounded":0,"node_ind":14,"point":[1.9733103771210765,1.3842603940325036,1.3687164721841967]},{"is_grounded":0,"node_ind":15,"point":[3.0,0.6224058445125951,1.040794837386276]},{"is_grounded":0,"node_ind":16,"point":[2.6089385590197085,2.183603706668307,0.25663435800658513]},{"is_grounded":0,"node_ind":17,"point":[2.6045406608179476,0.43078799799282075,0.22811943165888096]},{"is_grounded":1,"node_ind":18,"point":[2.6354034552796946,1.1801390592636853,0.0]}]}