{"assembly_sequence":[{"Deformation":null,"compliance":0.0,"holdPartIDs":[],"installPartIDs":[4,5,7],"partDirections":null},{"Deformation":null,"compliance":0.0,"holdPartIDs":[],"installPartIDs":[10,12,14],"partDirections":null},{"Deformation":null,"compliance":0.0,"holdPartIDs":[],"installPartIDs":[1,11,13],"partDirections":null},{"Deformation":null,"compliance":0.0,"holdPartIDs":[],"installPartIDs":[39,40,42],"partDirections":null},{"Deformation":null,"compliance":0.0,"holdPartIDs":[],"installPartIDs":[6,34,35,41],"partDirections":null},{"Deformation":null,"compliance":0.0,"holdPartIDs":[],"installPartIDs":[2,8,36],"partDirections":null},{"Deformation":null,"compliance":0.0,"holdPartIDs":[],"installPartIDs":[3,9,33,37],"partDirections":null},{"Deformation":null,"compliance":0.0,"holdPartIDs":[],"installPartIDs":[0,19,23,29],"partDirections":null},{"Deformation":null,"compliance":0.0,"holdPartIDs":[],"installPartIDs":[16,18,20,22],"partDirections":null},{"Deformation":null,"compliance":0.0,"holdPartIDs":[],"installPartIDs":[15,17,30,31],"partDirections":null},{"Deformation":null,"compliance":0.0,"holdPartIDs":[],"installPartIDs":[21,27,32,38],"partDirections":null},{"Deformation":null,"compliance":0.0,"holdPartIDs":[],"installPartIDs":[24,25,26,28],"partDirections":null}],"benchmark_compliance":3.116075214283454e-05,"benchmark_time":2.800832195,"cross_secs":[{"A":7.853981633974483e-05}],"elements":[{"end_node_inds":[0,1]},{"end_node_inds":[0,2]},{"end_node_inds":[0,4]},{"end_node_inds":[1,6]},{"end_node_inds":[4,6]},{"end_node_inds":[5,6]},{"end_node_inds":[0,7]},{"end_node_inds":[6,7]},{"end_node_inds":[0,8]},{"end_node_inds":[1,8]},{"end_node_inds":[5,8]},{"end_node_inds":[6,8]},{"end_node_inds":[7,8]},{"end_node_inds":[0,9]},{"end_node_inds":[8,9]},{"end_node_inds":[0,10]},{"end_node_inds":[2,10]},{"end_node_inds":[0,11]},{"end_node_inds":[2,11]},{"end_node_inds":[9,11]},{"end_node_inds":[10,11]},{"end_node_inds":[0,12]},{"end_node_inds":[10,12]},{"end_node_inds":[11,12]},{"end_node_inds":[0,13]},{"end_node_inds":[1,13]},{"end_node_inds":[2,13]},{"end_node_inds":[10,13]},{"end_node_inds":[11,13]},{"end_node_inds":[12,13]},{"end_node_inds":[10,14]},{"end_node_inds":[11,14]},{"end_node_inds":[13,14]},{"end_node_inds":[1,16]},{"end_node_inds":[14,16]},{"end_node_inds":[15,16]},{"end_node_inds":[1,17]},{"end_node_inds":[12,17]},{"end_node_inds":[13,17]},{"end_node_inds":[14,17]},{"end_node_inds":[15,17]},{"end_node_inds":[16,17]},{"end_node_inds":[17,18]}],"materials":[{"E":129000000.0,"G12":46071428.57142857,"density":58.0}],"nodes":[{"is_grounded":0,"node_ind":0,"point":[0.5066529347329033,0.54158671706171,0.13008715207555258]},{"is_grounded":1,"node_ind":1,"point":[1.6406578503431795,1.3585520282415167,0.09474988985644314]},{"is_grounded":1,"node_ind":2,"point":[0.6066609296425497,0.34049598242196344,0.0]},{"is_grounded":1,"node_ind":3,"point":[1.3824553533587414,2.1631798729216687,0.015370215035762016]},{"is_grounded":1,"node_ind":4,"point":[0.0,1.3324346812848276,0.00859011935537761]},{"is_grounded":1,"node_ind":5,"point":[0.3232240760204775,1.7519880909510488,0.053712749382022154]},{"is_grounded":0,"node_ind":6,"point":[0.18793949531101345,1.450096255832918,0.11120075010335025]},{"is_grounded":1,"node_ind":7,"point":[0.3000480369682417,1.2054926231142118,0.0428915458719363]},{"is_grounded":0,"node_ind":8,"point":[0.3817696298645404,1.2280074605287001,0.24801487720433332]},{"is_grounded":1,"node_ind":9,"point":[0.44976584968060523,0.7558147680424047,0.04279361265035337]},{"is_grounded":0,"node_ind":10,"point":[1.5196860888868753,0.2463554013953699,0.14112873669896478]},{"is_grounded":0,"node_ind":11,"point":[1.3132300548181035,0.4198974844833054,0.24801480500073617]},{"is_grounded":1,"node_ind":12,"point":[2.138132646219363,0.0,0.0030917677139491685]},{"is_grounded":0,"node_ind":13,"point":[2.6378001559739275,0.23792629493612105,0.12759395365794396]},{"is_grounded":1,"node_ind":14,"point":[2.644089866239297,1.252516948456542,0.04825318098964232]},{"is_grounded":1,"node_ind":15,"point":[2.7255641045621344,1.2394831586100665,0.042891548420298554]},{"is_grounded":0,"node_ind":16,"point":[2.6478145317809085,1.4173195266841843,0.3848290457586757]},{"is_grounded":0,"node_ind":17,"point":[2.8845469917999362,1.1863701828379127,0.14540426123686176]},{"is_grounded":1,"node_ind":18,"point":[3.0,1.430635808453767,0.042793667355196394]}]}