{"assembly_sequence":[{"Deformation":null,"compliance":0.0,"holdPartIDs":[],"installPartIDs":[1,21,32],"partDirections":null},{"Deformation":null,"compliance":0.0,"holdPartIDs":[],"installPartIDs":[18,19,25,35],"partDirections":null},{"Deformation":null,"compliance":0.0,"holdPartIDs":[],"installPartIDs":[2,3,20,26],"partDirections":null},{"Deformation":null,"compliance":0.0,"holdPartIDs":[],"installPartIDs":[8,31,33,34],"partDirections":null},{"Deformation":null,"compliance":0.0,"holdPartIDs":[],"installPartIDs":[9,22,23],"partDirections":null},{"Deformation":null,"compliance":0.0,"holdPartIDs":[],"installPartIDs":[7,27,29,36],"partDirections":null},{"Deformation":null,"compliance":0.0,"holdPartIDs":[],"installPartIDs":[14,24,30,37],"partDirections":null},{"Deformation":null,"compliance":0.0,"holdPartIDs":[],"installPartIDs":[11,13,16,17],"partDirections":null},{"Deformation":null,"compliance":0.0,"holdPartIDs":[],"installPartIDs":[4,10,15,28],"partDirections":null},{"Deformation":null,"compliance":0.0,"holdPartIDs":[],"installPartIDs":[0,5,6,12],"partDirections":null}],"benchmark_compliance":5.2033854205490096e-05,"benchmark_time":1.143352647,"cross_secs":[{"A":7.853981633974483e-05}],"elements":[{"end_node_inds":[0,2]},{"end_node_inds":[1,2]},{"end_node_inds":[1,3]},{"end_node_inds":[2,3]},{"end_node_inds":[1,4]},{"end_node_inds":[4,5]},{"end_node_inds":[0,6]},{"end_node_inds":[1,6]},{"end_node_inds":[2,6]},{"end_node_inds":[3,6]},{"end_node_inds":[4,6]},{"end_node_inds":[5,6]},{"end_node_inds":[0,7]},{"end_node_inds":[1,7]},{"end_node_inds":[2,7]},{"end_node_inds":[4,7]},{"end_node_inds":[5,7]},{"end_node_inds":[6,7]},{"end_node_inds":[1,8]},{"end_node_inds":[2,8]},{"end_node_inds":[3,8]},{"end_node_inds":[2,9]},{"end_node_inds":[3,9]},{"end_node_inds":[6,9]},{"end_node_inds":[7,9]},{"end_node_inds":[8,9]},{"end_node_inds":[2,10]},{"end_node_inds":[3,10]},{"end_node_inds":[4,10]},{"end_node_inds":[6,10]},{"end_node_inds":[7,10]},{"end_node_inds":[8,10]},{"end_node_inds":[2,11]},{"end_node_inds":[3,11]},{"end_node_inds":[6,11]},{"end_node_inds":[8,11]},{"end_node_inds":[6,12]},{"end_node_inds":[7,12]}],"materials":[{"E":129000000.0,"G12":46071428.57142857,"density":58.0}],"nodes":[{"is_grounded":0,"node_ind":0,"point":[0.7086067314702307,0.6402247486796623,3.0]},{"is_grounded":1,"node_ind":1,"point":[0.05923114016213217,1.0041314483358512,0.0646550912563255]},{"is_grounded":0,"node_ind":2,"point":[0.4093101655606537,0.5002000267026123,0.5802587675635764]},{"is_grounded":0,"node_ind":3,"point":[0.0,0.28028257688288793,0.1282697750686193]},{"is_grounded":0,"node_ind":4,"point":[0.3262124919167803,1.3495012405368219,1.2019777376753855]},{"is_grounded":0,"node_ind":5,"point":[0.9968808515990069,0.6075743406460716,2.8462354325061074]},{"is_grounded":0,"node_ind":6,"point":[0.7121561295064959,0.11619423622229645,1.1213562706809515]},{"is_grounded":0,"node_ind":7,"point":[1.41820847369187,1.3070409228646287,1.041641024413411]},{"is_grounded":0,"node_ind":8,"point":[0.47484691107965016,0.35994131816422653,0.1669796297393649]},{"is_grounded":1,"node_ind":9,"point":[0.7634848573730972,0.9900432238245156,0.025595416886594582]},{"is_grounded":1,"node_ind":10,"point":[0.7958037284861829,1.1436242994437917,0.0844039355848314]},{"is_grounded":1,"node_ind":11,"point":[1.0118166723008866,0.0,0.0929357412154669]},{"is_grounded":1,"node_ind":12,"point":[1.2611611947675923,1.0652372993744221,0.0]}]}