{"assembly_sequence":[{"Deformation":null,"compliance":0.0,"holdPartIDs":[],"installPartIDs":[0,3,13,35],"partDirections":null},{"Deformation":null,"compliance":0.0,"holdPartIDs":[],"installPartIDs":[21,24,25,32],"partDirections":null},{"Deformation":null,"compliance":0.0,"holdPartIDs":[],"installPartIDs":[7,10,11,30],"partDirections":null},{"Deformation":null,"compliance":0.0,"holdPartIDs":[],"installPartIDs":[8,17,18,19],"partDirections":null},{"Deformation":null,"compliance":0.0,"holdPartIDs":[],"installPartIDs":[14,16,22,33],"partDirections":null},{"Deformation":null,"compliance":0.0,"holdPartIDs":[],"installPartIDs":[5,6,9,23],"partDirections":null},{"Deformation":null,"compliance":0.0,"holdPartIDs":[],"installPartIDs":[4,12,15,20],"partDirections":null},{"Deformation":null,"compliance":0.0,"holdPartIDs":[],"installPartIDs":[26,27,28,29],"partDirections":null},{"Deformation":null,"compliance":0.0,"holdPartIDs":[],"installPartIDs":[1,2,31,34],"partDirections":null}],"benchmark_compliance":0.0002652183777230635,"benchmark_time":0.972236688,"cross_secs":[{"A":7.853981633974483e-05}],"elements":[{"end_node_inds":[0,1]},{"end_node_inds":[0,3]},{"end_node_inds":[1,3]},{"end_node_inds":[2,3]},{"end_node_inds":[1,4]},{"end_node_inds":[1,5]},{"end_node_inds":[3,5]},{"end_node_inds":[4,5]},{"end_node_inds":[2,6]},{"end_node_inds":[3,6]},{"end_node_inds":[4,6]},{"end_node_inds":[5,6]},{"end_node_inds":[7,8]},{"end_node_inds":[9,10]},{"end_node_inds":[6,11]},{"end_node_inds":[10,11]},{"end_node_inds":[4,12]},{"end_node_inds":[5,12]},{"end_node_inds":[6,12]},{"end_node_inds":[7,12]},{"end_node_inds":[8,12]},{"end_node_inds":[11,12]},{"end_node_inds":[6,13]},{"end_node_inds":[10,13]},{"end_node_inds":[11,13]},{"end_node_inds":[12,13]},{"end_node_inds":[7,14]},{"end_node_inds":[8,14]},{"end_node_inds":[12,14]},{"end_node_inds":[13,14]},{"end_node_inds":[10,15]},{"end_node_inds":[14,15]},{"end_node_inds":[10,16]},{"end_node_inds":[13,16]},{"end_node_inds":[14,16]},{"end_node_inds":[15,16]}],"materials":[{"E":129000000.0,"G12":46071428.57142857,"density":58.0}],"nodes":[{"is_grounded":1,"node_ind":0,"point":[0.0,0.02753496609903345,0.0]},{"is_grounded":0,"node_ind":1,"point":[0.0,0.02753496609903345,2.2027972879226763]},{"is_grounded":1,"node_ind":2,"point":[0.0,2.972465033900973,0.0]},{"is_grounded":0,"node_ind":3,"point":[0.0,2.972465033900973,2.2027972879226763]},{"is_grounded":1,"node_ind":4,"point":[0.3096638466803442,1.5000000000000009,0.0]},{"is_grounded":0,"node_ind":5,"point":[0.3096638466803442,1.2807764645221065,2.2027972879226763]},{"is_grounded":0,"node_ind":6,"point":[0.3096638466803442,1.719223535477895,2.2027972879226763]},{"is_grounded":1,"node_ind":7,"point":[1.2062705697572176,0.02753496609903345,0.0]},{"is_grounded":0,"node_ind":8,"point":[0.9547680606450804,0.0,2.2027972879226763]},{"is_grounded":1,"node_ind":9,"point":[0.9547680606450804,3.0,0.0]},{"is_grounded":0,"node_ind":10,"point":[0.9547680606450804,3.0,2.2027972879226763]},{"is_grounded":1,"node_ind":11,"point":[1.0806428974532807,1.5000000000000009,0.0]},{"is_grounded":0,"node_ind":12,"point":[1.0806428974532807,1.2807764645221065,2.2027972879226763]},{"is_grounded":0,"node_ind":13,"point":[1.0806428974532807,1.719223535477895,2.2027972879226763]},{"is_grounded":0,"node_ind":14,"point":[1.4577730788693675,0.0550699321980669,2.2027972879226763]},{"is_grounded":1,"node_ind":15,"point":[1.4577730788693675,2.9449300678019332,0.0]},{"is_grounded":0,"node_ind":16,"point":[1.4577730788693675,2.9449300678019332,2.2027972879226763]}]}