{"assembly_sequence":[{"Deformation":null,"compliance":0.0,"holdPartIDs":[],"installPartIDs":[56,58],"partDirections":null},{"Deformation":null,"compliance":0.0,"holdPartIDs":[],"installPartIDs":[51,55,57],"partDirections":null},{"Deformation":null,"compliance":0.0,"holdPartIDs":[],"installPartIDs":[44,47,50],"partDirections":null},{"Deformation":null,"compliance":0.0,"holdPartIDs":[],"installPartIDs":[19,20,25],"partDirections":null},{"Deformation":null,"compliance":0.0,"holdPartIDs":[],"installPartIDs":[7,15,29],"partDirections":null},{"Deformation":null,"compliance":0.0,"holdPartIDs":[],"installPartIDs":[17,21,27,28],"partDirections":null},{"Deformation":null,"compliance":0.0,"holdPartIDs":[],"installPartIDs":[36,38,52,53],"partDirections":null},{"Deformation":null,"compliance":0.0,"holdPartIDs":[],"installPartIDs":[33,35,39],"partDirections":null},{"Deformation":null,"compliance":0.0,"holdPartIDs":[],"installPartIDs":[42,46,49,54],"partDirections":null},{"Deformation":null,"compliance":0.0,"holdPartIDs":[],"installPartIDs":[32,41,43,45],"partDirections":null},{"Deformation":null,"compliance":0.0,"holdPartIDs":[],"installPartIDs":[24,31,40,48],"partDirections":null},{"Deformation":null,"compliance":0.0,"holdPartIDs":[],"installPartIDs":[13,16,23,34],"partDirections":null},{"Deformation":null,"compliance":0.0,"holdPartIDs":[],"installPartIDs":[11,18,22,26],"partDirections":null},{"Deformation":null,"compliance":0.0,"holdPartIDs":[],"installPartIDs":[14,30],"partDirections":null},{"Deformation":null,"compliance":0.0,"holdPartIDs":[],"installPartIDs":[1,3,6,10],"partDirections":null},{"Deformation":null,"compliance":0.0,"holdPartIDs":[],"installPartIDs":[0,4,8,12],"partDirections":null},{"Deformation":null,"compliance":0.0,"holdPartIDs":[],"installPartIDs":[2,5,9,37],"partDirections":null}],"benchmark_compliance":1.7029603511231637e-05,"benchmark_time":3.138827756,"cross_secs":[{"A":7.853981633974483e-05}],"elements":[{"end_node_inds":[0,1]},{"end_node_inds":[0,2]},{"end_node_inds":[1,2]},{"end_node_inds":[0,3]},{"end_node_inds":[1,3]},{"end_node_inds":[1,4]},{"end_node_inds":[0,5]},{"end_node_inds":[2,5]},{"end_node_inds":[3,5]},{"end_node_inds":[1,6]},{"end_node_inds":[3,6]},{"end_node_inds":[4,6]},{"end_node_inds":[3,7]},{"end_node_inds":[5,7]},{"end_node_inds":[6,7]},{"end_node_inds":[5,8]},{"end_node_inds":[7,8]},{"end_node_inds":[4,10]},{"end_node_inds":[6,10]},{"end_node_inds":[4,11]},{"end_node_inds":[9,11]},{"end_node_inds":[10,11]},{"end_node_inds":[6,12]},{"end_node_inds":[7,12]},{"end_node_inds":[10,12]},{"end_node_inds":[11,13]},{"end_node_inds":[7,14]},{"end_node_inds":[10,15]},{"end_node_inds":[11,15]},{"end_node_inds":[13,15]},{"end_node_inds":[7,16]},{"end_node_inds":[12,16]},{"end_node_inds":[14,16]},{"end_node_inds":[10,17]},{"end_node_inds":[12,17]},{"end_node_inds":[15,17]},{"end_node_inds":[13,18]},{"end_node_inds":[14,18]},{"end_node_inds":[15,18]},{"end_node_inds":[17,18]},{"end_node_inds":[12,19]},{"end_node_inds":[16,19]},{"end_node_inds":[17,19]},{"end_node_inds":[18,19]},{"end_node_inds":[14,20]},{"end_node_inds":[16,20]},{"end_node_inds":[18,21]},{"end_node_inds":[20,21]},{"end_node_inds":[16,22]},{"end_node_inds":[19,22]},{"end_node_inds":[20,22]},{"end_node_inds":[21,22]},{"end_node_inds":[18,23]},{"end_node_inds":[18,24]},{"end_node_inds":[19,24]},{"end_node_inds":[22,24]},{"end_node_inds":[23,24]},{"end_node_inds":[22,25]},{"end_node_inds":[24,25]}],"materials":[{"E":129000000.0,"G12":46071428.57142857,"density":58.0}],"nodes":[{"is_grounded":0,"node_ind":0,"point":[0.0,0.9013114180254301,0.222613143891468]},{"is_grounded":0,"node_ind":1,"point":[0.11831024939185554,1.4774444247544947,0.24578547789838273]},{"is_grounded":1,"node_ind":2,"point":[0.2857614915723169,0.36713561299508063,0.07439647170640236]},{"is_grounded":0,"node_ind":3,"point":[0.36619440378056467,1.1057219482778322,0.7146672434945502]},{"is_grounded":1,"node_ind":4,"point":[0.5378691982533694,1.938972791619926,0.10097473483654552]},{"is_grounded":0,"node_ind":5,"point":[0.5530290614170393,0.40337326380106475,0.5355017724961534]},{"is_grounded":0,"node_ind":6,"point":[0.9238460050975659,1.5002940999632286,0.8429842785103737]},{"is_grounded":0,"node_ind":7,"point":[1.096113630573902,0.3875277419675616,0.733772550777625]},{"is_grounded":1,"node_ind":8,"point":[1.0691091042409753,0.0,0.10231851103398822]},{"is_grounded":1,"node_ind":9,"point":[1.0548537737253814,2.468017637381464,0.0]},{"is_grounded":0,"node_ind":10,"point":[1.3517584433916383,1.851527803193211,0.6652301033088933]},{"is_grounded":0,"node_ind":11,"point":[1.3378016837627982,2.341366518456846,0.40417315803864395]},{"is_grounded":0,"node_ind":12,"point":[1.5591963629127987,1.0928484269708396,1.105292449543137]},{"is_grounded":1,"node_ind":13,"point":[1.8149640417146191,2.49678216253997,0.0885158628698483]},{"is_grounded":1,"node_ind":14,"point":[1.7302397269045675,0.014969999221343558,0.18690880584003894]},{"is_grounded":0,"node_ind":15,"point":[1.8070222172258938,2.1180389240248245,0.4450638353289507]},{"is_grounded":0,"node_ind":16,"point":[1.9415156812667769,0.7055226709823033,1.0388779323679413]},{"is_grounded":0,"node_ind":17,"point":[2.0211577862763996,1.7156090197161598,0.7812263922940974]},{"is_grounded":0,"node_ind":18,"point":[2.4836685573661534,1.7976339406010189,0.3803578307687708]},{"is_grounded":0,"node_ind":19,"point":[2.357289335080292,1.154556616068079,1.0122496500705223]},{"is_grounded":0,"node_ind":20,"point":[2.2321412676020382,0.3147079347691209,0.6161905492549383]},{"is_grounded":1,"node_ind":21,"point":[2.5457358606275946,0.20579692029764668,0.013804825281718613]},{"is_grounded":0,"node_ind":22,"point":[2.7400903638507237,0.6509725525970417,0.5556683016096455]},{"is_grounded":1,"node_ind":23,"point":[2.872555112308272,1.675267438832018,0.043459013057738215]},{"is_grounded":0,"node_ind":24,"point":[2.8907260902279646,1.2115689885248146,0.559661807016258]},{"is_grounded":1,"node_ind":25,"point":[2.9999999999999996,0.8288712359143808,0.06391272921964022]}]}