{"assembly_sequence":[{"Deformation":null,"compliance":0.0,"holdPartIDs":[],"installPartIDs":[0,7,8,16],"partDirections":null},{"Deformation":null,"compliance":0.0,"holdPartIDs":[],"installPartIDs":[11,17,22,23],"partDirections":null},{"Deformation":null,"compliance":0.0,"holdPartIDs":[],"installPartIDs":[26,28,34,35],"partDirections":null},{"Deformation":null,"compliance":0.0,"holdPartIDs":[],"installPartIDs":[2,3,9,25],"partDirections":null},{"Deformation":null,"compliance":0.0,"holdPartIDs":[],"installPartIDs":[1,5,14,24],"partDirections":null},{"Deformation":null,"compliance":0.0,"holdPartIDs":[],"installPartIDs":[13,18,30,33],"partDirections":null},{"Deformation":null,"compliance":0.0,"holdPartIDs":[],"installPartIDs":[21,27,31,32],"partDirections":null},{"Deformation":null,"compliance":0.0,"holdPartIDs":[],"installPartIDs":[4,10,12,15],"partDirections":null},{"Deformation":null,"compliance":0.0,"holdPartIDs":[],"installPartIDs":[6,19,20,29],"partDirections":null}],"benchmark_compliance":4.8684766680322225e-06,"benchmark_time":0.432250115,"cross_secs":[{"A":7.853981633974483e-05}],"elements":[{"end_node_inds":[0,1]},{"end_node_inds":[1,2]},{"end_node_inds":[1,3]},{"end_node_inds":[2,3]},{"end_node_inds":[3,4]},{"end_node_inds":[3,5]},{"end_node_inds":[4,5]},{"end_node_inds":[0,6]},{"end_node_inds":[1,6]},{"end_node_inds":[3,6]},{"end_node_inds":[4,6]},{"end_node_inds":[5,6]},{"end_node_inds":[4,7]},{"end_node_inds":[6,7]},{"end_node_inds":[3,8]},{"end_node_inds":[4,8]},{"end_node_inds":[6,9]},{"end_node_inds":[6,10]},{"end_node_inds":[7,10]},{"end_node_inds":[3,11]},{"end_node_inds":[4,11]},{"end_node_inds":[8,11]},{"end_node_inds":[6,12]},{"end_node_inds":[10,12]},{"end_node_inds":[3,13]},{"end_node_inds":[3,14]},{"end_node_inds":[10,14]},{"end_node_inds":[11,14]},{"end_node_inds":[13,14]},{"end_node_inds":[4,15]},{"end_node_inds":[7,15]},{"end_node_inds":[10,15]},{"end_node_inds":[11,15]},{"end_node_inds":[14,15]},{"end_node_inds":[10,16]},{"end_node_inds":[14,16]}],"materials":[{"E":129000000.0,"G12":46071428.57142857,"density":58.0}],"nodes":[{"is_grounded":1,"node_ind":0,"point":[0.017132096774193507,0.21796854838709673,0.0]},{"is_grounded":0,"node_ind":1,"point":[0.0,0.24360838709677418,3.0]},{"is_grounded":1,"node_ind":2,"point":[0.14495225806451612,0.542274193548387,0.0]},{"is_grounded":0,"node_ind":3,"point":[0.22851302419354835,0.5597716129032257,3.0]},{"is_grounded":0,"node_ind":4,"point":[0.06338016129032255,0.3337494354838709,1.2258064516129032]},{"is_grounded":0,"node_ind":5,"point":[0.046054193548387086,0.2632270967741935,3.0]},{"is_grounded":0,"node_ind":6,"point":[0.18519588709677418,0.06268564516129028,3.0]},{"is_grounded":0,"node_ind":7,"point":[0.3337494354838709,0.06338016129032255,1.2258064516129032]},{"is_grounded":0,"node_ind":8,"point":[0.24479241935483867,0.5527470967741935,1.2258064516129032]},{"is_grounded":1,"node_ind":9,"point":[0.24360838709677418,0.0,0.0]},{"is_grounded":0,"node_ind":10,"point":[0.4556529032258064,0.07462685483870965,3.0]},{"is_grounded":0,"node_ind":11,"point":[0.4797937096774193,0.4797937096774193,1.2258064516129032]},{"is_grounded":1,"node_ind":12,"point":[0.4763541935483871,0.04629612903225803,0.0]},{"is_grounded":1,"node_ind":13,"point":[0.5362582258064515,0.4934862903225806,0.0]},{"is_grounded":0,"node_ind":14,"point":[0.5630246774193547,0.35087786290322576,3.0]},{"is_grounded":0,"node_ind":15,"point":[0.5527470967741935,0.24479241935483867,1.2258064516129032]},{"is_grounded":1,"node_ind":16,"point":[0.608194193548387,0.24360838709677418,0.0]}]}