{"assembly_sequence":[{"Deformation":null,"compliance":0.0,"holdPartIDs":[],"installPartIDs":[12,15,16,21],"partDirections":null},{"Deformation":null,"compliance":0.0,"holdPartIDs":[],"installPartIDs":[24,25],"partDirections":null},{"Deformation":null,"compliance":0.0,"holdPartIDs":[],"installPartIDs":[22,23,28,29],"partDirections":null},{"Deformation":null,"compliance":0.0,"holdPartIDs":[],"installPartIDs":[27,30,31,32],"partDirections":null},{"Deformation":null,"compliance":0.0,"holdPartIDs":[],"installPartIDs":[14,17,20,33],"partDirections":null},{"Deformation":null,"compliance":0.0,"holdPartIDs":[],"installPartIDs":[5,9,13,18],"partDirections":null},{"Deformation":null,"compliance":0.0,"holdPartIDs":[],"installPartIDs":[3,4,8,11],"partDirections":null},{"Deformation":null,"compliance":0.0,"holdPartIDs":[],"installPartIDs":[26,34,35,36],"partDirections":null},{"Deformation":null,"compliance":0.0,"holdPartIDs":[],"installPartIDs":[1,37,38,39],"partDirections":null},{"Deformation":null,"compliance":0.0,"holdPartIDs":[],"installPartIDs":[0,2,6,10],"partDirections":null},{"Deformation":null,"compliance":0.0,"holdPartIDs":[],"installPartIDs":[7,19],"partDirections":null}],"benchmark_compliance":6.797234872431404e-05,"benchmark_time":1.025336888,"cross_secs":[{"A":7.853981633974483e-05}],"elements":[{"end_node_inds":[0,1]},{"end_node_inds":[0,2]},{"end_node_inds":[1,2]},{"end_node_inds":[2,3]},{"end_node_inds":[2,4]},{"end_node_inds":[3,4]},{"end_node_inds":[0,5]},{"end_node_inds":[1,5]},{"end_node_inds":[2,5]},{"end_node_inds":[3,5]},{"end_node_inds":[1,6]},{"end_node_inds":[2,6]},{"end_node_inds":[4,6]},{"end_node_inds":[3,7]},{"end_node_inds":[5,7]},{"end_node_inds":[4,8]},{"end_node_inds":[6,8]},{"end_node_inds":[7,9]},{"end_node_inds":[3,10]},{"end_node_inds":[4,10]},{"end_node_inds":[7,10]},{"end_node_inds":[9,10]},{"end_node_inds":[4,12]},{"end_node_inds":[6,12]},{"end_node_inds":[8,12]},{"end_node_inds":[11,12]},{"end_node_inds":[4,13]},{"end_node_inds":[10,13]},{"end_node_inds":[11,13]},{"end_node_inds":[12,13]},{"end_node_inds":[9,14]},{"end_node_inds":[10,14]},{"end_node_inds":[11,14]},{"end_node_inds":[13,14]},{"end_node_inds":[9,15]},{"end_node_inds":[11,15]},{"end_node_inds":[14,15]},{"end_node_inds":[11,16]},{"end_node_inds":[14,16]},{"end_node_inds":[15,16]}],"materials":[{"E":129000000.0,"G12":46071428.57142857,"density":58.0}],"nodes":[{"is_grounded":0,"node_ind":0,"point":[0.0,0.45782941977856867,0.24456514286665768]},{"is_grounded":0,"node_ind":1,"point":[0.0,1.175220644278559,0.24456526530000577]},{"is_grounded":0,"node_ind":2,"point":[0.6949894111478339,0.7958939989722945,0.4891303239937366]},{"is_grounded":0,"node_ind":3,"point":[0.7631346495843306,0.5187915702027921,1.7934778775999538]},{"is_grounded":0,"node_ind":4,"point":[0.8449571009872698,1.3200471588770217,1.793478000033302]},{"is_grounded":1,"node_ind":5,"point":[1.0945309309080864,0.1358179683222485,0.0]},{"is_grounded":1,"node_ind":6,"point":[1.0945309309080864,1.4972321722557218,1.2243334810151585e-07]},{"is_grounded":0,"node_ind":7,"point":[1.3239309283288239,0.0,1.7934778775999538]},{"is_grounded":0,"node_ind":8,"point":[1.3239309283288239,1.6330497885820945,1.793478000033302]},{"is_grounded":1,"node_ind":9,"point":[2.025514171088687,0.20175705730305127,0.0]},{"is_grounded":0,"node_ind":10,"point":[2.02739903248271,0.20603777097356712,1.7934778775999538]},{"is_grounded":1,"node_ind":11,"point":[2.025514171088687,1.4312931368395088,1.2243334810151585e-07]},{"is_grounded":0,"node_ind":12,"point":[1.8573836777084134,1.57150205475807,1.793478000033302]},{"is_grounded":0,"node_ind":13,"point":[2.2658436098444246,1.0701546885156867,1.7934779541207964]},{"is_grounded":0,"node_ind":14,"point":[2.3050111398022324,0.7958939989722945,0.4891303239937366]},{"is_grounded":0,"node_ind":15,"point":[3.0,0.45782941977856867,0.24456514286665768]},{"is_grounded":0,"node_ind":16,"point":[3.0,1.175220644278559,0.24456526530000577]}]}