{"assembly_sequence":[{"Deformation":null,"compliance":0.0,"holdPartIDs":[],"installPartIDs":[34,40,50],"partDirections":null},{"Deformation":null,"compliance":0.0,"holdPartIDs":[],"installPartIDs":[26,29,35,49],"partDirections":null},{"Deformation":null,"compliance":0.0,"holdPartIDs":[],"installPartIDs":[23,32,43,44],"partDirections":null},{"Deformation":null,"compliance":0.0,"holdPartIDs":[],"installPartIDs":[31,46],"partDirections":null},{"Deformation":null,"compliance":0.0,"holdPartIDs":[],"installPartIDs":[36,39,45,51],"partDirections":null},{"Deformation":null,"compliance":0.0,"holdPartIDs":[],"installPartIDs":[12,19,22,24],"partDirections":null},{"Deformation":null,"compliance":0.0,"holdPartIDs":[],"installPartIDs":[25,28,30,33],"partDirections":null},{"Deformation":null,"compliance":0.0,"holdPartIDs":[],"installPartIDs":[16,18,27,38],"partDirections":null},{"Deformation":null,"compliance":0.0,"holdPartIDs":[],"installPartIDs":[8,14,20,37],"partDirections":null},{"Deformation":null,"compliance":0.0,"holdPartIDs":[],"installPartIDs":[5,9,21,47],"partDirections":null},{"Deformation":null,"compliance":0.0,"holdPartIDs":[],"installPartIDs":[1,3,15],"partDirections":null},{"Deformation":null,"compliance":0.0,"holdPartIDs":[],"installPartIDs":[0,6,10,41],"partDirections":null},{"Deformation":null,"compliance":0.0,"holdPartIDs":[],"installPartIDs":[4,7,11,17],"partDirections":null},{"Deformation":null,"compliance":0.0,"holdPartIDs":[],"installPartIDs":[2,13,42,48],"partDirections":null}],"benchmark_compliance":0.00010549696664455964,"benchmark_time":5.539113939,"cross_secs":[{"A":7.853981633974483e-05}],"elements":[{"end_node_inds":[0,1]},{"end_node_inds":[0,2]},{"end_node_inds":[1,2]},{"end_node_inds":[0,3]},{"end_node_inds":[1,3]},{"end_node_inds":[2,3]},{"end_node_inds":[0,4]},{"end_node_inds":[1,4]},{"end_node_inds":[2,4]},{"end_node_inds":[3,4]},{"end_node_inds":[0,5]},{"end_node_inds":[1,5]},{"end_node_inds":[4,5]},{"end_node_inds":[0,6]},{"end_node_inds":[2,6]},{"end_node_inds":[3,6]},{"end_node_inds":[4,6]},{"end_node_inds":[1,7]},{"end_node_inds":[4,7]},{"end_node_inds":[5,7]},{"end_node_inds":[2,8]},{"end_node_inds":[3,8]},{"end_node_inds":[4,8]},{"end_node_inds":[6,8]},{"end_node_inds":[4,9]},{"end_node_inds":[4,10]},{"end_node_inds":[9,10]},{"end_node_inds":[4,11]},{"end_node_inds":[6,11]},{"end_node_inds":[10,11]},{"end_node_inds":[4,12]},{"end_node_inds":[10,12]},{"end_node_inds":[11,12]},{"end_node_inds":[4,13]},{"end_node_inds":[9,13]},{"end_node_inds":[10,13]},{"end_node_inds":[12,13]},{"end_node_inds":[4,14]},{"end_node_inds":[7,14]},{"end_node_inds":[12,14]},{"end_node_inds":[13,14]},{"end_node_inds":[4,15]},{"end_node_inds":[6,15]},{"end_node_inds":[11,15]},{"end_node_inds":[12,15]},{"end_node_inds":[13,15]},{"end_node_inds":[14,15]},{"end_node_inds":[4,16]},{"end_node_inds":[7,16]},{"end_node_inds":[13,16]},{"end_node_inds":[14,16]},{"end_node_inds":[15,16]}],"materials":[{"E":129000000.0,"G12":46071428.57142857,"density":58.0}],"nodes":[{"is_grounded":0,"node_ind":0,"point":[0.0,0.9613901014048073,0.1898630633751303]},{"is_grounded":0,"node_ind":1,"point":[0.05001689253866655,1.4733889037907955,0.1898630633751303]},{"is_grounded":0,"node_ind":2,"point":[0.6964291082437805,0.2504184634656528,0.1898630633751303]},{"is_grounded":0,"node_ind":3,"point":[0.2999932123954845,0.7466618117978165,0.2847945950626954]},{"is_grounded":0,"node_ind":4,"point":[1.4391457238038812,1.2927818111079807,0.26106171214080415]},{"is_grounded":1,"node_ind":5,"point":[0.8868937210913709,1.9575367566979733,0.09493153168756514]},{"is_grounded":0,"node_ind":6,"point":[1.2794602868176914,0.0,0.2847945950626954]},{"is_grounded":0,"node_ind":7,"point":[1.2794602868176914,2.1438387801002836,0.3797261267502606]},{"is_grounded":1,"node_ind":8,"point":[1.4561031850900115,0.16342779618453285,0.0]},{"is_grounded":1,"node_ind":9,"point":[2.507271966286227,1.2393380208062492,0.0]},{"is_grounded":0,"node_ind":10,"point":[2.3741796992716746,1.181259487219948,0.3797261267502606]},{"is_grounded":1,"node_ind":11,"point":[2.7329040441570855,0.800955899873393,0.0]},{"is_grounded":0,"node_ind":12,"point":[2.5318019576358544,0.8595556392125028,0.3797261267502606]},{"is_grounded":0,"node_ind":13,"point":[2.725611641221676,1.1943929007247178,0.3797261267502606]},{"is_grounded":1,"node_ind":14,"point":[2.936216294955223,1.24814258810991,0.0]},{"is_grounded":0,"node_ind":15,"point":[2.9340061306783163,0.7423561605342831,0.3797261267502606]},{"is_grounded":0,"node_ind":16,"point":[3.0,1.2498592429083772,0.3797261267502606]}]}