{"assembly_sequence":[{"Deformation":null,"compliance":0.0,"holdPartIDs":[],"installPartIDs":[28,31,36],"partDirections":null},{"Deformation":null,"compliance":0.0,"holdPartIDs":[],"installPartIDs":[14,33,34,37],"partDirections":null},{"Deformation":null,"compliance":0.0,"holdPartIDs":[],"installPartIDs":[26,40,41,42],"partDirections":null},{"Deformation":null,"compliance":0.0,"holdPartIDs":[],"installPartIDs":[23,29,35,38],"partDirections":null},{"Deformation":null,"compliance":0.0,"holdPartIDs":[],"installPartIDs":[22,25,32,39],"partDirections":null},{"Deformation":null,"compliance":0.0,"holdPartIDs":[],"installPartIDs":[11,16,19,27],"partDirections":null},{"Deformation":null,"compliance":0.0,"holdPartIDs":[],"installPartIDs":[5,13,18,20],"partDirections":null},{"Deformation":null,"compliance":0.0,"holdPartIDs":[],"installPartIDs":[8,17,21,30],"partDirections":null},{"Deformation":null,"compliance":0.0,"holdPartIDs":[],"installPartIDs":[3,6,9,12],"partDirections":null},{"Deformation":null,"compliance":0.0,"holdPartIDs":[],"installPartIDs":[0,1,4,7],"partDirections":null},{"Deformation":null,"compliance":0.0,"holdPartIDs":[],"installPartIDs":[2,10,15,24],"partDirections":null}],"benchmark_compliance":0.00040723445607793906,"benchmark_time":1.529041405,"cross_secs":[{"A":7.853981633974483e-05}],"elements":[{"end_node_inds":[0,1]},{"end_node_inds":[0,2]},{"end_node_inds":[1,2]},{"end_node_inds":[0,3]},{"end_node_inds":[1,3]},{"end_node_inds":[2,3]},{"end_node_inds":[0,4]},{"end_node_inds":[1,4]},{"end_node_inds":[3,4]},{"end_node_inds":[0,5]},{"end_node_inds":[1,5]},{"end_node_inds":[4,5]},{"end_node_inds":[0,6]},{"end_node_inds":[4,6]},{"end_node_inds":[5,6]},{"end_node_inds":[1,7]},{"end_node_inds":[2,7]},{"end_node_inds":[3,7]},{"end_node_inds":[2,8]},{"end_node_inds":[7,8]},{"end_node_inds":[2,9]},{"end_node_inds":[3,9]},{"end_node_inds":[7,9]},{"end_node_inds":[8,9]},{"end_node_inds":[4,10]},{"end_node_inds":[5,10]},{"end_node_inds":[6,10]},{"end_node_inds":[7,11]},{"end_node_inds":[8,11]},{"end_node_inds":[9,11]},{"end_node_inds":[5,12]},{"end_node_inds":[10,12]},{"end_node_inds":[5,13]},{"end_node_inds":[8,13]},{"end_node_inds":[10,13]},{"end_node_inds":[11,13]},{"end_node_inds":[12,13]},{"end_node_inds":[8,14]},{"end_node_inds":[9,14]},{"end_node_inds":[10,14]},{"end_node_inds":[11,14]},{"end_node_inds":[12,14]},{"end_node_inds":[13,14]}],"materials":[{"E":129000000.0,"G12":46071428.57142857,"density":58.0}],"nodes":[{"is_grounded":0,"node_ind":0,"point":[0.09046031264965672,1.7192022792622266,0.2589948928363295]},{"is_grounded":0,"node_ind":1,"point":[0.008158609890329798,1.486043651034678,1.2653750499531775]},{"is_grounded":0,"node_ind":2,"point":[0.5183944603106049,0.5292507557193934,0.13319737514158]},{"is_grounded":0,"node_ind":3,"point":[0.0,0.8469510924663044,0.6067880400272075]},{"is_grounded":0,"node_ind":4,"point":[0.0,2.4681874975670772,0.6067880400272075]},{"is_grounded":0,"node_ind":5,"point":[0.6687261376751433,2.736874844754141,1.1136780436971705]},{"is_grounded":1,"node_ind":6,"point":[0.8910726908362524,3.0000000000000004,0.06659868757079]},{"is_grounded":0,"node_ind":7,"point":[0.947095511308863,0.2820892442216312,1.102578251692355]},{"is_grounded":1,"node_ind":8,"point":[2.2665495221991265,0.6322654649880849,0.02589948897801263]},{"is_grounded":0,"node_ind":9,"point":[1.4458621417216748,0.0,0.6067880400272075]},{"is_grounded":0,"node_ind":10,"point":[2.4727509356538175,2.8122608320989855,0.5475892026794952]},{"is_grounded":0,"node_ind":11,"point":[2.265589771748227,0.46743876798812645,1.0988783254694696]},{"is_grounded":1,"node_ind":12,"point":[2.5753949811024404,2.296173955201204,0.0]},{"is_grounded":0,"node_ind":13,"point":[2.4950744459229637,2.3024246369197314,1.1062781912513997]},{"is_grounded":0,"node_ind":14,"point":[2.8916665289831713,0.8469510924663044,0.6067880400272075]}]}