{"assembly_sequence":[{"Deformation":null,"compliance":0.0,"holdPartIDs":[],"installPartIDs":[1,69],"partDirections":null},{"Deformation":null,"compliance":0.0,"holdPartIDs":[],"installPartIDs":[0,5,66,68],"partDirections":null},{"Deformation":null,"compliance":0.0,"holdPartIDs":[],"installPartIDs":[2,10,58,65],"partDirections":null},{"Deformation":null,"compliance":0.0,"holdPartIDs":[],"installPartIDs":[3,6,7,67],"partDirections":null},{"Deformation":null,"compliance":0.0,"holdPartIDs":[],"installPartIDs":[8,12,13,64],"partDirections":null},{"Deformation":null,"compliance":0.0,"holdPartIDs":[],"installPartIDs":[35,44,49,52],"partDirections":null},{"Deformation":null,"compliance":0.0,"holdPartIDs":[],"installPartIDs":[4,9,11,63],"partDirections":null},{"Deformation":null,"compliance":0.0,"holdPartIDs":[],"installPartIDs":[17,18,48,57],"partDirections":null},{"Deformation":null,"compliance":0.0,"holdPartIDs":[],"installPartIDs":[14,15,56,62],"partDirections":null},{"Deformation":null,"compliance":0.0,"holdPartIDs":[],"installPartIDs":[24,41,60,61],"partDirections":null},{"Deformation":null,"compliance":0.0,"holdPartIDs":[],"installPartIDs":[16,19,45,59],"partDirections":null},{"Deformation":null,"compliance":0.0,"holdPartIDs":[],"installPartIDs":[21,23,39,55],"partDirections":null},{"Deformation":null,"compliance":0.0,"holdPartIDs":[],"installPartIDs":[28,32,53,54],"partDirections":null},{"Deformation":null,"compliance":0.0,"holdPartIDs":[],"installPartIDs":[20,36,40,51],"partDirections":null},{"Deformation":null,"compliance":0.0,"holdPartIDs":[],"installPartIDs":[25,26,30,37],"partDirections":null},{"Deformation":null,"compliance":0.0,"holdPartIDs":[],"installPartIDs":[27,29,31,33],"partDirections":null},{"Deformation":null,"compliance":0.0,"holdPartIDs":[],"installPartIDs":[22,34,38,42],"partDirections":null},{"Deformation":null,"compliance":0.0,"holdPartIDs":[],"installPartIDs":[43,46,47,50],"partDirections":null}],"benchmark_compliance":0.00017004739350421857,"benchmark_time":15.278010477,"cross_secs":[{"A":7.853981633974483e-05}],"elements":[{"end_node_inds":[0,3]},{"end_node_inds":[2,3]},{"end_node_inds":[0,4]},{"end_node_inds":[3,4]},{"end_node_inds":[4,5]},{"end_node_inds":[2,6]},{"end_node_inds":[3,6]},{"end_node_inds":[4,6]},{"end_node_inds":[4,7]},{"end_node_inds":[5,7]},{"end_node_inds":[6,7]},{"end_node_inds":[5,8]},{"end_node_inds":[6,8]},{"end_node_inds":[7,8]},{"end_node_inds":[4,9]},{"end_node_inds":[5,9]},{"end_node_inds":[8,9]},{"end_node_inds":[6,10]},{"end_node_inds":[8,10]},{"end_node_inds":[9,10]},{"end_node_inds":[4,11]},{"end_node_inds":[9,11]},{"end_node_inds":[10,11]},{"end_node_inds":[6,12]},{"end_node_inds":[10,12]},{"end_node_inds":[11,12]},{"end_node_inds":[11,13]},{"end_node_inds":[12,13]},{"end_node_inds":[12,14]},{"end_node_inds":[13,14]},{"end_node_inds":[13,15]},{"end_node_inds":[14,15]},{"end_node_inds":[14,16]},{"end_node_inds":[15,16]},{"end_node_inds":[0,17]},{"end_node_inds":[4,17]},{"end_node_inds":[11,17]},{"end_node_inds":[13,17]},{"end_node_inds":[15,17]},{"end_node_inds":[15,18]},{"end_node_inds":[16,18]},{"end_node_inds":[17,18]},{"end_node_inds":[4,19]},{"end_node_inds":[6,19]},{"end_node_inds":[17,19]},{"end_node_inds":[18,19]},{"end_node_inds":[6,20]},{"end_node_inds":[7,20]},{"end_node_inds":[17,20]},{"end_node_inds":[19,20]},{"end_node_inds":[4,21]},{"end_node_inds":[6,21]},{"end_node_inds":[7,21]},{"end_node_inds":[12,21]},{"end_node_inds":[14,21]},{"end_node_inds":[16,21]},{"end_node_inds":[17,21]},{"end_node_inds":[19,21]},{"end_node_inds":[20,21]},{"end_node_inds":[16,22]},{"end_node_inds":[18,22]},{"end_node_inds":[19,22]},{"end_node_inds":[21,22]},{"end_node_inds":[17,23]},{"end_node_inds":[21,23]},{"end_node_inds":[17,24]},{"end_node_inds":[23,24]},{"end_node_inds":[6,25]},{"end_node_inds":[21,25]},{"end_node_inds":[23,25]}],"materials":[{"E":129000000.0,"G12":46071428.57142857,"density":58.0}],"nodes":[{"is_grounded":1,"node_ind":0,"point":[0.07898294391977184,0.0,0.045960072934686055]},{"is_grounded":1,"node_ind":1,"point":[0.0,0.9448505627892843,0.0]},{"is_grounded":1,"node_ind":2,"point":[0.15796588783954368,0.7071428158165413,0.09192014586937211]},{"is_grounded":0,"node_ind":3,"point":[0.3456072257087098,0.411384141079746,0.13512261431839964]},{"is_grounded":0,"node_ind":4,"point":[0.6175665996540278,0.2107740193557436,0.20776301231065034]},{"is_grounded":0,"node_ind":5,"point":[0.7536452791154332,0.11885386472018328,0.781102368989317]},{"is_grounded":0,"node_ind":6,"point":[0.6175665996540278,0.6152226699471691,0.1801869685498387]},{"is_grounded":0,"node_ind":7,"point":[0.6175665996540278,0.523302524077797,0.29235302937549673]},{"is_grounded":0,"node_ind":8,"point":[0.7536452791154332,0.7071428158165413,0.781102368989317]},{"is_grounded":0,"node_ind":9,"point":[1.0728458085932022,0.11885386472018328,0.5545512007486325]},{"is_grounded":0,"node_ind":10,"point":[1.0728458085932022,0.7071428158165413,0.5545512007486325]},{"is_grounded":0,"node_ind":11,"point":[1.4081712679414653,0.11885386472018328,0.4127999997808453]},{"is_grounded":0,"node_ind":12,"point":[1.4081712679414653,0.7071428158165413,0.4127999997808453]},{"is_grounded":0,"node_ind":13,"point":[1.7689965870307167,0.11885386472018328,0.4611903406102436]},{"is_grounded":0,"node_ind":14,"point":[1.7689965870307167,0.7071428158165413,0.4611903406102436]},{"is_grounded":0,"node_ind":15,"point":[2.0551243746785732,0.11885386472018328,0.6862846910941371]},{"is_grounded":0,"node_ind":16,"point":[2.0551243746785732,0.7071428158165413,0.6862846910941371]},{"is_grounded":0,"node_ind":17,"point":[2.3824336808639957,0.11885386472018328,0.17832508276742717]},{"is_grounded":0,"node_ind":18,"point":[2.3824336808639957,0.11885386472018328,0.8014722378471411]},{"is_grounded":0,"node_ind":19,"point":[2.3824336808639957,0.30269417399130394,0.2372009418538735]},{"is_grounded":0,"node_ind":20,"point":[2.3824336808639957,0.523302524077797,0.1820488543322502]},{"is_grounded":0,"node_ind":21,"point":[2.3824336808639957,0.6152226699471691,0.23533905607146197]},{"is_grounded":0,"node_ind":22,"point":[2.3824336808639957,0.7071428158165413,0.8014722378471411]},{"is_grounded":0,"node_ind":23,"point":[2.645412844547723,0.41112443337094273,0.13512261431839964]},{"is_grounded":1,"node_ind":24,"point":[2.921017064846416,0.0,0.045960072934686055]},{"is_grounded":1,"node_ind":25,"point":[2.842034129692833,0.7071428158165413,0.09192014586937211]},{"is_grounded":1,"node_ind":26,"point":[3.0,0.9448505627892843,0.0]}]}