{"assembly_sequence":[{"Deformation":null,"compliance":0.0,"holdPartIDs":[],"installPartIDs":[22,33],"partDirections":null},{"Deformation":null,"compliance":0.0,"holdPartIDs":[],"installPartIDs":[17,25,26,27],"partDirections":null},{"Deformation":null,"compliance":0.0,"holdPartIDs":[],"installPartIDs":[14,23,34],"partDirections":null},{"Deformation":null,"compliance":0.0,"holdPartIDs":[],"installPartIDs":[9,15,21,32],"partDirections":null},{"Deformation":null,"compliance":0.0,"holdPartIDs":[],"installPartIDs":[8,10,16,30],"partDirections":null},{"Deformation":null,"compliance":0.0,"holdPartIDs":[],"installPartIDs":[7,12,20,29],"partDirections":null},{"Deformation":null,"compliance":0.0,"holdPartIDs":[],"installPartIDs":[4,28,38,39],"partDirections":null},{"Deformation":null,"compliance":0.0,"holdPartIDs":[],"installPartIDs":[40,41,42,43],"partDirections":null},{"Deformation":null,"compliance":0.0,"holdPartIDs":[],"installPartIDs":[13,24,36,44],"partDirections":null},{"Deformation":null,"compliance":0.0,"holdPartIDs":[],"installPartIDs":[19,31,35,37],"partDirections":null},{"Deformation":null,"compliance":0.0,"holdPartIDs":[],"installPartIDs":[3,6,11,18],"partDirections":null},{"Deformation":null,"compliance":0.0,"holdPartIDs":[],"installPartIDs":[0,1,2,5],"partDirections":null}],"benchmark_compliance":0.00016383162479889483,"benchmark_time":1.193313191,"cross_secs":[{"A":7.853981633974483e-05}],"elements":[{"end_node_inds":[0,1]},{"end_node_inds":[0,2]},{"end_node_inds":[0,3]},{"end_node_inds":[1,3]},{"end_node_inds":[2,4]},{"end_node_inds":[0,5]},{"end_node_inds":[1,5]},{"end_node_inds":[2,5]},{"end_node_inds":[4,5]},{"end_node_inds":[4,6]},{"end_node_inds":[5,6]},{"end_node_inds":[0,7]},{"end_node_inds":[2,7]},{"end_node_inds":[3,7]},{"end_node_inds":[6,7]},{"end_node_inds":[4,8]},{"end_node_inds":[5,8]},{"end_node_inds":[7,8]},{"end_node_inds":[1,9]},{"end_node_inds":[5,9]},{"end_node_inds":[2,10]},{"end_node_inds":[4,10]},{"end_node_inds":[6,10]},{"end_node_inds":[7,10]},{"end_node_inds":[3,11]},{"end_node_inds":[7,11]},{"end_node_inds":[8,11]},{"end_node_inds":[10,11]},{"end_node_inds":[4,12]},{"end_node_inds":[5,12]},{"end_node_inds":[8,12]},{"end_node_inds":[9,12]},{"end_node_inds":[4,13]},{"end_node_inds":[10,13]},{"end_node_inds":[11,13]},{"end_node_inds":[1,14]},{"end_node_inds":[3,14]},{"end_node_inds":[9,14]},{"end_node_inds":[11,14]},{"end_node_inds":[12,14]},{"end_node_inds":[4,15]},{"end_node_inds":[10,15]},{"end_node_inds":[11,15]},{"end_node_inds":[12,15]},{"end_node_inds":[14,15]}],"materials":[{"E":129000000.0,"G12":46071428.57142857,"density":58.0}],"nodes":[{"is_grounded":0,"node_ind":0,"point":[0.0,1.8141921086632296,1.5180215459734459]},{"is_grounded":0,"node_ind":1,"point":[0.7388317840046978,2.7969446529819475,1.4529634797174409]},{"is_grounded":0,"node_ind":2,"point":[0.09535793375701414,0.19363782651038403,1.3879054134614361]},{"is_grounded":0,"node_ind":3,"point":[0.9206112356863936,1.9238014320934176,3.0]},{"is_grounded":0,"node_ind":4,"point":[1.27170472111597,0.0,1.1493591705227517]},{"is_grounded":0,"node_ind":5,"point":[0.5858293221813737,0.7443373568411562,0.9650279827974049]},{"is_grounded":1,"node_ind":6,"point":[0.7991927211952004,0.4750578055723148,0.0]},{"is_grounded":0,"node_ind":7,"point":[0.8125399708559898,1.1049284738058975,1.6481376784854553]},{"is_grounded":1,"node_ind":8,"point":[1.0671402815793454,1.1751408341101517,0.0]},{"is_grounded":0,"node_ind":9,"point":[0.8232393909225731,1.8798806578086793,0.9108129275840675]},{"is_grounded":0,"node_ind":10,"point":[1.1765392071258416,0.5101995409327376,1.6481376784854553]},{"is_grounded":0,"node_ind":11,"point":[1.2640140314542163,1.2608777665970037,1.6481376784854553]},{"is_grounded":0,"node_ind":12,"point":[1.4809528002734547,1.1881467760038102,0.9108129275840675]},{"is_grounded":1,"node_ind":13,"point":[1.609895945691907,0.6220655302767435,0.0]},{"is_grounded":0,"node_ind":14,"point":[1.553062211320888,2.3057546995757994,1.5180215459734459]},{"is_grounded":0,"node_ind":15,"point":[2.186491249247202,0.4435845683718058,1.3879054134614361]}]}