{"assembly_sequence":[{"Deformation":null,"compliance":0.0,"holdPartIDs":[],"installPartIDs":[32],"partDirections":null},{"Deformation":null,"compliance":0.0,"holdPartIDs":[],"installPartIDs":[0,9,18,31],"partDirections":null},{"Deformation":null,"compliance":0.0,"holdPartIDs":[],"installPartIDs":[19,28,30,40],"partDirections":null},{"Deformation":null,"compliance":0.0,"holdPartIDs":[],"installPartIDs":[6,10,12,39],"partDirections":null},{"Deformation":null,"compliance":0.0,"holdPartIDs":[],"installPartIDs":[3,8,38],"partDirections":null},{"Deformation":null,"compliance":0.0,"holdPartIDs":[],"installPartIDs":[13,16,20,41],"partDirections":null},{"Deformation":null,"compliance":0.0,"holdPartIDs":[],"installPartIDs":[1,15,17],"partDirections":null},{"Deformation":null,"compliance":0.0,"holdPartIDs":[],"installPartIDs":[29,34,35,37],"partDirections":null},{"Deformation":null,"compliance":0.0,"holdPartIDs":[],"installPartIDs":[2,11,14,33],"partDirections":null},{"Deformation":null,"compliance":0.0,"holdPartIDs":[],"installPartIDs":[4,7,22,23],"partDirections":null},{"Deformation":null,"compliance":0.0,"holdPartIDs":[],"installPartIDs":[5,21,24],"partDirections":null},{"Deformation":null,"compliance":0.0,"holdPartIDs":[],"installPartIDs":[25,26,27,36],"partDirections":null}],"benchmark_compliance":0.00010192696646097261,"benchmark_time":0.922160638,"cross_secs":[{"A":7.853981633974483e-05}],"elements":[{"end_node_inds":[0,1]},{"end_node_inds":[1,3]},{"end_node_inds":[2,3]},{"end_node_inds":[1,4]},{"end_node_inds":[2,4]},{"end_node_inds":[3,4]},{"end_node_inds":[1,5]},{"end_node_inds":[3,5]},{"end_node_inds":[4,5]},{"end_node_inds":[1,6]},{"end_node_inds":[1,7]},{"end_node_inds":[2,7]},{"end_node_inds":[5,7]},{"end_node_inds":[1,8]},{"end_node_inds":[2,8]},{"end_node_inds":[3,8]},{"end_node_inds":[5,8]},{"end_node_inds":[7,8]},{"end_node_inds":[1,9]},{"end_node_inds":[5,9]},{"end_node_inds":[8,9]},{"end_node_inds":[2,10]},{"end_node_inds":[3,10]},{"end_node_inds":[5,10]},{"end_node_inds":[7,10]},{"end_node_inds":[2,11]},{"end_node_inds":[3,11]},{"end_node_inds":[10,11]},{"end_node_inds":[1,12]},{"end_node_inds":[3,12]},{"end_node_inds":[5,12]},{"end_node_inds":[6,12]},{"end_node_inds":[9,12]},{"end_node_inds":[2,13]},{"end_node_inds":[3,13]},{"end_node_inds":[4,13]},{"end_node_inds":[11,13]},{"end_node_inds":[3,14]},{"end_node_inds":[4,14]},{"end_node_inds":[5,14]},{"end_node_inds":[12,14]},{"end_node_inds":[13,14]}],"materials":[{"E":129000000.0,"G12":46071428.57142857,"density":58.0}],"nodes":[{"is_grounded":1,"node_ind":0,"point":[0.0,0.36629564220662925,0.0]},{"is_grounded":0,"node_ind":1,"point":[0.25906333726411923,0.5160164827348237,0.9017765608659887]},{"is_grounded":0,"node_ind":2,"point":[0.30933884606987433,1.2112155389302335,3.0]},{"is_grounded":0,"node_ind":3,"point":[0.997185423461564,1.3866507142213915,2.0445747830732244]},{"is_grounded":0,"node_ind":4,"point":[0.4120328191126931,0.13199356470674237,1.9932186302601613]},{"is_grounded":0,"node_ind":5,"point":[1.088552921613981,0.0,1.2330222290604873]},{"is_grounded":1,"node_ind":6,"point":[0.5672675501638732,0.993785836205919,0.23295979497410238]},{"is_grounded":0,"node_ind":7,"point":[0.5906859082864976,0.38991495723808667,2.2107803800356516]},{"is_grounded":0,"node_ind":8,"point":[0.5949636984623919,0.9456688502312329,1.7130643814593927]},{"is_grounded":1,"node_ind":9,"point":[1.273822108453927,0.625980029119981,0.5715539465163321]},{"is_grounded":0,"node_ind":10,"point":[1.212435942597128,0.9100228967482996,2.6812282762336217]},{"is_grounded":0,"node_ind":11,"point":[1.3895007131986272,1.9348578695539822,2.9151895600340123]},{"is_grounded":0,"node_ind":12,"point":[1.4286920045852436,0.6842204972430896,1.0495841466286877]},{"is_grounded":0,"node_ind":13,"point":[1.3752445278499676,0.7558342142733089,2.8185250503202504]},{"is_grounded":0,"node_ind":14,"point":[1.555576096223995,0.3872481767631267,1.9159746418470882]}]}