{"assembly_sequence":[{"Deformation":null,"compliance":0.0,"holdPartIDs":[],"installPartIDs":[0,1,2],"partDirections":null},{"Deformation":null,"compliance":0.0,"holdPartIDs":[],"installPartIDs":[5,6,7],"partDirections":null},{"Deformation":null,"compliance":0.0,"holdPartIDs":[],"installPartIDs":[21,22,39],"partDirections":null},{"Deformation":null,"compliance":0.0,"holdPartIDs":[],"installPartIDs":[33,40],"partDirections":null},{"Deformation":null,"compliance":0.0,"holdPartIDs":[],"installPartIDs":[11,12,14,29],"partDirections":null},{"Deformation":null,"compliance":0.0,"holdPartIDs":[],"installPartIDs":[17,19,20,24],"partDirections":null},{"Deformation":null,"compliance":0.0,"holdPartIDs":[],"installPartIDs":[8,9,10,32],"partDirections":null},{"Deformation":null,"compliance":0.0,"holdPartIDs":[],"installPartIDs":[30,35,38,41],"partDirections":null},{"Deformation":null,"compliance":0.0,"holdPartIDs":[],"installPartIDs":[25,27,36,37],"partDirections":null},{"Deformation":null,"compliance":0.0,"holdPartIDs":[],"installPartIDs":[15,16,23,28],"partDirections":null},{"Deformation":null,"compliance":0.0,"holdPartIDs":[],"installPartIDs":[4,18,26,31],"partDirections":null},{"Deformation":null,"compliance":0.0,"holdPartIDs":[],"installPartIDs":[3,13,34],"partDirections":null}],"benchmark_compliance":3.735461786329442e-05,"benchmark_time":1.108715977,"cross_secs":[{"A":7.853981633974483e-05}],"elements":[{"end_node_inds":[0,1]},{"end_node_inds":[1,2]},{"end_node_inds":[1,3]},{"end_node_inds":[1,4]},{"end_node_inds":[3,4]},{"end_node_inds":[1,5]},{"end_node_inds":[2,5]},{"end_node_inds":[3,5]},{"end_node_inds":[1,6]},{"end_node_inds":[2,6]},{"end_node_inds":[5,6]},{"end_node_inds":[1,7]},{"end_node_inds":[3,7]},{"end_node_inds":[4,7]},{"end_node_inds":[5,7]},{"end_node_inds":[2,8]},{"end_node_inds":[6,8]},{"end_node_inds":[3,9]},{"end_node_inds":[4,9]},{"end_node_inds":[5,9]},{"end_node_inds":[7,9]},{"end_node_inds":[2,10]},{"end_node_inds":[5,10]},{"end_node_inds":[8,10]},{"end_node_inds":[9,10]},{"end_node_inds":[3,11]},{"end_node_inds":[4,11]},{"end_node_inds":[9,11]},{"end_node_inds":[10,11]},{"end_node_inds":[5,12]},{"end_node_inds":[6,12]},{"end_node_inds":[8,12]},{"end_node_inds":[9,12]},{"end_node_inds":[10,12]},{"end_node_inds":[4,13]},{"end_node_inds":[9,13]},{"end_node_inds":[10,13]},{"end_node_inds":[11,13]},{"end_node_inds":[12,13]},{"end_node_inds":[10,14]},{"end_node_inds":[12,14]},{"end_node_inds":[13,14]}],"materials":[{"E":129000000.0,"G12":46071428.57142857,"density":58.0}],"nodes":[{"is_grounded":1,"node_ind":0,"point":[0.0,1.6633238552278922,0.026871328398613677]},{"is_grounded":0,"node_ind":1,"point":[0.6384670851596718,1.3634876686461013,0.6122460462702044]},{"is_grounded":1,"node_ind":2,"point":[0.8899961841306864,0.772319143792911,0.0]},{"is_grounded":1,"node_ind":3,"point":[0.9636516314202238,2.155693604703577,0.06689444759050972]},{"is_grounded":0,"node_ind":4,"point":[1.6522277465338213,3.0,0.30895281494619314]},{"is_grounded":0,"node_ind":5,"point":[1.2583241047548743,1.2409491212828008,0.6555201549389232]},{"is_grounded":0,"node_ind":6,"point":[1.298214678128696,0.49290161371066277,0.5994537746017705]},{"is_grounded":0,"node_ind":7,"point":[1.3297979361653371,1.6994267203986364,0.8285751991865151]},{"is_grounded":0,"node_ind":8,"point":[1.8702634211958296,0.0,0.10505553568662258]},{"is_grounded":0,"node_ind":9,"point":[1.6961955020603596,1.91547409512321,0.7066245013849822]},{"is_grounded":0,"node_ind":10,"point":[1.938317462026816,1.162016813051175,0.382356964536889]},{"is_grounded":0,"node_ind":11,"point":[2.116691181010287,2.4193991001323902,0.10171561406322711]},{"is_grounded":0,"node_ind":12,"point":[2.32333085097464,1.1164512761964738,0.664405570185656]},{"is_grounded":0,"node_ind":13,"point":[2.720876459536099,1.8973903614189234,0.38677924144994313]},{"is_grounded":1,"node_ind":14,"point":[2.9005317197363385,1.2600111030988421,0.08471070845445762]}]}