{"assembly_sequence":[{"Deformation":null,"compliance":0.0,"holdPartIDs":[],"installPartIDs":[78],"partDirections":null},{"Deformation":null,"compliance":0.0,"holdPartIDs":[],"installPartIDs":[27,29,40,44],"partDirections":null},{"Deformation":null,"compliance":0.0,"holdPartIDs":[],"installPartIDs":[23,28,43,58],"partDirections":null},{"Deformation":null,"compliance":0.0,"holdPartIDs":[],"installPartIDs":[21,38,54,55],"partDirections":null},{"Deformation":null,"compliance":0.0,"holdPartIDs":[],"installPartIDs":[59,60,76,77],"partDirections":null},{"Deformation":null,"compliance":0.0,"holdPartIDs":[],"installPartIDs":[68,71,72,80],"partDirections":null},{"Deformation":null,"compliance":0.0,"holdPartIDs":[],"installPartIDs":[34,41,67,70],"partDirections":null},{"Deformation":null,"compliance":0.0,"holdPartIDs":[],"installPartIDs":[53,57,64,79],"partDirections":null},{"Deformation":null,"compliance":0.0,"holdPartIDs":[],"installPartIDs":[61,84],"partDirections":null},{"Deformation":null,"compliance":0.0,"holdPartIDs":[],"installPartIDs":[42,69,81,83],"partDirections":null},{"Deformation":null,"compliance":0.0,"holdPartIDs":[],"installPartIDs":[16,33,62,66],"partDirections":null},{"Deformation":null,"compliance":0.0,"holdPartIDs":[],"installPartIDs":[9,13,14,22],"partDirections":null},{"Deformation":null,"compliance":0.0,"holdPartIDs":[],"installPartIDs":[0,1,2,12],"partDirections":null},{"Deformation":null,"compliance":0.0,"holdPartIDs":[],"installPartIDs":[45,46,56,65],"partDirections":null},{"Deformation":null,"compliance":0.0,"holdPartIDs":[],"installPartIDs":[35,47,48,52],"partDirections":null},{"Deformation":null,"compliance":0.0,"holdPartIDs":[],"installPartIDs":[24,37,50,63],"partDirections":null},{"Deformation":null,"compliance":0.0,"holdPartIDs":[],"installPartIDs":[11,25,36,51],"partDirections":null},{"Deformation":null,"compliance":0.0,"holdPartIDs":[],"installPartIDs":[19,20,31,39],"partDirections":null},{"Deformation":null,"compliance":0.0,"holdPartIDs":[],"installPartIDs":[7,17,30,32],"partDirections":null},{"Deformation":null,"compliance":0.0,"holdPartIDs":[],"installPartIDs":[6,8,18],"partDirections":null},{"Deformation":null,"compliance":0.0,"holdPartIDs":[],"installPartIDs":[3,4,10,15],"partDirections":null},{"Deformation":null,"compliance":0.0,"holdPartIDs":[],"installPartIDs":[5,26,75,85],"partDirections":null},{"Deformation":null,"compliance":0.0,"holdPartIDs":[],"installPartIDs":[49,73,74,82],"partDirections":null}],"benchmark_compliance":0.00016600232531241977,"benchmark_time":33.563677186,"cross_secs":[{"A":7.853981633974483e-05}],"elements":[{"end_node_inds":[0,1]},{"end_node_inds":[0,2]},{"end_node_inds":[1,2]},{"end_node_inds":[0,3]},{"end_node_inds":[1,3]},{"end_node_inds":[2,3]},{"end_node_inds":[0,4]},{"end_node_inds":[1,4]},{"end_node_inds":[3,4]},{"end_node_inds":[1,5]},{"end_node_inds":[4,5]},{"end_node_inds":[5,6]},{"end_node_inds":[0,7]},{"end_node_inds":[1,7]},{"end_node_inds":[5,7]},{"end_node_inds":[4,8]},{"end_node_inds":[7,8]},{"end_node_inds":[0,9]},{"end_node_inds":[4,9]},{"end_node_inds":[7,9]},{"end_node_inds":[8,9]},{"end_node_inds":[5,10]},{"end_node_inds":[7,10]},{"end_node_inds":[8,10]},{"end_node_inds":[5,11]},{"end_node_inds":[6,11]},{"end_node_inds":[4,12]},{"end_node_inds":[5,12]},{"end_node_inds":[8,12]},{"end_node_inds":[10,12]},{"end_node_inds":[4,13]},{"end_node_inds":[9,13]},{"end_node_inds":[4,14]},{"end_node_inds":[8,14]},{"end_node_inds":[13,14]},{"end_node_inds":[5,15]},{"end_node_inds":[6,15]},{"end_node_inds":[11,15]},{"end_node_inds":[8,16]},{"end_node_inds":[9,16]},{"end_node_inds":[13,16]},{"end_node_inds":[14,16]},{"end_node_inds":[5,17]},{"end_node_inds":[10,17]},{"end_node_inds":[12,17]},{"end_node_inds":[5,18]},{"end_node_inds":[10,18]},{"end_node_inds":[15,18]},{"end_node_inds":[17,18]},{"end_node_inds":[14,19]},{"end_node_inds":[5,20]},{"end_node_inds":[11,20]},{"end_node_inds":[15,20]},{"end_node_inds":[13,21]},{"end_node_inds":[16,21]},{"end_node_inds":[17,22]},{"end_node_inds":[18,22]},{"end_node_inds":[14,23]},{"end_node_inds":[17,23]},{"end_node_inds":[21,23]},{"end_node_inds":[22,23]},{"end_node_inds":[5,24]},{"end_node_inds":[14,24]},{"end_node_inds":[15,24]},{"end_node_inds":[17,24]},{"end_node_inds":[18,24]},{"end_node_inds":[20,24]},{"end_node_inds":[22,24]},{"end_node_inds":[23,24]},{"end_node_inds":[13,25]},{"end_node_inds":[14,25]},{"end_node_inds":[21,25]},{"end_node_inds":[24,25]},{"end_node_inds":[14,26]},{"end_node_inds":[19,26]},{"end_node_inds":[24,26]},{"end_node_inds":[21,27]},{"end_node_inds":[22,27]},{"end_node_inds":[23,27]},{"end_node_inds":[24,27]},{"end_node_inds":[25,27]},{"end_node_inds":[14,28]},{"end_node_inds":[19,28]},{"end_node_inds":[24,28]},{"end_node_inds":[25,28]},{"end_node_inds":[26,28]}],"materials":[{"E":129000000.0,"G12":46071428.57142857,"density":58.0}],"nodes":[{"is_grounded":0,"node_ind":0,"point":[0.0,0.7230013914088852,2.076637734593781]},{"is_grounded":0,"node_ind":1,"point":[0.13808723320779165,1.2070553794692405,2.2201012604624704]},{"is_grounded":0,"node_ind":2,"point":[0.06907467015042293,1.093181516481527,3.0]},{"is_grounded":0,"node_ind":3,"point":[0.49696660546630145,0.0803529711229572,2.6911056454457234]},{"is_grounded":0,"node_ind":4,"point":[0.5703617488737431,0.42817739815854255,1.9869518641031032]},{"is_grounded":0,"node_ind":5,"point":[0.9176576748313308,1.8143425914384734,1.852027350197821]},{"is_grounded":0,"node_ind":6,"point":[0.5821365016500102,2.233740847653545,2.7987219462098087]},{"is_grounded":0,"node_ind":7,"point":[0.25660287499124745,1.2059777719170075,1.3246096824648046]},{"is_grounded":0,"node_ind":8,"point":[0.437419369284879,1.186608008480909,0.28677361563355325]},{"is_grounded":0,"node_ind":9,"point":[0.40020271239822647,0.5445009397447075,0.8587246097451685]},{"is_grounded":0,"node_ind":10,"point":[0.7803925155476041,1.9933526963731687,0.8233314210610967]},{"is_grounded":0,"node_ind":11,"point":[1.2479819132328216,2.258567980109745,2.8551271964586245]},{"is_grounded":1,"node_ind":12,"point":[0.9921150299228139,1.673839683744964,0.0]},{"is_grounded":0,"node_ind":13,"point":[1.0499702042333194,0.13356576146669763,0.8631505305851315]},{"is_grounded":0,"node_ind":14,"point":[1.4437927724953363,0.4695991455970546,1.8215927541173216]},{"is_grounded":0,"node_ind":15,"point":[1.4792302796454404,2.4267158757046507,2.2073505468691943]},{"is_grounded":1,"node_ind":16,"point":[1.1437345030076527,0.43227929848520386,0.024711910755237057]},{"is_grounded":0,"node_ind":17,"point":[1.6629517766810924,1.8631725217477322,0.3146533399888324]},{"is_grounded":0,"node_ind":18,"point":[1.3242187678631334,2.1077953749625404,1.3072982968193594]},{"is_grounded":0,"node_ind":19,"point":[1.8644891746059784,0.0,2.758440896262338]},{"is_grounded":0,"node_ind":20,"point":[1.8145772421700277,2.0392399437389566,2.484262885775621]},{"is_grounded":0,"node_ind":21,"point":[1.8264899523878415,0.2964859187911393,0.507782824982314]},{"is_grounded":0,"node_ind":22,"point":[1.9732274223186783,1.7770711762718239,0.966490282841762]},{"is_grounded":1,"node_ind":23,"point":[1.9435195528615832,1.0605335934596596,0.06679122073979885]},{"is_grounded":0,"node_ind":24,"point":[2.0085537706713015,1.5375121607404474,1.7120326260322032]},{"is_grounded":0,"node_ind":25,"point":[2.067166244585436,0.5213344709226833,1.3846679438211635]},{"is_grounded":0,"node_ind":26,"point":[2.466804343239068,1.0463753708118093,2.6414843641946497]},{"is_grounded":0,"node_ind":27,"point":[2.2411948850542966,0.9378115266963595,0.7046319368372549]},{"is_grounded":0,"node_ind":28,"point":[2.3760750136259436,0.45682750836982844,2.0818176856729704]}]}