{"assembly_sequence":[{"Deformation":null,"compliance":0.0,"holdPartIDs":[],"installPartIDs":[13,23,28],"partDirections":null},{"Deformation":null,"compliance":0.0,"holdPartIDs":[],"installPartIDs":[24,25,27,58],"partDirections":null},{"Deformation":null,"compliance":0.0,"holdPartIDs":[],"installPartIDs":[16,18,32,33],"partDirections":null},{"Deformation":null,"compliance":0.0,"holdPartIDs":[],"installPartIDs":[19,26,39,55],"partDirections":null},{"Deformation":null,"compliance":0.0,"holdPartIDs":[],"installPartIDs":[11,15,17,50],"partDirections":null},{"Deformation":null,"compliance":0.0,"holdPartIDs":[],"installPartIDs":[30,37,38,66],"partDirections":null},{"Deformation":null,"compliance":0.0,"holdPartIDs":[],"installPartIDs":[29,35,43,59],"partDirections":null},{"Deformation":null,"compliance":0.0,"holdPartIDs":[],"installPartIDs":[21,22,31,36],"partDirections":null},{"Deformation":null,"compliance":0.0,"holdPartIDs":[],"installPartIDs":[8,10,12,14],"partDirections":null},{"Deformation":null,"compliance":0.0,"holdPartIDs":[],"installPartIDs":[2,5,7,9],"partDirections":null},{"Deformation":null,"compliance":0.0,"holdPartIDs":[],"installPartIDs":[34,44,60,63],"partDirections":null},{"Deformation":null,"compliance":0.0,"holdPartIDs":[],"installPartIDs":[47,51,57,67],"partDirections":null},{"Deformation":null,"compliance":0.0,"holdPartIDs":[],"installPartIDs":[48,53,54,61],"partDirections":null},{"Deformation":null,"compliance":0.0,"holdPartIDs":[],"installPartIDs":[56,62,64,65],"partDirections":null},{"Deformation":null,"compliance":0.0,"holdPartIDs":[],"installPartIDs":[4,6,20,52],"partDirections":null},{"Deformation":null,"compliance":0.0,"holdPartIDs":[],"installPartIDs":[42,45,46,49],"partDirections":null},{"Deformation":null,"compliance":0.0,"holdPartIDs":[],"installPartIDs":[40,41,68,69],"partDirections":null},{"Deformation":null,"compliance":0.0,"holdPartIDs":[],"installPartIDs":[0,1,3,70],"partDirections":null}],"benchmark_compliance":6.398928830191668e-07,"benchmark_time":29.666316622,"cross_secs":[{"A":7.853981633974483e-05}],"elements":[{"end_node_inds":[0,1]},{"end_node_inds":[0,2]},{"end_node_inds":[1,2]},{"end_node_inds":[0,3]},{"end_node_inds":[1,3]},{"end_node_inds":[2,3]},{"end_node_inds":[1,4]},{"end_node_inds":[2,4]},{"end_node_inds":[3,4]},{"end_node_inds":[2,5]},{"end_node_inds":[4,5]},{"end_node_inds":[3,6]},{"end_node_inds":[4,6]},{"end_node_inds":[5,6]},{"end_node_inds":[4,7]},{"end_node_inds":[5,7]},{"end_node_inds":[6,7]},{"end_node_inds":[5,8]},{"end_node_inds":[6,8]},{"end_node_inds":[7,8]},{"end_node_inds":[4,9]},{"end_node_inds":[6,9]},{"end_node_inds":[7,9]},{"end_node_inds":[6,10]},{"end_node_inds":[8,10]},{"end_node_inds":[6,11]},{"end_node_inds":[7,11]},{"end_node_inds":[8,11]},{"end_node_inds":[10,11]},{"end_node_inds":[6,12]},{"end_node_inds":[7,12]},{"end_node_inds":[9,12]},{"end_node_inds":[10,12]},{"end_node_inds":[11,12]},{"end_node_inds":[7,13]},{"end_node_inds":[8,13]},{"end_node_inds":[9,13]},{"end_node_inds":[10,13]},{"end_node_inds":[11,13]},{"end_node_inds":[12,13]},{"end_node_inds":[9,14]},{"end_node_inds":[12,14]},{"end_node_inds":[13,14]},{"end_node_inds":[12,15]},{"end_node_inds":[13,15]},{"end_node_inds":[14,15]},{"end_node_inds":[14,16]},{"end_node_inds":[15,16]},{"end_node_inds":[13,17]},{"end_node_inds":[14,17]},{"end_node_inds":[15,17]},{"end_node_inds":[16,17]},{"end_node_inds":[15,19]},{"end_node_inds":[16,19]},{"end_node_inds":[17,19]},{"end_node_inds":[18,19]},{"end_node_inds":[15,20]},{"end_node_inds":[16,20]},{"end_node_inds":[18,20]},{"end_node_inds":[19,20]},{"end_node_inds":[18,22]},{"end_node_inds":[19,22]},{"end_node_inds":[20,22]},{"end_node_inds":[21,22]},{"end_node_inds":[18,23]},{"end_node_inds":[20,23]},{"end_node_inds":[21,23]},{"end_node_inds":[22,23]},{"end_node_inds":[21,24]},{"end_node_inds":[22,24]},{"end_node_inds":[23,24]}],"materials":[{"E":129000000.0,"G12":46071428.57142857,"density":58.0}],"nodes":[{"is_grounded":0,"node_ind":0,"point":[0.0,0.25286994174603067,0.16200830124097845]},{"is_grounded":0,"node_ind":1,"point":[0.3049089698438415,0.4516824215921669,0.40335732612185293]},{"is_grounded":0,"node_ind":2,"point":[0.3296354590042601,0.606045294415392,0.2173130433778736]},{"is_grounded":1,"node_ind":3,"point":[0.4552708132280703,0.6459270725765167,0.023488259737467553]},{"is_grounded":0,"node_ind":4,"point":[0.5473821994106167,0.879300881829126,0.370715960016001]},{"is_grounded":1,"node_ind":5,"point":[0.606719594320087,0.969058685430778,0.026486693820091948]},{"is_grounded":0,"node_ind":6,"point":[0.8250137652971908,1.0087784900574912,0.24105752966068367]},{"is_grounded":0,"node_ind":7,"point":[0.8727172058530936,1.0791853967165892,0.2510316578064701]},{"is_grounded":0,"node_ind":8,"point":[0.9341040487325035,1.075021665861911,0.10103319195686822]},{"is_grounded":0,"node_ind":9,"point":[1.0775736263823679,1.068653373039084,0.3768509522768538]},{"is_grounded":1,"node_ind":10,"point":[1.047597412015539,1.0531300669509287,0.08040641387038269]},{"is_grounded":0,"node_ind":11,"point":[1.035783762927823,1.0550296890123643,0.14780411622533957]},{"is_grounded":0,"node_ind":12,"point":[1.2046252393494195,1.0236695121925627,0.20066676370779674]},{"is_grounded":0,"node_ind":13,"point":[1.3164238695276644,1.0408753490039075,0.18437388102563387]},{"is_grounded":0,"node_ind":14,"point":[1.4681725317898493,0.7743496645922455,0.3507641988814736]},{"is_grounded":1,"node_ind":15,"point":[1.6131815345626161,0.5673511981535345,0.06103462271830395]},{"is_grounded":0,"node_ind":16,"point":[1.7069777254349372,0.4359535428576877,0.30979584288405004]},{"is_grounded":0,"node_ind":17,"point":[1.6571827111355344,0.6264839186274982,0.24919772125556328]},{"is_grounded":1,"node_ind":18,"point":[2.0751439656812956,0.20353530756600624,0.0]},{"is_grounded":0,"node_ind":19,"point":[2.05525918087951,0.1948641351738054,0.39061142751904093]},{"is_grounded":0,"node_ind":20,"point":[2.0409340400183895,0.16351578373517991,0.1616273064284786]},{"is_grounded":1,"node_ind":21,"point":[2.6413956935523824,0.03300050991563015,0.028832253787454916]},{"is_grounded":0,"node_ind":22,"point":[2.550208244788009,0.032814367136114464,0.3906114034664788]},{"is_grounded":0,"node_ind":23,"point":[2.5266941231633266,0.0,0.1616273064284786]},{"is_grounded":0,"node_ind":24,"point":[3.0,0.02215641149248306,0.2356697222301507]}]}