{"assembly_sequence":[{"Deformation":null,"compliance":0.0,"holdPartIDs":[],"installPartIDs":[25,46],"partDirections":null},{"Deformation":null,"compliance":0.0,"holdPartIDs":[],"installPartIDs":[20,21,33],"partDirections":null},{"Deformation":null,"compliance":0.0,"holdPartIDs":[],"installPartIDs":[0,44],"partDirections":null},{"Deformation":null,"compliance":0.0,"holdPartIDs":[],"installPartIDs":[47,51,52,53],"partDirections":null},{"Deformation":null,"compliance":0.0,"holdPartIDs":[],"installPartIDs":[56,57,58],"partDirections":null},{"Deformation":null,"compliance":0.0,"holdPartIDs":[],"installPartIDs":[16,34,43,54],"partDirections":null},{"Deformation":null,"compliance":0.0,"holdPartIDs":[],"installPartIDs":[4,6,15],"partDirections":null},{"Deformation":null,"compliance":0.0,"holdPartIDs":[],"installPartIDs":[1,2,3,5],"partDirections":null},{"Deformation":null,"compliance":0.0,"holdPartIDs":[],"installPartIDs":[7,8,22,45],"partDirections":null},{"Deformation":null,"compliance":0.0,"holdPartIDs":[],"installPartIDs":[19,23,40,50],"partDirections":null},{"Deformation":null,"compliance":0.0,"holdPartIDs":[],"installPartIDs":[11,12,17,24],"partDirections":null},{"Deformation":null,"compliance":0.0,"holdPartIDs":[],"installPartIDs":[10,13,14,18],"partDirections":null},{"Deformation":null,"compliance":0.0,"holdPartIDs":[],"installPartIDs":[9,26,28,41],"partDirections":null},{"Deformation":null,"compliance":0.0,"holdPartIDs":[],"installPartIDs":[27,30,31,32],"partDirections":null},{"Deformation":null,"compliance":0.0,"holdPartIDs":[],"installPartIDs":[29,35,36,55],"partDirections":null},{"Deformation":null,"compliance":0.0,"holdPartIDs":[],"installPartIDs":[39,42,48,49],"partDirections":null},{"Deformation":null,"compliance":0.0,"holdPartIDs":[],"installPartIDs":[37,38],"partDirections":null}],"benchmark_compliance":0.00011835197747100857,"benchmark_time":3.613852542,"cross_secs":[{"A":7.853981633974483e-05}],"elements":[{"end_node_inds":[0,1]},{"end_node_inds":[0,2]},{"end_node_inds":[1,2]},{"end_node_inds":[2,3]},{"end_node_inds":[0,4]},{"end_node_inds":[1,4]},{"end_node_inds":[4,5]},{"end_node_inds":[2,6]},{"end_node_inds":[3,6]},{"end_node_inds":[1,7]},{"end_node_inds":[4,7]},{"end_node_inds":[1,8]},{"end_node_inds":[2,8]},{"end_node_inds":[6,8]},{"end_node_inds":[7,8]},{"end_node_inds":[4,9]},{"end_node_inds":[5,9]},{"end_node_inds":[4,10]},{"end_node_inds":[7,10]},{"end_node_inds":[9,10]},{"end_node_inds":[3,11]},{"end_node_inds":[5,11]},{"end_node_inds":[6,12]},{"end_node_inds":[6,13]},{"end_node_inds":[8,13]},{"end_node_inds":[12,13]},{"end_node_inds":[7,14]},{"end_node_inds":[9,14]},{"end_node_inds":[10,14]},{"end_node_inds":[7,15]},{"end_node_inds":[8,15]},{"end_node_inds":[13,15]},{"end_node_inds":[14,15]},{"end_node_inds":[11,16]},{"end_node_inds":[9,17]},{"end_node_inds":[13,18]},{"end_node_inds":[15,18]},{"end_node_inds":[14,19]},{"end_node_inds":[15,19]},{"end_node_inds":[18,19]},{"end_node_inds":[9,20]},{"end_node_inds":[14,20]},{"end_node_inds":[19,20]},{"end_node_inds":[9,21]},{"end_node_inds":[17,21]},{"end_node_inds":[20,21]},{"end_node_inds":[13,22]},{"end_node_inds":[21,23]},{"end_node_inds":[18,24]},{"end_node_inds":[19,24]},{"end_node_inds":[20,24]},{"end_node_inds":[21,24]},{"end_node_inds":[23,24]},{"end_node_inds":[24,25]},{"end_node_inds":[13,26]},{"end_node_inds":[18,26]},{"end_node_inds":[22,26]},{"end_node_inds":[24,26]},{"end_node_inds":[25,26]}],"materials":[{"E":129000000.0,"G12":46071428.57142857,"density":58.0}],"nodes":[{"is_grounded":1,"node_ind":0,"point":[0.0685415711648666,1.4727493238236922,0.01808680670583759]},{"is_grounded":0,"node_ind":1,"point":[0.0,1.6882819885604101,0.9156553571831446]},{"is_grounded":0,"node_ind":2,"point":[0.09422447809946399,0.7848497233782401,0.9167078819630602]},{"is_grounded":1,"node_ind":3,"point":[0.5239433657961757,0.5411273828885048,0.006819163203713219]},{"is_grounded":0,"node_ind":4,"point":[0.41012772001591474,2.5492561447093234,0.918580385976286]},{"is_grounded":1,"node_ind":5,"point":[0.8321621798643483,2.7490006176543895,0.016546677864984947]},{"is_grounded":0,"node_ind":6,"point":[0.7936813575461931,0.07494517849118029,0.8767118821764264]},{"is_grounded":0,"node_ind":7,"point":[0.6722406759572358,1.6166847789181662,1.7718897270235587]},{"is_grounded":0,"node_ind":8,"point":[0.9411001869324129,0.8633233159166781,1.778384730359262]},{"is_grounded":0,"node_ind":9,"point":[1.33188593880972,3.0,0.9364111384078674]},{"is_grounded":0,"node_ind":10,"point":[1.005074709486951,2.5123563378386597,1.7846749539839966]},{"is_grounded":0,"node_ind":11,"point":[1.138650934636989,1.495697314901474,0.11583587793945414]},{"is_grounded":1,"node_ind":12,"point":[1.6048935858600668,0.0,0.01211419841866983]},{"is_grounded":0,"node_ind":13,"point":[2.076986975575951,0.026865608659090226,0.9140894229616339]},{"is_grounded":0,"node_ind":14,"point":[1.5145435033617087,2.0818525408282595,1.0944616340908382]},{"is_grounded":0,"node_ind":15,"point":[1.4797827030532817,0.9480066262308698,1.093974017241439]},{"is_grounded":1,"node_ind":16,"point":[1.9985228374247375,1.1854243287853328,0.01290059625480573]},{"is_grounded":1,"node_ind":17,"point":[2.158089972795513,2.828878217350928,0.02509890958320998]},{"is_grounded":0,"node_ind":18,"point":[2.030427499193141,0.7258583230594887,1.7239434500826951]},{"is_grounded":0,"node_ind":19,"point":[2.2086418429542456,1.7453865705838267,1.7940691630211643]},{"is_grounded":0,"node_ind":20,"point":[2.1304600936481646,2.6188262250760923,1.673808466932912]},{"is_grounded":0,"node_ind":21,"point":[2.348952234613782,2.9030932343123794,0.8274517641390917]},{"is_grounded":1,"node_ind":22,"point":[2.5077700451620784,0.08253524576726168,0.03094240639938478]},{"is_grounded":1,"node_ind":23,"point":[2.670657949164108,2.052774124136886,0.014803569729948519]},{"is_grounded":0,"node_ind":24,"point":[2.9926536224131657,1.9493874662235986,0.9332020464358655]},{"is_grounded":1,"node_ind":25,"point":[2.94344387957003,1.0731904466626223,0.0]},{"is_grounded":0,"node_ind":26,"point":[2.982615055355573,0.6639003503101207,0.827800827511422]}]}