{"assembly_sequence":[{"Deformation":null,"compliance":0.0,"holdPartIDs":[],"installPartIDs":[12,13,15,16],"partDirections":null},{"Deformation":null,"compliance":0.0,"holdPartIDs":[],"installPartIDs":[14,17,18],"partDirections":null},{"Deformation":null,"compliance":0.0,"holdPartIDs":[],"installPartIDs":[9,10,19,20],"partDirections":null},{"Deformation":null,"compliance":0.0,"holdPartIDs":[],"installPartIDs":[8,11,21,22],"partDirections":null},{"Deformation":null,"compliance":0.0,"holdPartIDs":[],"installPartIDs":[24,52,53,54],"partDirections":null},{"Deformation":null,"compliance":0.0,"holdPartIDs":[],"installPartIDs":[5,6,23,50],"partDirections":null},{"Deformation":null,"compliance":0.0,"holdPartIDs":[],"installPartIDs":[1,4,47,51],"partDirections":null},{"Deformation":null,"compliance":0.0,"holdPartIDs":[],"installPartIDs":[3,7,45,46],"partDirections":null},{"Deformation":null,"compliance":0.0,"holdPartIDs":[],"installPartIDs":[48,56,57,58],"partDirections":null},{"Deformation":null,"compliance":0.0,"holdPartIDs":[],"installPartIDs":[0,25,33,59],"partDirections":null},{"Deformation":null,"compliance":0.0,"holdPartIDs":[],"installPartIDs":[27,32,60,62],"partDirections":null},{"Deformation":null,"compliance":0.0,"holdPartIDs":[],"installPartIDs":[2,26,28,31],"partDirections":null},{"Deformation":null,"compliance":0.0,"holdPartIDs":[],"installPartIDs":[30,34,35,61],"partDirections":null},{"Deformation":null,"compliance":0.0,"holdPartIDs":[],"installPartIDs":[29,40,42,63],"partDirections":null},{"Deformation":null,"compliance":0.0,"holdPartIDs":[],"installPartIDs":[38,41,43,55],"partDirections":null},{"Deformation":null,"compliance":0.0,"holdPartIDs":[],"installPartIDs":[37,39,44,64],"partDirections":null},{"Deformation":null,"compliance":0.0,"holdPartIDs":[],"installPartIDs":[36,49,65,66],"partDirections":null}],"benchmark_compliance":4.6266424414129025e-05,"benchmark_time":7.09557222,"cross_secs":[{"A":7.853981633974483e-05}],"elements":[{"end_node_inds":[0,1]},{"end_node_inds":[1,2]},{"end_node_inds":[0,3]},{"end_node_inds":[1,3]},{"end_node_inds":[2,3]},{"end_node_inds":[2,4]},{"end_node_inds":[2,5]},{"end_node_inds":[3,5]},{"end_node_inds":[4,5]},{"end_node_inds":[4,6]},{"end_node_inds":[4,7]},{"end_node_inds":[5,7]},{"end_node_inds":[6,7]},{"end_node_inds":[7,8]},{"end_node_inds":[7,9]},{"end_node_inds":[8,9]},{"end_node_inds":[9,10]},{"end_node_inds":[9,11]},{"end_node_inds":[10,11]},{"end_node_inds":[10,12]},{"end_node_inds":[11,12]},{"end_node_inds":[11,13]},{"end_node_inds":[12,13]},{"end_node_inds":[12,14]},{"end_node_inds":[13,14]},{"end_node_inds":[13,15]},{"end_node_inds":[13,16]},{"end_node_inds":[14,16]},{"end_node_inds":[15,16]},{"end_node_inds":[15,17]},{"end_node_inds":[16,17]},{"end_node_inds":[12,18]},{"end_node_inds":[13,18]},{"end_node_inds":[14,18]},{"end_node_inds":[15,18]},{"end_node_inds":[16,18]},{"end_node_inds":[0,19]},{"end_node_inds":[1,19]},{"end_node_inds":[3,19]},{"end_node_inds":[1,20]},{"end_node_inds":[2,20]},{"end_node_inds":[3,20]},{"end_node_inds":[4,20]},{"end_node_inds":[5,20]},{"end_node_inds":[19,20]},{"end_node_inds":[4,21]},{"end_node_inds":[5,21]},{"end_node_inds":[6,21]},{"end_node_inds":[7,21]},{"end_node_inds":[20,21]},{"end_node_inds":[6,22]},{"end_node_inds":[7,22]},{"end_node_inds":[8,22]},{"end_node_inds":[9,22]},{"end_node_inds":[10,22]},{"end_node_inds":[21,22]},{"end_node_inds":[9,23]},{"end_node_inds":[10,23]},{"end_node_inds":[11,23]},{"end_node_inds":[12,23]},{"end_node_inds":[13,23]},{"end_node_inds":[18,23]},{"end_node_inds":[22,23]},{"end_node_inds":[15,24]},{"end_node_inds":[16,24]},{"end_node_inds":[17,24]},{"end_node_inds":[18,24]}],"materials":[{"E":129000000.0,"G12":46071428.57142857,"density":58.0}],"nodes":[{"is_grounded":0,"node_ind":0,"point":[0.12494206109336262,0.0,1.3624799463407282]},{"is_grounded":0,"node_ind":1,"point":[0.04863831734159385,0.03302222475337208,0.9339421971662856]},{"is_grounded":0,"node_ind":2,"point":[0.051868018352366055,0.20487887532681612,0.6486025004957524]},{"is_grounded":0,"node_ind":3,"point":[0.01572473729669087,0.28677342898640396,0.9398544857060703]},{"is_grounded":0,"node_ind":4,"point":[0.06007141695293332,0.5689774080034927,0.3680238499980115]},{"is_grounded":0,"node_ind":5,"point":[0.039101715230673316,0.638029967164461,0.5302892824852475]},{"is_grounded":1,"node_ind":6,"point":[0.03723691733643042,0.862095628936159,0.08785363145978599]},{"is_grounded":0,"node_ind":7,"point":[0.04190792654739002,1.091595325522169,0.30336160565359677]},{"is_grounded":1,"node_ind":8,"point":[0.04812565126485758,1.3100658194946468,0.030829183079753446]},{"is_grounded":0,"node_ind":9,"point":[0.06693814745180238,1.6179783604269127,0.2627544500608875]},{"is_grounded":1,"node_ind":10,"point":[0.03538383220617767,1.7836680374695784,0.0]},{"is_grounded":0,"node_ind":11,"point":[0.045701397042029045,2.013202541689492,0.36453456966632547]},{"is_grounded":0,"node_ind":12,"point":[0.053051952098233914,2.2181736380565567,0.22137258086565414]},{"is_grounded":0,"node_ind":13,"point":[0.0,2.353725688800856,0.5884338795090575]},{"is_grounded":0,"node_ind":14,"point":[0.048940607500059415,2.5750314632572944,0.4767482007204443]},{"is_grounded":0,"node_ind":15,"point":[0.00021523300235578072,2.65360493773477,0.9810999817359928]},{"is_grounded":0,"node_ind":16,"point":[0.01770081067808333,2.8955520703331197,0.8146269978341508]},{"is_grounded":0,"node_ind":17,"point":[0.07643530472277137,3.0000000000000004,1.3594604736792768]},{"is_grounded":0,"node_ind":18,"point":[0.25143215857741485,2.5226181372184118,0.6608613173694345]},{"is_grounded":0,"node_ind":19,"point":[0.33561218915649527,0.17046038772629835,1.0689253591482533]},{"is_grounded":0,"node_ind":20,"point":[0.33561218915649527,0.4046782749376483,0.6964856427714973]},{"is_grounded":0,"node_ind":21,"point":[0.33561218915649527,0.8246684177745248,0.36678117449766673]},{"is_grounded":0,"node_ind":22,"point":[0.33561218915649527,1.4022714186106966,0.19023991310122293]},{"is_grounded":0,"node_ind":23,"point":[0.33561218915649527,2.0035746302765487,0.2917952861946759]},{"is_grounded":0,"node_ind":24,"point":[0.33561218915649527,2.76163143559926,1.0612825108458943]}]}