{"assembly_sequence":[{"Deformation":null,"compliance":0.0,"holdPartIDs":[],"installPartIDs":[8,9,10],"partDirections":null},{"Deformation":null,"compliance":0.0,"holdPartIDs":[],"installPartIDs":[0,3,5,6],"partDirections":null},{"Deformation":null,"compliance":0.0,"holdPartIDs":[],"installPartIDs":[1,2,4,7],"partDirections":null},{"Deformation":null,"compliance":0.0,"holdPartIDs":[],"installPartIDs":[13,14,15,26],"partDirections":null},{"Deformation":null,"compliance":0.0,"holdPartIDs":[],"installPartIDs":[25,36,38],"partDirections":null},{"Deformation":null,"compliance":0.0,"holdPartIDs":[],"installPartIDs":[19,20,21,27],"partDirections":null},{"Deformation":null,"compliance":0.0,"holdPartIDs":[],"installPartIDs":[24,30,31,39],"partDirections":null},{"Deformation":null,"compliance":0.0,"holdPartIDs":[],"installPartIDs":[28,32],"partDirections":null},{"Deformation":null,"compliance":0.0,"holdPartIDs":[],"installPartIDs":[29,33,35,37],"partDirections":null},{"Deformation":null,"compliance":0.0,"holdPartIDs":[],"installPartIDs":[11,16,18,22],"partDirections":null},{"Deformation":null,"compliance":0.0,"holdPartIDs":[],"installPartIDs":[12,17,23,34],"partDirections":null}],"benchmark_compliance":0.00033573627199027015,"benchmark_time":0.898676956,"cross_secs":[{"A":7.853981633974483e-05}],"elements":[{"end_node_inds":[0,1]},{"end_node_inds":[0,2]},{"end_node_inds":[1,2]},{"end_node_inds":[1,3]},{"end_node_inds":[2,3]},{"end_node_inds":[1,4]},{"end_node_inds":[1,5]},{"end_node_inds":[2,5]},{"end_node_inds":[3,5]},{"end_node_inds":[4,5]},{"end_node_inds":[5,6]},{"end_node_inds":[0,7]},{"end_node_inds":[1,7]},{"end_node_inds":[4,7]},{"end_node_inds":[5,7]},{"end_node_inds":[6,7]},{"end_node_inds":[0,8]},{"end_node_inds":[2,8]},{"end_node_inds":[3,8]},{"end_node_inds":[5,8]},{"end_node_inds":[6,8]},{"end_node_inds":[7,8]},{"end_node_inds":[2,9]},{"end_node_inds":[5,9]},{"end_node_inds":[8,9]},{"end_node_inds":[5,10]},{"end_node_inds":[7,10]},{"end_node_inds":[8,10]},{"end_node_inds":[9,10]},{"end_node_inds":[6,11]},{"end_node_inds":[7,11]},{"end_node_inds":[8,11]},{"end_node_inds":[9,11]},{"end_node_inds":[10,11]},{"end_node_inds":[5,12]},{"end_node_inds":[6,12]},{"end_node_inds":[7,12]},{"end_node_inds":[9,12]},{"end_node_inds":[10,12]},{"end_node_inds":[11,12]}],"materials":[{"E":129000000.0,"G12":46071428.57142857,"density":58.0}],"nodes":[{"is_grounded":1,"node_ind":0,"point":[0.0,0.3303264243296318,0.03501106355107074]},{"is_grounded":0,"node_ind":1,"point":[0.06889697061200492,0.0,0.6633958445712702]},{"is_grounded":0,"node_ind":2,"point":[0.09102892934500598,0.5953582681158208,0.644369270108484]},{"is_grounded":1,"node_ind":3,"point":[0.2712670104376954,0.48449561774312117,0.02301405722360877]},{"is_grounded":1,"node_ind":4,"point":[0.3518955074031905,0.03736822831290363,0.0]},{"is_grounded":0,"node_ind":5,"point":[0.5393476450902382,0.1908589335018719,0.6765196457421182]},{"is_grounded":1,"node_ind":6,"point":[0.6407119282206988,0.3175050244560896,0.0009325125251286065]},{"is_grounded":0,"node_ind":7,"point":[2.4974667750966786,0.0007568726771168293,0.18334249231618843]},{"is_grounded":0,"node_ind":8,"point":[2.4843285706981213,0.3533923330770115,0.36436377489542043]},{"is_grounded":0,"node_ind":9,"point":[2.5922049597159016,0.6859921066837855,0.6515498008856199]},{"is_grounded":0,"node_ind":10,"point":[2.940609748810162,0.021536866752795092,0.5904519880885446]},{"is_grounded":0,"node_ind":11,"point":[2.8932476840068606,0.6264914896618637,0.14670941736737883]},{"is_grounded":0,"node_ind":12,"point":[3.0,0.33032643009679635,0.3477068435296219]}]}