{"assembly_sequence":[{"Deformation":null,"compliance":0.0,"holdPartIDs":[],"installPartIDs":[35,40,41],"partDirections":null},{"Deformation":null,"compliance":0.0,"holdPartIDs":[],"installPartIDs":[25,27,28],"partDirections":null},{"Deformation":null,"compliance":0.0,"holdPartIDs":[],"installPartIDs":[30,32,33,34],"partDirections":null},{"Deformation":null,"compliance":0.0,"holdPartIDs":[],"installPartIDs":[0,29,31,39],"partDirections":null},{"Deformation":null,"compliance":0.0,"holdPartIDs":[],"installPartIDs":[18,22,24,38],"partDirections":null},{"Deformation":null,"compliance":0.0,"holdPartIDs":[],"installPartIDs":[1,9,10,26],"partDirections":null},{"Deformation":null,"compliance":0.0,"holdPartIDs":[],"installPartIDs":[2,3,4,11],"partDirections":null},{"Deformation":null,"compliance":0.0,"holdPartIDs":[],"installPartIDs":[12,17,20,21],"partDirections":null},{"Deformation":null,"compliance":0.0,"holdPartIDs":[],"installPartIDs":[7,8,14,16],"partDirections":null},{"Deformation":null,"compliance":0.0,"holdPartIDs":[],"installPartIDs":[5,6,13,15],"partDirections":null},{"Deformation":null,"compliance":0.0,"holdPartIDs":[],"installPartIDs":[19,23,36,37],"partDirections":null}],"benchmark_compliance":9.583429034799195e-05,"benchmark_time":0.788875562,"cross_secs":[{"A":7.853981633974483e-05}],"elements":[{"end_node_inds":[0,1]},{"end_node_inds":[1,2]},{"end_node_inds":[2,3]},{"end_node_inds":[0,4]},{"end_node_inds":[1,4]},{"end_node_inds":[1,5]},{"end_node_inds":[2,5]},{"end_node_inds":[3,5]},{"end_node_inds":[4,5]},{"end_node_inds":[0,6]},{"end_node_inds":[1,6]},{"end_node_inds":[2,6]},{"end_node_inds":[4,6]},{"end_node_inds":[2,7]},{"end_node_inds":[3,7]},{"end_node_inds":[4,7]},{"end_node_inds":[5,7]},{"end_node_inds":[6,7]},{"end_node_inds":[0,8]},{"end_node_inds":[4,8]},{"end_node_inds":[6,8]},{"end_node_inds":[4,9]},{"end_node_inds":[8,9]},{"end_node_inds":[4,10]},{"end_node_inds":[8,10]},{"end_node_inds":[9,10]},{"end_node_inds":[8,11]},{"end_node_inds":[9,11]},{"end_node_inds":[10,11]},{"end_node_inds":[8,12]},{"end_node_inds":[10,12]},{"end_node_inds":[8,13]},{"end_node_inds":[9,13]},{"end_node_inds":[10,13]},{"end_node_inds":[11,13]},{"end_node_inds":[12,13]},{"end_node_inds":[0,14]},{"end_node_inds":[6,14]},{"end_node_inds":[8,14]},{"end_node_inds":[10,14]},{"end_node_inds":[12,14]},{"end_node_inds":[13,14]}],"materials":[{"E":129000000.0,"G12":46071428.57142857,"density":58.0}],"nodes":[{"is_grounded":1,"node_ind":0,"point":[0.2608554942008074,2.845399759129678,0.0]},{"is_grounded":0,"node_ind":1,"point":[0.043989687613147435,2.9346077450521637,0.8999999395203363]},{"is_grounded":0,"node_ind":2,"point":[0.0,2.931922112143272,2.0999998924806027]},{"is_grounded":0,"node_ind":3,"point":[0.25267585116385755,2.7185835633352453,2.9999999999999996]},{"is_grounded":0,"node_ind":4,"point":[0.30523583631878903,2.1911351803731978,0.8612338318548484]},{"is_grounded":0,"node_ind":5,"point":[0.28432654151229836,2.2100654987999526,2.0999998924806027]},{"is_grounded":0,"node_ind":6,"point":[0.7687825296572106,2.728845655470497,0.8667718472356324]},{"is_grounded":0,"node_ind":7,"point":[0.7263768631431318,2.800424530254484,2.0999998924806027]},{"is_grounded":0,"node_ind":8,"point":[1.5553521273653284,0.8442981053200879,0.21139173374756756]},{"is_grounded":1,"node_ind":9,"point":[1.6050310610094645,0.14939788130342563,5.750222893675428e-18]},{"is_grounded":0,"node_ind":10,"point":[1.5738169708076801,0.0,0.4227834674951351]},{"is_grounded":0,"node_ind":11,"point":[1.6362451512112488,0.29879576260685126,0.4227834674951351]},{"is_grounded":1,"node_ind":12,"point":[2.189764862473288,0.5651879008961482,1.2634111240141606e-17]},{"is_grounded":0,"node_ind":13,"point":[2.0402896008046785,0.5817115488464656,0.4227834674951351]},{"is_grounded":0,"node_ind":14,"point":[2.3392401241418983,0.5486642529458308,0.4227834674951351]}]}