{"assembly_sequence":[{"Deformation":null,"compliance":0.0,"holdPartIDs":[],"installPartIDs":[12,33],"partDirections":null},{"Deformation":null,"compliance":0.0,"holdPartIDs":[],"installPartIDs":[29,36,38],"partDirections":null},{"Deformation":null,"compliance":0.0,"holdPartIDs":[],"installPartIDs":[4,7,13,14],"partDirections":null},{"Deformation":null,"compliance":0.0,"holdPartIDs":[],"installPartIDs":[21,22,23,37],"partDirections":null},{"Deformation":null,"compliance":0.0,"holdPartIDs":[],"installPartIDs":[1,3],"partDirections":null},{"Deformation":null,"compliance":0.0,"holdPartIDs":[],"installPartIDs":[0,6,17,34],"partDirections":null},{"Deformation":null,"compliance":0.0,"holdPartIDs":[],"installPartIDs":[2,5,9,11],"partDirections":null},{"Deformation":null,"compliance":0.0,"holdPartIDs":[],"installPartIDs":[10,15,16,31],"partDirections":null},{"Deformation":null,"compliance":0.0,"holdPartIDs":[],"installPartIDs":[8,19,20,24],"partDirections":null},{"Deformation":null,"compliance":0.0,"holdPartIDs":[],"installPartIDs":[18,26,30,35],"partDirections":null},{"Deformation":null,"compliance":0.0,"holdPartIDs":[],"installPartIDs":[25,27,28,32],"partDirections":null}],"benchmark_compliance":0.0001064675697549112,"benchmark_time":0.979125743,"cross_secs":[{"A":7.853981633974483e-05}],"elements":[{"end_node_inds":[0,1]},{"end_node_inds":[0,2]},{"end_node_inds":[1,2]},{"end_node_inds":[2,3]},{"end_node_inds":[0,4]},{"end_node_inds":[1,4]},{"end_node_inds":[2,4]},{"end_node_inds":[3,4]},{"end_node_inds":[0,6]},{"end_node_inds":[1,6]},{"end_node_inds":[4,6]},{"end_node_inds":[5,6]},{"end_node_inds":[0,7]},{"end_node_inds":[4,7]},{"end_node_inds":[5,7]},{"end_node_inds":[6,7]},{"end_node_inds":[2,8]},{"end_node_inds":[4,8]},{"end_node_inds":[2,9]},{"end_node_inds":[4,9]},{"end_node_inds":[8,9]},{"end_node_inds":[4,10]},{"end_node_inds":[7,10]},{"end_node_inds":[8,10]},{"end_node_inds":[9,10]},{"end_node_inds":[5,11]},{"end_node_inds":[6,11]},{"end_node_inds":[7,11]},{"end_node_inds":[10,11]},{"end_node_inds":[8,12]},{"end_node_inds":[9,12]},{"end_node_inds":[10,12]},{"end_node_inds":[11,12]},{"end_node_inds":[7,13]},{"end_node_inds":[10,13]},{"end_node_inds":[11,13]},{"end_node_inds":[12,13]},{"end_node_inds":[10,14]},{"end_node_inds":[12,14]}],"materials":[{"E":129000000.0,"G12":46071428.57142857,"density":58.0}],"nodes":[{"is_grounded":1,"node_ind":0,"point":[0.0,1.0953135698933665,0.0]},{"is_grounded":0,"node_ind":1,"point":[0.13775345602927513,0.9406220062647557,1.6473028740072837]},{"is_grounded":0,"node_ind":2,"point":[0.2344724205106654,2.152602766067477,1.6473028740072837]},{"is_grounded":1,"node_ind":3,"point":[0.3981237835143734,2.686300102691889,0.0]},{"is_grounded":0,"node_ind":4,"point":[0.9210203159579107,1.6060620884736776,0.411825718501821]},{"is_grounded":1,"node_ind":5,"point":[1.4531817433369136,0.0,0.0]},{"is_grounded":0,"node_ind":6,"point":[1.1365318440304468,0.18954659150227668,1.647302874007284]},{"is_grounded":0,"node_ind":7,"point":[1.468453540455335,1.0120807024331107,0.411825718501821]},{"is_grounded":1,"node_ind":8,"point":[1.895806169935736,2.988740148624756,0.0]},{"is_grounded":0,"node_ind":9,"point":[1.5188188051920641,2.9561725686320792,1.647302874007284]},{"is_grounded":0,"node_ind":10,"point":[1.7471118880428906,1.9934500967236333,0.411825718501821]},{"is_grounded":0,"node_ind":11,"point":[2.450190406834477,0.7744389178449875,1.2354771555054629]},{"is_grounded":0,"node_ind":12,"point":[2.751866044175887,1.9789070493981376,1.6473028740072841]},{"is_grounded":1,"node_ind":13,"point":[3.0,0.9360141419235792,0.0]},{"is_grounded":1,"node_ind":14,"point":[2.9745630053668184,2.128015791514374,0.0]}]}