{"assembly_sequence":[{"Deformation":null,"compliance":0.0,"holdPartIDs":[],"installPartIDs":[9],"partDirections":null},{"Deformation":null,"compliance":0.0,"holdPartIDs":[],"installPartIDs":[3,6,33,34],"partDirections":null},{"Deformation":null,"compliance":0.0,"holdPartIDs":[],"installPartIDs":[0,5,8,26],"partDirections":null},{"Deformation":null,"compliance":0.0,"holdPartIDs":[],"installPartIDs":[7,19,22,23],"partDirections":null},{"Deformation":null,"compliance":0.0,"holdPartIDs":[],"installPartIDs":[16,21],"partDirections":null},{"Deformation":null,"compliance":0.0,"holdPartIDs":[],"installPartIDs":[15,20,24,29],"partDirections":null},{"Deformation":null,"compliance":0.0,"holdPartIDs":[],"installPartIDs":[4,12,14,28],"partDirections":null},{"Deformation":null,"compliance":0.0,"holdPartIDs":[],"installPartIDs":[2,10,11,27],"partDirections":null},{"Deformation":null,"compliance":0.0,"holdPartIDs":[],"installPartIDs":[1,13,17,25],"partDirections":null},{"Deformation":null,"compliance":0.0,"holdPartIDs":[],"installPartIDs":[18,30,31,32],"partDirections":null}],"benchmark_compliance":3.859633463346089e-05,"benchmark_time":0.979107759,"cross_secs":[{"A":7.853981633974483e-05}],"elements":[{"end_node_inds":[0,1]},{"end_node_inds":[0,2]},{"end_node_inds":[1,2]},{"end_node_inds":[3,4]},{"end_node_inds":[1,5]},{"end_node_inds":[1,6]},{"end_node_inds":[5,6]},{"end_node_inds":[5,8]},{"end_node_inds":[6,8]},{"end_node_inds":[7,8]},{"end_node_inds":[1,9]},{"end_node_inds":[2,9]},{"end_node_inds":[0,10]},{"end_node_inds":[2,10]},{"end_node_inds":[9,10]},{"end_node_inds":[3,12]},{"end_node_inds":[4,12]},{"end_node_inds":[7,12]},{"end_node_inds":[8,12]},{"end_node_inds":[11,12]},{"end_node_inds":[3,13]},{"end_node_inds":[4,13]},{"end_node_inds":[11,13]},{"end_node_inds":[12,13]},{"end_node_inds":[10,14]},{"end_node_inds":[1,17]},{"end_node_inds":[6,17]},{"end_node_inds":[8,17]},{"end_node_inds":[9,17]},{"end_node_inds":[10,17]},{"end_node_inds":[11,17]},{"end_node_inds":[12,17]},{"end_node_inds":[13,17]},{"end_node_inds":[14,17]},{"end_node_inds":[17,18]}],"materials":[{"E":129000000.0,"G12":46071428.57142857,"density":58.0}],"nodes":[{"is_grounded":1,"node_ind":0,"point":[0.0,0.1843412536120771,0.045256245387004554]},{"is_grounded":0,"node_ind":1,"point":[0.011812481576936722,0.10242036308783957,0.8447832472241052]},{"is_grounded":0,"node_ind":2,"point":[0.35701982909934343,0.0,0.46751258299618026]},{"is_grounded":1,"node_ind":3,"point":[0.5222145374575384,2.952327599098858,0.04525624538700425]},{"is_grounded":0,"node_ind":4,"point":[0.5197968287490602,2.9291281163073437,0.8447832472241052]},{"is_grounded":1,"node_ind":5,"point":[0.6291236825781257,0.30646492253790175,0.045256245387004554]},{"is_grounded":0,"node_ind":6,"point":[0.628385734995116,0.32975925487703917,0.8447832472241052]},{"is_grounded":1,"node_ind":7,"point":[0.714271338872832,0.8465961520726506,0.045256245387004554]},{"is_grounded":0,"node_ind":8,"point":[0.6992386020134604,0.8478563273108669,0.8447832472241052]},{"is_grounded":0,"node_ind":9,"point":[0.7605883303100486,0.0,0.7007835465187414]},{"is_grounded":0,"node_ind":10,"point":[0.7608225766361717,0.0,0.23464747748224984]},{"is_grounded":1,"node_ind":11,"point":[0.9237426388202643,2.853990288412018,0.04525624538700456]},{"is_grounded":0,"node_ind":12,"point":[0.8324644199170121,2.701718138270703,0.8447832472241052]},{"is_grounded":0,"node_ind":13,"point":[1.0185519762698374,3.0,0.8447832472241052]},{"is_grounded":1,"node_ind":14,"point":[1.098440744464231,0.14331518490847026,0.022628122693502273]},{"is_grounded":1,"node_ind":15,"point":[1.0914615676672892,2.4892328855211088,0.0]},{"is_grounded":1,"node_ind":16,"point":[1.1159810997096662,0.7006743281132098,0.07488145428228932]},{"is_grounded":0,"node_ind":17,"point":[1.1210672379329,0.1357689775276594,0.8447832472241052]},{"is_grounded":1,"node_ind":18,"point":[1.121097891496442,0.2866233701843207,0.0905124907740091]}]}