{"assembly_sequence":[{"Deformation":null,"compliance":0.0,"holdPartIDs":[],"installPartIDs":[7],"partDirections":null},{"Deformation":null,"compliance":0.0,"holdPartIDs":[],"installPartIDs":[20,26,30,35],"partDirections":null},{"Deformation":null,"compliance":0.0,"holdPartIDs":[],"installPartIDs":[15,19,25,27],"partDirections":null},{"Deformation":null,"compliance":0.0,"holdPartIDs":[],"installPartIDs":[11,14,17,22],"partDirections":null},{"Deformation":null,"compliance":0.0,"holdPartIDs":[],"installPartIDs":[6,29,31,34],"partDirections":null},{"Deformation":null,"compliance":0.0,"holdPartIDs":[],"installPartIDs":[2,3,4,5],"partDirections":null},{"Deformation":null,"compliance":0.0,"holdPartIDs":[],"installPartIDs":[0,1,16],"partDirections":null},{"Deformation":null,"compliance":0.0,"holdPartIDs":[],"installPartIDs":[10,12,18,32],"partDirections":null},{"Deformation":null,"compliance":0.0,"holdPartIDs":[],"installPartIDs":[8,21,23,28],"partDirections":null},{"Deformation":null,"compliance":0.0,"holdPartIDs":[],"installPartIDs":[9,13,24,33],"partDirections":null}],"benchmark_compliance":0.0001098141218338706,"benchmark_time":0.981161115,"cross_secs":[{"A":7.853981633974483e-05}],"elements":[{"end_node_inds":[0,1]},{"end_node_inds":[0,2]},{"end_node_inds":[1,2]},{"end_node_inds":[1,3]},{"end_node_inds":[2,3]},{"end_node_inds":[2,5]},{"end_node_inds":[3,5]},{"end_node_inds":[4,5]},{"end_node_inds":[0,6]},{"end_node_inds":[1,6]},{"end_node_inds":[1,7]},{"end_node_inds":[6,7]},{"end_node_inds":[0,8]},{"end_node_inds":[2,8]},{"end_node_inds":[6,8]},{"end_node_inds":[7,8]},{"end_node_inds":[1,9]},{"end_node_inds":[8,9]},{"end_node_inds":[2,10]},{"end_node_inds":[8,10]},{"end_node_inds":[9,10]},{"end_node_inds":[1,11]},{"end_node_inds":[10,11]},{"end_node_inds":[2,12]},{"end_node_inds":[5,12]},{"end_node_inds":[10,12]},{"end_node_inds":[11,12]},{"end_node_inds":[12,13]},{"end_node_inds":[5,14]},{"end_node_inds":[12,14]},{"end_node_inds":[13,14]},{"end_node_inds":[14,15]},{"end_node_inds":[4,16]},{"end_node_inds":[5,16]},{"end_node_inds":[14,16]},{"end_node_inds":[15,16]}],"materials":[{"E":129000000.0,"G12":46071428.57142857,"density":58.0}],"nodes":[{"is_grounded":0,"node_ind":0,"point":[0.0,1.5113084623720157,0.8750146682142582]},{"is_grounded":0,"node_ind":1,"point":[0.2127857095700386,1.759254583654877,0.28754633687399206]},{"is_grounded":0,"node_ind":2,"point":[0.4839933784669615,2.139965565281373,1.05001760185711]},{"is_grounded":1,"node_ind":3,"point":[0.6292167601691229,2.3614400789811207,0.0]},{"is_grounded":1,"node_ind":4,"point":[0.9299235404255753,2.994547611468251,0.09764394035022302]},{"is_grounded":0,"node_ind":5,"point":[0.9304309732069506,3.0,0.9089647237469534]},{"is_grounded":0,"node_ind":6,"point":[0.9597953440214352,0.0,0.8353680834058299]},{"is_grounded":1,"node_ind":7,"point":[1.1834042603312016,0.22470663694627158,0.04117946712806789]},{"is_grounded":0,"node_ind":8,"point":[1.3696203944817005,0.41600401813235977,1.05001760185711]},{"is_grounded":1,"node_ind":9,"point":[1.784835344903433,0.9312044639759538,0.0]},{"is_grounded":0,"node_ind":10,"point":[1.784835344903433,0.9312044639759538,1.05001760185711]},{"is_grounded":1,"node_ind":11,"point":[2.1447864218326482,1.4864254107668626,0.0]},{"is_grounded":0,"node_ind":12,"point":[2.1447864218326482,1.4864254107668626,1.05001760185711]},{"is_grounded":1,"node_ind":13,"point":[2.445646593240143,2.0757627525742337,0.0]},{"is_grounded":0,"node_ind":14,"point":[2.445646593240143,2.0757627525742337,1.05001760185711]},{"is_grounded":1,"node_ind":15,"point":[2.7528154677291825,2.9337342439025407,0.07387973039315857]},{"is_grounded":0,"node_ind":16,"point":[2.7613196711926675,2.972250631194277,0.9509235734135739]}]}