{"assembly_sequence":[{"Deformation":null,"compliance":0.0,"holdPartIDs":[],"installPartIDs":[7],"partDirections":null},{"Deformation":null,"compliance":0.0,"holdPartIDs":[],"installPartIDs":[17,21,22,38],"partDirections":null},{"Deformation":null,"compliance":0.0,"holdPartIDs":[],"installPartIDs":[23,25,35,39],"partDirections":null},{"Deformation":null,"compliance":0.0,"holdPartIDs":[],"installPartIDs":[13,15,16,24],"partDirections":null},{"Deformation":null,"compliance":0.0,"holdPartIDs":[],"installPartIDs":[19,20,28,30],"partDirections":null},{"Deformation":null,"compliance":0.0,"holdPartIDs":[],"installPartIDs":[26,27,34,37],"partDirections":null},{"Deformation":null,"compliance":0.0,"holdPartIDs":[],"installPartIDs":[2,6,10,12],"partDirections":null},{"Deformation":null,"compliance":0.0,"holdPartIDs":[],"installPartIDs":[4,9,11,18],"partDirections":null},{"Deformation":null,"compliance":0.0,"holdPartIDs":[],"installPartIDs":[3,8,14],"partDirections":null},{"Deformation":null,"compliance":0.0,"holdPartIDs":[],"installPartIDs":[29,31,32,36],"partDirections":null},{"Deformation":null,"compliance":0.0,"holdPartIDs":[],"installPartIDs":[0,1,5,33],"partDirections":null}],"benchmark_compliance":5.24217172862545e-06,"benchmark_time":1.608067513,"cross_secs":[{"A":7.853981633974483e-05}],"elements":[{"end_node_inds":[0,1]},{"end_node_inds":[0,2]},{"end_node_inds":[1,2]},{"end_node_inds":[1,3]},{"end_node_inds":[2,3]},{"end_node_inds":[0,4]},{"end_node_inds":[1,4]},{"end_node_inds":[2,4]},{"end_node_inds":[3,4]},{"end_node_inds":[3,5]},{"end_node_inds":[4,5]},{"end_node_inds":[3,6]},{"end_node_inds":[4,6]},{"end_node_inds":[5,6]},{"end_node_inds":[3,7]},{"end_node_inds":[5,7]},{"end_node_inds":[6,7]},{"end_node_inds":[5,8]},{"end_node_inds":[6,8]},{"end_node_inds":[7,8]},{"end_node_inds":[7,9]},{"end_node_inds":[8,9]},{"end_node_inds":[8,10]},{"end_node_inds":[8,11]},{"end_node_inds":[9,11]},{"end_node_inds":[10,11]},{"end_node_inds":[8,13]},{"end_node_inds":[10,13]},{"end_node_inds":[11,13]},{"end_node_inds":[12,14]},{"end_node_inds":[13,14]},{"end_node_inds":[10,15]},{"end_node_inds":[11,15]},{"end_node_inds":[12,15]},{"end_node_inds":[13,15]},{"end_node_inds":[14,15]},{"end_node_inds":[12,16]},{"end_node_inds":[13,16]},{"end_node_inds":[14,16]},{"end_node_inds":[15,16]}],"materials":[{"E":129000000.0,"G12":46071428.57142857,"density":58.0}],"nodes":[{"is_grounded":0,"node_ind":0,"point":[0.12473912164227012,1.8787942971965585,0.32594246002956234]},{"is_grounded":0,"node_ind":1,"point":[0.0,1.1010588072519076,0.23281143461667272]},{"is_grounded":1,"node_ind":2,"point":[0.2333824630277087,0.8696472628342082,0.0016358477527974305]},{"is_grounded":0,"node_ind":3,"point":[0.4349784302936484,0.4662677516304664,0.467864586524216]},{"is_grounded":0,"node_ind":4,"point":[0.39568234600374996,0.7852547874029523,0.2346290432308921]},{"is_grounded":1,"node_ind":5,"point":[1.073227549416978,0.20045731624125884,0.0]},{"is_grounded":0,"node_ind":6,"point":[0.944975576568942,0.3281024783402995,0.464956412741465]},{"is_grounded":0,"node_ind":7,"point":[1.1977658762653203,0.042306655488281546,0.4650775866490796]},{"is_grounded":0,"node_ind":8,"point":[1.8147496313395064,0.19106848505192411,0.459140065175963]},{"is_grounded":1,"node_ind":9,"point":[1.8148845976099524,0.0,0.0004241086766511857]},{"is_grounded":1,"node_ind":10,"point":[2.2715601119746722,0.33588720501728453,0.008603347440638337]},{"is_grounded":0,"node_ind":11,"point":[2.366850493305837,0.2335558911722304,0.4676222387089867]},{"is_grounded":0,"node_ind":12,"point":[2.9777504073618664,2.0922068336770434,0.2201320995350782]},{"is_grounded":0,"node_ind":13,"point":[2.5814804802379787,0.5762502064754557,0.45986710862165076]},{"is_grounded":1,"node_ind":14,"point":[3.0,1.1812667255577325,0.004301673720319169]},{"is_grounded":0,"node_ind":15,"point":[2.992024591773156,0.9635556949166515,0.22881269566539011]},{"is_grounded":0,"node_ind":16,"point":[2.9162022864369868,1.2401199707962811,0.462048238958714]}]}