{"assembly_sequence":[{"Deformation":null,"compliance":0.0,"holdPartIDs":[],"installPartIDs":[22,25],"partDirections":null},{"Deformation":null,"compliance":0.0,"holdPartIDs":[],"installPartIDs":[17,21,26,63],"partDirections":null},{"Deformation":null,"compliance":0.0,"holdPartIDs":[],"installPartIDs":[27,28,62],"partDirections":null},{"Deformation":null,"compliance":0.0,"holdPartIDs":[],"installPartIDs":[41,42,46,60],"partDirections":null},{"Deformation":null,"compliance":0.0,"holdPartIDs":[],"installPartIDs":[33,38,45,59],"partDirections":null},{"Deformation":null,"compliance":0.0,"holdPartIDs":[],"installPartIDs":[34,37,58,61],"partDirections":null},{"Deformation":null,"compliance":0.0,"holdPartIDs":[],"installPartIDs":[29,30,32,43],"partDirections":null},{"Deformation":null,"compliance":0.0,"holdPartIDs":[],"installPartIDs":[20,55,56,57],"partDirections":null},{"Deformation":null,"compliance":0.0,"holdPartIDs":[],"installPartIDs":[16,18,24,44],"partDirections":null},{"Deformation":null,"compliance":0.0,"holdPartIDs":[],"installPartIDs":[12,14,49,50],"partDirections":null},{"Deformation":null,"compliance":0.0,"holdPartIDs":[],"installPartIDs":[13,31,35,54],"partDirections":null},{"Deformation":null,"compliance":0.0,"holdPartIDs":[],"installPartIDs":[4,15,23,39],"partDirections":null},{"Deformation":null,"compliance":0.0,"holdPartIDs":[],"installPartIDs":[3,5,19],"partDirections":null},{"Deformation":null,"compliance":0.0,"holdPartIDs":[],"installPartIDs":[0,1,2,11],"partDirections":null},{"Deformation":null,"compliance":0.0,"holdPartIDs":[],"installPartIDs":[6,7,8,48],"partDirections":null},{"Deformation":null,"compliance":0.0,"holdPartIDs":[],"installPartIDs":[9,10,40,47],"partDirections":null},{"Deformation":null,"compliance":0.0,"holdPartIDs":[],"installPartIDs":[36,51,52,53],"partDirections":null}],"benchmark_compliance":0.0002084708866850585,"benchmark_time":5.571254533,"cross_secs":[{"A":7.853981633974483e-05}],"elements":[{"end_node_inds":[0,1]},{"end_node_inds":[0,2]},{"end_node_inds":[0,3]},{"end_node_inds":[1,3]},{"end_node_inds":[2,3]},{"end_node_inds":[3,4]},{"end_node_inds":[2,5]},{"end_node_inds":[3,5]},{"end_node_inds":[4,5]},{"end_node_inds":[4,6]},{"end_node_inds":[5,6]},{"end_node_inds":[0,7]},{"end_node_inds":[1,7]},{"end_node_inds":[2,7]},{"end_node_inds":[1,8]},{"end_node_inds":[3,8]},{"end_node_inds":[7,8]},{"end_node_inds":[7,9]},{"end_node_inds":[8,9]},{"end_node_inds":[2,10]},{"end_node_inds":[2,11]},{"end_node_inds":[7,11]},{"end_node_inds":[9,11]},{"end_node_inds":[3,12]},{"end_node_inds":[8,12]},{"end_node_inds":[11,12]},{"end_node_inds":[11,13]},{"end_node_inds":[11,14]},{"end_node_inds":[13,14]},{"end_node_inds":[13,15]},{"end_node_inds":[14,15]},{"end_node_inds":[2,16]},{"end_node_inds":[10,16]},{"end_node_inds":[11,16]},{"end_node_inds":[14,16]},{"end_node_inds":[2,17]},{"end_node_inds":[5,17]},{"end_node_inds":[10,17]},{"end_node_inds":[16,17]},{"end_node_inds":[3,18]},{"end_node_inds":[4,18]},{"end_node_inds":[12,18]},{"end_node_inds":[13,18]},{"end_node_inds":[14,18]},{"end_node_inds":[15,18]},{"end_node_inds":[16,18]},{"end_node_inds":[17,18]},{"end_node_inds":[4,19]},{"end_node_inds":[5,19]},{"end_node_inds":[17,19]},{"end_node_inds":[18,19]},{"end_node_inds":[4,20]},{"end_node_inds":[5,20]},{"end_node_inds":[6,20]},{"end_node_inds":[19,20]},{"end_node_inds":[14,21]},{"end_node_inds":[15,21]},{"end_node_inds":[18,21]},{"end_node_inds":[16,22]},{"end_node_inds":[17,22]},{"end_node_inds":[18,22]},{"end_node_inds":[17,23]},{"end_node_inds":[18,23]},{"end_node_inds":[22,23]}],"materials":[{"E":129000000.0,"G12":46071428.57142857,"density":58.0}],"nodes":[{"is_grounded":0,"node_ind":0,"point":[0.0,1.5390467910318437,0.3077509845888591]},{"is_grounded":0,"node_ind":1,"point":[0.10719344903541071,0.6149250786664835,0.2671677900100352]},{"is_grounded":0,"node_ind":2,"point":[0.4828623815204353,1.5390467910318437,0.9147888522092954]},{"is_grounded":0,"node_ind":3,"point":[0.34976576473316984,1.8227278456381208,0.19318076419950764]},{"is_grounded":0,"node_ind":4,"point":[0.34976576473318916,2.4083911095254797,0.4560254439441355]},{"is_grounded":0,"node_ind":5,"point":[0.34976576473318916,2.6313876168674817,0.8127548205721772]},{"is_grounded":0,"node_ind":6,"point":[0.3497657647332149,3.0,0.16854889934957176]},{"is_grounded":0,"node_ind":7,"point":[0.587589970176635,0.6149250786664867,0.8025043242516647]},{"is_grounded":0,"node_ind":8,"point":[0.7990800605644858,0.0,0.3263268184862841]},{"is_grounded":1,"node_ind":9,"point":[0.8655481309619275,0.6834133939500872,0.0]},{"is_grounded":0,"node_ind":10,"point":[1.1116840951816136,1.6495440426868764,1.2285753882286048]},{"is_grounded":0,"node_ind":11,"point":[1.037994795317285,1.1170064661569772,0.8779741194672905]},{"is_grounded":1,"node_ind":12,"point":[1.0671383610076526,1.2480358267620144,0.0]},{"is_grounded":1,"node_ind":13,"point":[1.1596585622841182,0.6541628507100938,0.0]},{"is_grounded":0,"node_ind":14,"point":[1.4322001864532357,0.6149250786664964,0.7834422777293707]},{"is_grounded":0,"node_ind":15,"point":[1.2228170736182236,0.014270313972344793,0.3432058718821684]},{"is_grounded":0,"node_ind":16,"point":[1.560270126586535,1.4653819565951542,0.9074025765435279]},{"is_grounded":0,"node_ind":17,"point":[1.6277844786343265,1.760041294341909,1.0450322087568196]},{"is_grounded":0,"node_ind":18,"point":[1.759255090361895,1.6440549011166359,0.22005880939329933]},{"is_grounded":0,"node_ind":19,"point":[1.673466174303217,2.5198893631964823,0.6343901322581572]},{"is_grounded":0,"node_ind":20,"point":[1.6734661743032204,2.999999999999987,0.1685488993496056]},{"is_grounded":0,"node_ind":21,"point":[1.903733206432928,0.6149250786664932,0.2524721041617833]},{"is_grounded":0,"node_ind":22,"point":[2.1188430278532926,1.61271162546853,0.6009378439824915]},{"is_grounded":1,"node_ind":23,"point":[2.2817804761762783,1.61271162546853,0.0729299075992933]}]}