{"assembly_sequence":[{"Deformation":null,"compliance":0.0,"holdPartIDs":[],"installPartIDs":[4,20],"partDirections":null},{"Deformation":null,"compliance":0.0,"holdPartIDs":[],"installPartIDs":[12,13,28,47],"partDirections":null},{"Deformation":null,"compliance":0.0,"holdPartIDs":[],"installPartIDs":[9,14,18,19],"partDirections":null},{"Deformation":null,"compliance":0.0,"holdPartIDs":[],"installPartIDs":[7,21,32,33],"partDirections":null},{"Deformation":null,"compliance":0.0,"holdPartIDs":[],"installPartIDs":[3,44,45,48],"partDirections":null},{"Deformation":null,"compliance":0.0,"holdPartIDs":[],"installPartIDs":[0,15,41,46],"partDirections":null},{"Deformation":null,"compliance":0.0,"holdPartIDs":[],"installPartIDs":[2,8,16,25],"partDirections":null},{"Deformation":null,"compliance":0.0,"holdPartIDs":[],"installPartIDs":[1,17,27,53],"partDirections":null},{"Deformation":null,"compliance":0.0,"holdPartIDs":[],"installPartIDs":[11,35,40,52],"partDirections":null},{"Deformation":null,"compliance":0.0,"holdPartIDs":[],"installPartIDs":[6,36,42,43],"partDirections":null},{"Deformation":null,"compliance":0.0,"holdPartIDs":[],"installPartIDs":[5,26,37,51],"partDirections":null},{"Deformation":null,"compliance":0.0,"holdPartIDs":[],"installPartIDs":[10,38,39,49],"partDirections":null},{"Deformation":null,"compliance":0.0,"holdPartIDs":[],"installPartIDs":[29,30,31,34],"partDirections":null},{"Deformation":null,"compliance":0.0,"holdPartIDs":[],"installPartIDs":[22,23,24,50],"partDirections":null}],"benchmark_compliance":0.003235408056442478,"benchmark_time":6.290340868,"cross_secs":[{"A":7.853981633974483e-05}],"elements":[{"end_node_inds":[0,1]},{"end_node_inds":[0,2]},{"end_node_inds":[1,2]},{"end_node_inds":[0,3]},{"end_node_inds":[1,3]},{"end_node_inds":[2,4]},{"end_node_inds":[4,6]},{"end_node_inds":[1,7]},{"end_node_inds":[2,7]},{"end_node_inds":[3,7]},{"end_node_inds":[4,7]},{"end_node_inds":[6,7]},{"end_node_inds":[3,8]},{"end_node_inds":[5,8]},{"end_node_inds":[7,8]},{"end_node_inds":[0,9]},{"end_node_inds":[2,9]},{"end_node_inds":[6,10]},{"end_node_inds":[7,10]},{"end_node_inds":[8,10]},{"end_node_inds":[5,11]},{"end_node_inds":[8,11]},{"end_node_inds":[7,12]},{"end_node_inds":[8,12]},{"end_node_inds":[10,12]},{"end_node_inds":[2,13]},{"end_node_inds":[4,13]},{"end_node_inds":[6,13]},{"end_node_inds":[9,13]},{"end_node_inds":[8,14]},{"end_node_inds":[10,14]},{"end_node_inds":[11,14]},{"end_node_inds":[5,15]},{"end_node_inds":[11,15]},{"end_node_inds":[14,15]},{"end_node_inds":[6,16]},{"end_node_inds":[6,17]},{"end_node_inds":[10,17]},{"end_node_inds":[14,17]},{"end_node_inds":[16,17]},{"end_node_inds":[6,18]},{"end_node_inds":[13,18]},{"end_node_inds":[16,18]},{"end_node_inds":[17,18]},{"end_node_inds":[5,19]},{"end_node_inds":[9,19]},{"end_node_inds":[15,19]},{"end_node_inds":[9,20]},{"end_node_inds":[13,20]},{"end_node_inds":[14,20]},{"end_node_inds":[15,20]},{"end_node_inds":[17,20]},{"end_node_inds":[18,20]},{"end_node_inds":[19,20]}],"materials":[{"E":129000000.0,"G12":46071428.57142857,"density":58.0}],"nodes":[{"is_grounded":0,"node_ind":0,"point":[0.05420981730900429,0.3168398652364443,0.3886472779767186]},{"is_grounded":0,"node_ind":1,"point":[0.0,1.2703783420960215,0.7739904022641083]},{"is_grounded":0,"node_ind":2,"point":[0.21592571964980037,0.36530605335727007,1.4287729174226627]},{"is_grounded":1,"node_ind":3,"point":[0.26949277035499686,1.7536324497637095,0.0009026456336280798]},{"is_grounded":0,"node_ind":4,"point":[0.8277166716188764,0.27165023749864997,2.175000963408589]},{"is_grounded":1,"node_ind":5,"point":[1.1948444021770206,2.708335230872726,0.0736200010102024]},{"is_grounded":0,"node_ind":6,"point":[1.7693123743146089,0.736931308871039,2.685740037364699]},{"is_grounded":0,"node_ind":7,"point":[1.0790782189476158,1.735366930153468,1.4970218334767407]},{"is_grounded":0,"node_ind":8,"point":[1.2219596524366079,1.94274755398502,1.4382176351226112]},{"is_grounded":1,"node_ind":9,"point":[1.8289723118543864,0.5861488879432357,0.0]},{"is_grounded":0,"node_ind":10,"point":[1.2966077088783696,1.8225279171755566,1.6344653152894617]},{"is_grounded":0,"node_ind":11,"point":[1.7004853321256783,3.0,0.660494321408656]},{"is_grounded":0,"node_ind":12,"point":[1.6607905199540935,1.3410460512532325,1.0493628252994156]},{"is_grounded":0,"node_ind":13,"point":[2.189035971476457,0.0,0.5090914390185782]},{"is_grounded":0,"node_ind":14,"point":[2.4905074856435903,2.7614924766347597,1.4469477096929626]},{"is_grounded":0,"node_ind":15,"point":[2.529595139173805,2.9660442421005646,0.33236780411038974]},{"is_grounded":0,"node_ind":16,"point":[2.6689216708364527,0.24552779346802725,2.6213455567326083]},{"is_grounded":0,"node_ind":17,"point":[2.526067701432421,1.649256584729935,2.493311083374569]},{"is_grounded":0,"node_ind":18,"point":[2.622916438245821,0.49255441185330295,1.2346950582469345]},{"is_grounded":0,"node_ind":19,"point":[2.4775267932862217,2.1067978852786653,0.1446721088720192]},{"is_grounded":0,"node_ind":20,"point":[2.9311097637413566,0.635411655570743,0.4274162689605215]}]}