{"assembly_sequence":[{"Deformation":null,"compliance":0.0,"holdPartIDs":[],"installPartIDs":[6,23],"partDirections":null},{"Deformation":null,"compliance":0.0,"holdPartIDs":[],"installPartIDs":[22,32,34,38],"partDirections":null},{"Deformation":null,"compliance":0.0,"holdPartIDs":[],"installPartIDs":[13,16,19,25],"partDirections":null},{"Deformation":null,"compliance":0.0,"holdPartIDs":[],"installPartIDs":[27,28,29,31],"partDirections":null},{"Deformation":null,"compliance":0.0,"holdPartIDs":[],"installPartIDs":[14,17,26,35],"partDirections":null},{"Deformation":null,"compliance":0.0,"holdPartIDs":[],"installPartIDs":[12,21,30,33],"partDirections":null},{"Deformation":null,"compliance":0.0,"holdPartIDs":[],"installPartIDs":[15,24,39,40],"partDirections":null},{"Deformation":null,"compliance":0.0,"holdPartIDs":[],"installPartIDs":[4,18,20,37],"partDirections":null},{"Deformation":null,"compliance":0.0,"holdPartIDs":[],"installPartIDs":[2,5,36],"partDirections":null},{"Deformation":null,"compliance":0.0,"holdPartIDs":[],"installPartIDs":[1,9,10,11],"partDirections":null},{"Deformation":null,"compliance":0.0,"holdPartIDs":[],"installPartIDs":[0,3,7,8],"partDirections":null}],"benchmark_compliance":0.0002525209198824987,"benchmark_time":1.63379982,"cross_secs":[{"A":7.853981633974483e-05}],"elements":[{"end_node_inds":[0,1]},{"end_node_inds":[0,2]},{"end_node_inds":[1,2]},{"end_node_inds":[0,3]},{"end_node_inds":[2,3]},{"end_node_inds":[2,4]},{"end_node_inds":[3,4]},{"end_node_inds":[0,5]},{"end_node_inds":[1,5]},{"end_node_inds":[2,5]},{"end_node_inds":[0,6]},{"end_node_inds":[0,7]},{"end_node_inds":[5,7]},{"end_node_inds":[3,8]},{"end_node_inds":[4,8]},{"end_node_inds":[5,8]},{"end_node_inds":[7,8]},{"end_node_inds":[4,9]},{"end_node_inds":[5,9]},{"end_node_inds":[8,9]},{"end_node_inds":[2,10]},{"end_node_inds":[5,10]},{"end_node_inds":[6,10]},{"end_node_inds":[7,10]},{"end_node_inds":[9,10]},{"end_node_inds":[8,11]},{"end_node_inds":[4,12]},{"end_node_inds":[7,12]},{"end_node_inds":[8,12]},{"end_node_inds":[9,12]},{"end_node_inds":[10,12]},{"end_node_inds":[11,12]},{"end_node_inds":[4,13]},{"end_node_inds":[6,13]},{"end_node_inds":[11,13]},{"end_node_inds":[12,13]},{"end_node_inds":[2,14]},{"end_node_inds":[4,14]},{"end_node_inds":[6,14]},{"end_node_inds":[10,14]},{"end_node_inds":[13,14]}],"materials":[{"E":129000000.0,"G12":46071428.57142857,"density":58.0}],"nodes":[{"is_grounded":0,"node_ind":0,"point":[0.02574220892016653,1.6418967581498676,0.23548532340467768]},{"is_grounded":0,"node_ind":1,"point":[0.0,1.963126094181428,0.9324993596139295]},{"is_grounded":0,"node_ind":2,"point":[0.5015255980233656,1.4818496602809403,1.2740335775188123]},{"is_grounded":1,"node_ind":3,"point":[0.18894938991553517,0.0,0.07584982571779049]},{"is_grounded":0,"node_ind":4,"point":[0.24504394558804224,0.0,1.0930845052898506]},{"is_grounded":0,"node_ind":5,"point":[0.16578645017555452,3.0,0.4983842159033441]},{"is_grounded":1,"node_ind":6,"point":[1.1188826840208184,1.803623924668254,0.003923982237429302]},{"is_grounded":1,"node_ind":7,"point":[1.0623473285998195,2.997552618633001,0.15755995536947234]},{"is_grounded":0,"node_ind":8,"point":[0.6115835990658255,1.2008484574075047,0.4155464509502366]},{"is_grounded":0,"node_ind":9,"point":[0.6111439114705981,1.2008484574075047,0.7586754168911115]},{"is_grounded":0,"node_ind":10,"point":[1.055113565954493,3.0,1.0134894256540234]},{"is_grounded":1,"node_ind":11,"point":[1.1375222595329884,0.0,0.0]},{"is_grounded":0,"node_ind":12,"point":[0.9168569482626457,1.2008484574075047,0.6002768322191452]},{"is_grounded":0,"node_ind":13,"point":[1.2832300434658075,0.0,0.950204607738759]},{"is_grounded":0,"node_ind":14,"point":[1.437295640119579,1.6418947022806816,0.887216453692018]}]}