{"assembly_sequence":[{"Deformation":null,"compliance":0.0,"holdPartIDs":[],"installPartIDs":[46,58,60],"partDirections":null},{"Deformation":null,"compliance":0.0,"holdPartIDs":[],"installPartIDs":[44,45,57,71],"partDirections":null},{"Deformation":null,"compliance":0.0,"holdPartIDs":[],"installPartIDs":[30,40,41,70],"partDirections":null},{"Deformation":null,"compliance":0.0,"holdPartIDs":[],"installPartIDs":[22,27,43,52],"partDirections":null},{"Deformation":null,"compliance":0.0,"holdPartIDs":[],"installPartIDs":[24,25,29,55],"partDirections":null},{"Deformation":null,"compliance":0.0,"holdPartIDs":[],"installPartIDs":[28,42,76,78],"partDirections":null},{"Deformation":null,"compliance":0.0,"holdPartIDs":[],"installPartIDs":[20,54,75,88],"partDirections":null},{"Deformation":null,"compliance":0.0,"holdPartIDs":[],"installPartIDs":[5,12,77,87],"partDirections":null},{"Deformation":null,"compliance":0.0,"holdPartIDs":[],"installPartIDs":[19,23,68,72],"partDirections":null},{"Deformation":null,"compliance":0.0,"holdPartIDs":[],"installPartIDs":[7,38,64,97],"partDirections":null},{"Deformation":null,"compliance":0.0,"holdPartIDs":[],"installPartIDs":[8,13,21,98],"partDirections":null},{"Deformation":null,"compliance":0.0,"holdPartIDs":[],"installPartIDs":[62,66,67,100],"partDirections":null},{"Deformation":null,"compliance":0.0,"holdPartIDs":[],"installPartIDs":[11,39,48,56],"partDirections":null},{"Deformation":null,"compliance":0.0,"holdPartIDs":[],"installPartIDs":[59,65,69,96],"partDirections":null},{"Deformation":null,"compliance":0.0,"holdPartIDs":[],"installPartIDs":[16,26,73,85],"partDirections":null},{"Deformation":null,"compliance":0.0,"holdPartIDs":[],"installPartIDs":[15,74,86,95],"partDirections":null},{"Deformation":null,"compliance":0.0,"holdPartIDs":[],"installPartIDs":[6,17,35,49],"partDirections":null},{"Deformation":null,"compliance":0.0,"holdPartIDs":[],"installPartIDs":[2,4,91,93],"partDirections":null},{"Deformation":null,"compliance":0.0,"holdPartIDs":[],"installPartIDs":[9,89,92,101],"partDirections":null},{"Deformation":null,"compliance":0.0,"holdPartIDs":[],"installPartIDs":[82,83,84,99],"partDirections":null},{"Deformation":null,"compliance":0.0,"holdPartIDs":[],"installPartIDs":[10,37,81,94],"partDirections":null},{"Deformation":null,"compliance":0.0,"holdPartIDs":[],"installPartIDs":[1,47,61,79],"partDirections":null},{"Deformation":null,"compliance":0.0,"holdPartIDs":[],"installPartIDs":[3,14,36,50],"partDirections":null},{"Deformation":null,"compliance":0.0,"holdPartIDs":[],"installPartIDs":[0,18,33,53],"partDirections":null},{"Deformation":null,"compliance":0.0,"holdPartIDs":[],"installPartIDs":[34,51,90],"partDirections":null},{"Deformation":null,"compliance":0.0,"holdPartIDs":[],"installPartIDs":[31,32,63,80],"partDirections":null}],"benchmark_compliance":0.00022400585577554864,"benchmark_time":120.273700029,"cross_secs":[{"A":7.853981633974483e-05}],"elements":[{"end_node_inds":[0,1]},{"end_node_inds":[0,2]},{"end_node_inds":[0,3]},{"end_node_inds":[1,3]},{"end_node_inds":[0,4]},{"end_node_inds":[3,4]},{"end_node_inds":[0,5]},{"end_node_inds":[3,5]},{"end_node_inds":[4,5]},{"end_node_inds":[0,6]},{"end_node_inds":[2,6]},{"end_node_inds":[3,6]},{"end_node_inds":[4,6]},{"end_node_inds":[5,6]},{"end_node_inds":[1,7]},{"end_node_inds":[3,7]},{"end_node_inds":[4,7]},{"end_node_inds":[6,7]},{"end_node_inds":[1,8]},{"end_node_inds":[3,9]},{"end_node_inds":[4,9]},{"end_node_inds":[5,9]},{"end_node_inds":[6,9]},{"end_node_inds":[3,10]},{"end_node_inds":[4,10]},{"end_node_inds":[6,10]},{"end_node_inds":[7,10]},{"end_node_inds":[9,10]},{"end_node_inds":[4,11]},{"end_node_inds":[6,11]},{"end_node_inds":[9,11]},{"end_node_inds":[2,12]},{"end_node_inds":[1,13]},{"end_node_inds":[7,13]},{"end_node_inds":[8,13]},{"end_node_inds":[0,14]},{"end_node_inds":[1,14]},{"end_node_inds":[2,14]},{"end_node_inds":[4,14]},{"end_node_inds":[6,14]},{"end_node_inds":[9,14]},{"end_node_inds":[11,14]},{"end_node_inds":[4,15]},{"end_node_inds":[6,15]},{"end_node_inds":[9,15]},{"end_node_inds":[11,15]},{"end_node_inds":[14,15]},{"end_node_inds":[2,16]},{"end_node_inds":[6,16]},{"end_node_inds":[7,16]},{"end_node_inds":[1,17]},{"end_node_inds":[8,17]},{"end_node_inds":[11,17]},{"end_node_inds":[13,17]},{"end_node_inds":[4,18]},{"end_node_inds":[6,18]},{"end_node_inds":[7,18]},{"end_node_inds":[11,18]},{"end_node_inds":[15,18]},{"end_node_inds":[16,18]},{"end_node_inds":[17,18]},{"end_node_inds":[2,19]},{"end_node_inds":[6,19]},{"end_node_inds":[12,19]},{"end_node_inds":[6,20]},{"end_node_inds":[16,20]},{"end_node_inds":[17,20]},{"end_node_inds":[18,20]},{"end_node_inds":[19,20]},{"end_node_inds":[16,21]},{"end_node_inds":[17,21]},{"end_node_inds":[18,21]},{"end_node_inds":[20,21]},{"end_node_inds":[7,22]},{"end_node_inds":[16,22]},{"end_node_inds":[17,22]},{"end_node_inds":[18,22]},{"end_node_inds":[20,22]},{"end_node_inds":[21,22]},{"end_node_inds":[2,23]},{"end_node_inds":[12,23]},{"end_node_inds":[16,23]},{"end_node_inds":[17,23]},{"end_node_inds":[19,23]},{"end_node_inds":[20,23]},{"end_node_inds":[7,24]},{"end_node_inds":[16,24]},{"end_node_inds":[20,24]},{"end_node_inds":[22,24]},{"end_node_inds":[7,25]},{"end_node_inds":[13,25]},{"end_node_inds":[17,25]},{"end_node_inds":[20,25]},{"end_node_inds":[22,25]},{"end_node_inds":[23,25]},{"end_node_inds":[7,26]},{"end_node_inds":[16,26]},{"end_node_inds":[20,26]},{"end_node_inds":[22,26]},{"end_node_inds":[23,26]},{"end_node_inds":[24,26]},{"end_node_inds":[25,26]}],"materials":[{"E":129000000.0,"G12":46071428.57142857,"density":58.0}],"nodes":[{"is_grounded":0,"node_ind":0,"point":[0.0,1.1964665563380574,0.5486927532798606]},{"is_grounded":0,"node_ind":1,"point":[0.3475472512463041,2.303754400229971,0.5630608597192936]},{"is_grounded":0,"node_ind":2,"point":[0.7422300185906144,0.2961160773711545,0.5395704682679526]},{"is_grounded":0,"node_ind":3,"point":[0.3935640360120939,1.466019170083773,2.0896958061452184]},{"is_grounded":0,"node_ind":4,"point":[0.6622835405152324,1.549860346376405,1.8964773659728882]},{"is_grounded":0,"node_ind":5,"point":[0.39451319077477737,1.3281623372210973,1.886343897298546]},{"is_grounded":0,"node_ind":6,"point":[1.00977895703705,1.1101995494208212,2.1855082177086564]},{"is_grounded":0,"node_ind":7,"point":[1.1623035230564598,1.9791019016946183,2.1855082177086564]},{"is_grounded":0,"node_ind":8,"point":[0.9181169506689535,3.0,0.4067485552484966]},{"is_grounded":0,"node_ind":9,"point":[0.9180131078339693,1.2966406291154855,1.854936179807916]},{"is_grounded":0,"node_ind":10,"point":[0.751751431262229,1.4882064414490284,2.0086154713269364]},{"is_grounded":0,"node_ind":11,"point":[1.0080065234554978,1.5163173986943312,1.9688206035826286]},{"is_grounded":0,"node_ind":12,"point":[1.8022617851167855,0.0,0.4067388618495556]},{"is_grounded":0,"node_ind":13,"point":[1.7164366276913952,2.531027375988359,0.5478315110201754]},{"is_grounded":1,"node_ind":14,"point":[1.0656999936141827,1.4230111688145286,0.0]},{"is_grounded":0,"node_ind":15,"point":[1.0656999936141827,1.4230111688145286,2.1855082177086564]},{"is_grounded":0,"node_ind":16,"point":[1.4795098811770173,0.9400662120572022,2.1855082177086564]},{"is_grounded":1,"node_ind":17,"point":[1.26497931584338,1.5310274251696026,0.0]},{"is_grounded":0,"node_ind":18,"point":[1.26497931584338,1.5310274251696026,2.1855082177086564]},{"is_grounded":1,"node_ind":19,"point":[1.272630167940689,1.3054512213442964,0.0]},{"is_grounded":0,"node_ind":20,"point":[1.7395646661895672,1.3133045025713506,1.8688301926429225]},{"is_grounded":0,"node_ind":21,"point":[1.3793424653319577,1.491832476182008,2.0096843477124775]},{"is_grounded":0,"node_ind":22,"point":[1.724315549826331,1.5537455352096607,1.9006717443091643]},{"is_grounded":0,"node_ind":23,"point":[2.2648210297285174,0.8208131218698083,0.5422608898129035]},{"is_grounded":0,"node_ind":24,"point":[1.6421437388596802,1.5166537535003077,1.972087525004398]},{"is_grounded":0,"node_ind":25,"point":[2.350233047522212,1.795367325747985,0.5758995123966737]},{"is_grounded":0,"node_ind":26,"point":[1.9714025286523398,1.2940430966044907,2.1376020119269374]}]}