{"assembly_sequence":[{"Deformation":null,"compliance":0.0,"holdPartIDs":[],"installPartIDs":[0,3,7],"partDirections":null},{"Deformation":null,"compliance":0.0,"holdPartIDs":[],"installPartIDs":[5,28,39,48],"partDirections":null},{"Deformation":null,"compliance":0.0,"holdPartIDs":[],"installPartIDs":[4,9],"partDirections":null},{"Deformation":null,"compliance":0.0,"holdPartIDs":[],"installPartIDs":[8,44,46,49],"partDirections":null},{"Deformation":null,"compliance":0.0,"holdPartIDs":[],"installPartIDs":[17,21,27],"partDirections":null},{"Deformation":null,"compliance":0.0,"holdPartIDs":[],"installPartIDs":[23,25,37,38],"partDirections":null},{"Deformation":null,"compliance":0.0,"holdPartIDs":[],"installPartIDs":[19,20,22,26],"partDirections":null},{"Deformation":null,"compliance":0.0,"holdPartIDs":[],"installPartIDs":[11,30,40,45],"partDirections":null},{"Deformation":null,"compliance":0.0,"holdPartIDs":[],"installPartIDs":[31,32],"partDirections":null},{"Deformation":null,"compliance":0.0,"holdPartIDs":[],"installPartIDs":[35,42,43,47],"partDirections":null},{"Deformation":null,"compliance":0.0,"holdPartIDs":[],"installPartIDs":[10,18,24,41],"partDirections":null},{"Deformation":null,"compliance":0.0,"holdPartIDs":[],"installPartIDs":[12,15,16,36],"partDirections":null},{"Deformation":null,"compliance":0.0,"holdPartIDs":[],"installPartIDs":[1,14,29,34],"partDirections":null},{"Deformation":null,"compliance":0.0,"holdPartIDs":[],"installPartIDs":[2,6,13,33],"partDirections":null}],"benchmark_compliance":3.648129384242509e-05,"benchmark_time":4.309049349,"cross_secs":[{"A":7.853981633974483e-05}],"elements":[{"end_node_inds":[0,1]},{"end_node_inds":[0,2]},{"end_node_inds":[0,3]},{"end_node_inds":[2,3]},{"end_node_inds":[0,4]},{"end_node_inds":[1,4]},{"end_node_inds":[3,4]},{"end_node_inds":[4,5]},{"end_node_inds":[3,6]},{"end_node_inds":[4,6]},{"end_node_inds":[7,8]},{"end_node_inds":[7,9]},{"end_node_inds":[8,9]},{"end_node_inds":[4,10]},{"end_node_inds":[6,10]},{"end_node_inds":[7,10]},{"end_node_inds":[8,10]},{"end_node_inds":[7,11]},{"end_node_inds":[8,11]},{"end_node_inds":[9,11]},{"end_node_inds":[9,12]},{"end_node_inds":[11,12]},{"end_node_inds":[5,13]},{"end_node_inds":[7,13]},{"end_node_inds":[8,13]},{"end_node_inds":[11,13]},{"end_node_inds":[9,14]},{"end_node_inds":[11,14]},{"end_node_inds":[12,14]},{"end_node_inds":[8,15]},{"end_node_inds":[9,15]},{"end_node_inds":[13,15]},{"end_node_inds":[14,15]},{"end_node_inds":[4,16]},{"end_node_inds":[8,16]},{"end_node_inds":[9,16]},{"end_node_inds":[10,16]},{"end_node_inds":[11,16]},{"end_node_inds":[13,16]},{"end_node_inds":[14,16]},{"end_node_inds":[15,16]},{"end_node_inds":[8,17]},{"end_node_inds":[15,17]},{"end_node_inds":[16,17]},{"end_node_inds":[14,18]},{"end_node_inds":[15,18]},{"end_node_inds":[16,18]},{"end_node_inds":[17,18]},{"end_node_inds":[14,19]},{"end_node_inds":[18,19]}],"materials":[{"E":129000000.0,"G12":46071428.57142857,"density":58.0}],"nodes":[{"is_grounded":0,"node_ind":0,"point":[0.0,0.2368749898169203,0.6306440124440381]},{"is_grounded":1,"node_ind":1,"point":[0.003942352878763913,0.22941264109050385,0.0]},{"is_grounded":1,"node_ind":2,"point":[0.7411209699504858,1.6503677663277732,1.5033843154131865e-07]},{"is_grounded":0,"node_ind":3,"point":[0.7411209699504858,1.6503677663277732,0.6306441627824697]},{"is_grounded":0,"node_ind":4,"point":[0.553782502722582,0.0577761938266793,0.4554650866899317]},{"is_grounded":1,"node_ind":5,"point":[0.5957814134078917,0.0,0.0]},{"is_grounded":1,"node_ind":6,"point":[0.9661830329436792,0.8917617038891782,0.1401432308063441]},{"is_grounded":1,"node_ind":7,"point":[1.562140830916377,1.0684381648540957,0.07007169057238784]},{"is_grounded":0,"node_ind":8,"point":[1.8182389852246075,0.6742274808016413,1.9620033802468795]},{"is_grounded":0,"node_ind":9,"point":[2.1128372661835706,1.4821293176234434,1.9620035775660707]},{"is_grounded":0,"node_ind":10,"point":[1.9722353293322137,0.3603151980521852,0.280286217312737]},{"is_grounded":0,"node_ind":11,"point":[1.8624715350623142,1.1462508564357619,0.5605725285869937]},{"is_grounded":1,"node_ind":12,"point":[1.9594276976723457,1.5943511875317273,1.5033843154131865e-07]},{"is_grounded":0,"node_ind":13,"point":[2.0067568668441047,0.5504533145330114,0.28028623610504094]},{"is_grounded":0,"node_ind":14,"point":[2.537449784849731,1.5374084000856327,0.3328400698073956]},{"is_grounded":0,"node_ind":15,"point":[2.6841612617964694,1.1068276048346057,1.962003549377615]},{"is_grounded":1,"node_ind":16,"point":[2.742735881891723,0.7630924815858442,0.16642002668206482]},{"is_grounded":0,"node_ind":17,"point":[2.7546593309530123,0.495042599616077,1.9620032768892077]},{"is_grounded":0,"node_ind":18,"point":[2.95491170031958,1.1061201215719243,0.28028636765116854]},{"is_grounded":1,"node_ind":19,"point":[3.0,1.899926377390844,0.1401433059755599]}]}