{"assembly_sequence":[{"Deformation":null,"compliance":0.0,"holdPartIDs":[],"installPartIDs":[28],"partDirections":null},{"Deformation":null,"compliance":0.0,"holdPartIDs":[],"installPartIDs":[26,40,43,46],"partDirections":null},{"Deformation":null,"compliance":0.0,"holdPartIDs":[],"installPartIDs":[36,38,42,50],"partDirections":null},{"Deformation":null,"compliance":0.0,"holdPartIDs":[],"installPartIDs":[4,33,48,49],"partDirections":null},{"Deformation":null,"compliance":0.0,"holdPartIDs":[],"installPartIDs":[9,16,21,23],"partDirections":null},{"Deformation":null,"compliance":0.0,"holdPartIDs":[],"installPartIDs":[8,14,15,20],"partDirections":null},{"Deformation":null,"compliance":0.0,"holdPartIDs":[],"installPartIDs":[2,5,7,19],"partDirections":null},{"Deformation":null,"compliance":0.0,"holdPartIDs":[],"installPartIDs":[62,67,74,75],"partDirections":null},{"Deformation":null,"compliance":0.0,"holdPartIDs":[],"installPartIDs":[56,60,61,72],"partDirections":null},{"Deformation":null,"compliance":0.0,"holdPartIDs":[],"installPartIDs":[55,57,69,70],"partDirections":null},{"Deformation":null,"compliance":0.0,"holdPartIDs":[],"installPartIDs":[65,66,68,73],"partDirections":null},{"Deformation":null,"compliance":0.0,"holdPartIDs":[],"installPartIDs":[0,39,64,71],"partDirections":null},{"Deformation":null,"compliance":0.0,"holdPartIDs":[],"installPartIDs":[32,58,59,63],"partDirections":null},{"Deformation":null,"compliance":0.0,"holdPartIDs":[],"installPartIDs":[1,24,51,53],"partDirections":null},{"Deformation":null,"compliance":0.0,"holdPartIDs":[],"installPartIDs":[3,25,52,54],"partDirections":null},{"Deformation":null,"compliance":0.0,"holdPartIDs":[],"installPartIDs":[10,11,27,44],"partDirections":null},{"Deformation":null,"compliance":0.0,"holdPartIDs":[],"installPartIDs":[29,35,45],"partDirections":null},{"Deformation":null,"compliance":0.0,"holdPartIDs":[],"installPartIDs":[6,18,31,34],"partDirections":null},{"Deformation":null,"compliance":0.0,"holdPartIDs":[],"installPartIDs":[22,37,41,47],"partDirections":null},{"Deformation":null,"compliance":0.0,"holdPartIDs":[],"installPartIDs":[12,13,17,30],"partDirections":null}],"benchmark_compliance":7.506363602852829e-05,"benchmark_time":36.331941188,"cross_secs":[{"A":7.853981633974483e-05}],"elements":[{"end_node_inds":[0,1]},{"end_node_inds":[0,2]},{"end_node_inds":[1,2]},{"end_node_inds":[0,3]},{"end_node_inds":[1,3]},{"end_node_inds":[2,3]},{"end_node_inds":[0,4]},{"end_node_inds":[1,4]},{"end_node_inds":[2,4]},{"end_node_inds":[3,4]},{"end_node_inds":[0,5]},{"end_node_inds":[1,5]},{"end_node_inds":[3,5]},{"end_node_inds":[4,5]},{"end_node_inds":[2,6]},{"end_node_inds":[3,6]},{"end_node_inds":[4,6]},{"end_node_inds":[5,6]},{"end_node_inds":[0,7]},{"end_node_inds":[2,7]},{"end_node_inds":[3,7]},{"end_node_inds":[4,7]},{"end_node_inds":[5,7]},{"end_node_inds":[6,7]},{"end_node_inds":[0,8]},{"end_node_inds":[5,9]},{"end_node_inds":[1,10]},{"end_node_inds":[5,10]},{"end_node_inds":[8,10]},{"end_node_inds":[9,10]},{"end_node_inds":[5,11]},{"end_node_inds":[9,11]},{"end_node_inds":[9,12]},{"end_node_inds":[10,12]},{"end_node_inds":[11,12]},{"end_node_inds":[9,13]},{"end_node_inds":[10,13]},{"end_node_inds":[11,13]},{"end_node_inds":[12,13]},{"end_node_inds":[9,14]},{"end_node_inds":[10,14]},{"end_node_inds":[11,14]},{"end_node_inds":[12,14]},{"end_node_inds":[13,14]},{"end_node_inds":[5,15]},{"end_node_inds":[9,15]},{"end_node_inds":[10,15]},{"end_node_inds":[11,15]},{"end_node_inds":[12,15]},{"end_node_inds":[13,15]},{"end_node_inds":[14,15]},{"end_node_inds":[0,16]},{"end_node_inds":[5,16]},{"end_node_inds":[8,16]},{"end_node_inds":[5,17]},{"end_node_inds":[8,17]},{"end_node_inds":[10,17]},{"end_node_inds":[15,17]},{"end_node_inds":[16,17]},{"end_node_inds":[16,18]},{"end_node_inds":[17,18]},{"end_node_inds":[17,19]},{"end_node_inds":[18,19]},{"end_node_inds":[16,20]},{"end_node_inds":[17,20]},{"end_node_inds":[18,20]},{"end_node_inds":[17,21]},{"end_node_inds":[19,21]},{"end_node_inds":[20,21]},{"end_node_inds":[18,22]},{"end_node_inds":[19,22]},{"end_node_inds":[20,22]},{"end_node_inds":[21,22]},{"end_node_inds":[20,23]},{"end_node_inds":[21,23]},{"end_node_inds":[22,23]}],"materials":[{"E":129000000.0,"G12":46071428.57142857,"density":58.0}],"nodes":[{"is_grounded":0,"node_ind":0,"point":[0.22872252766594142,0.064153011687006,0.17560061681110384]},{"is_grounded":1,"node_ind":1,"point":[0.0,0.6691861941199743,0.09601933175619376]},{"is_grounded":0,"node_ind":2,"point":[0.0854567605004466,0.22632904566463882,0.5235267585911179]},{"is_grounded":0,"node_ind":3,"point":[0.10851154190976899,0.2532098099914034,0.510657443115366]},{"is_grounded":0,"node_ind":4,"point":[0.11079967190898088,0.2459504178393926,0.519489156380564]},{"is_grounded":0,"node_ind":5,"point":[0.8549702336247899,0.0626395481578466,0.7424752311823705]},{"is_grounded":0,"node_ind":6,"point":[0.1174909829985024,0.24179359020062252,0.5229931768900877]},{"is_grounded":0,"node_ind":7,"point":[0.1215615126886685,0.23887055130963913,0.5240241368357865]},{"is_grounded":1,"node_ind":8,"point":[0.8489720876386915,0.7197312578958843,0.0]},{"is_grounded":0,"node_ind":9,"point":[0.7276969677840437,0.5347498118714655,1.3176034173932696]},{"is_grounded":0,"node_ind":10,"point":[0.9596392808883975,0.7881326392761911,0.8224628648989434]},{"is_grounded":0,"node_ind":11,"point":[0.805799870657069,0.4106159601127077,1.6361566874534053]},{"is_grounded":0,"node_ind":12,"point":[0.9100514686047674,0.7702097624162434,1.4649745008401884]},{"is_grounded":0,"node_ind":13,"point":[0.906903952788442,0.7743533827080724,1.4587386724594922]},{"is_grounded":0,"node_ind":14,"point":[0.9149661679058351,0.7763528605818926,1.4485326156703562]},{"is_grounded":0,"node_ind":15,"point":[1.054955911272321,0.5849540715801425,1.4171396126813578]},{"is_grounded":0,"node_ind":16,"point":[1.5147963041348462,0.035740903844024556,0.1578915710991842]},{"is_grounded":0,"node_ind":17,"point":[1.6579104218259808,0.41895484632747837,0.8837217995258105]},{"is_grounded":1,"node_ind":18,"point":[2.019833343469078,0.639895078984299,0.019154134505849782]},{"is_grounded":0,"node_ind":19,"point":[2.366795983716617,0.7460843645354682,0.7605875371083042]},{"is_grounded":0,"node_ind":20,"point":[2.3464287560448946,0.0,0.18429434991185326]},{"is_grounded":0,"node_ind":21,"point":[2.720812747215608,0.09147184033074751,0.8353867761441487]},{"is_grounded":0,"node_ind":22,"point":[2.9278230189262398,0.7014817318387266,0.4445243276199647]},{"is_grounded":1,"node_ind":23,"point":[3.0000000000000004,0.2028487683710756,0.0325336145439427]}]}