{"assembly_sequence":[{"Deformation":null,"compliance":0.0,"holdPartIDs":[],"installPartIDs":[28,32,34,35],"partDirections":null},{"Deformation":null,"compliance":0.0,"holdPartIDs":[],"installPartIDs":[4,16,21,31],"partDirections":null},{"Deformation":null,"compliance":0.0,"holdPartIDs":[],"installPartIDs":[8,17,22],"partDirections":null},{"Deformation":null,"compliance":0.0,"holdPartIDs":[],"installPartIDs":[2,12,13,18],"partDirections":null},{"Deformation":null,"compliance":0.0,"holdPartIDs":[],"installPartIDs":[9,23,30],"partDirections":null},{"Deformation":null,"compliance":0.0,"holdPartIDs":[],"installPartIDs":[6,7,11,26],"partDirections":null},{"Deformation":null,"compliance":0.0,"holdPartIDs":[],"installPartIDs":[0,1,14,27],"partDirections":null},{"Deformation":null,"compliance":0.0,"holdPartIDs":[],"installPartIDs":[10,19],"partDirections":null},{"Deformation":null,"compliance":0.0,"holdPartIDs":[],"installPartIDs":[3,5,15,33],"partDirections":null},{"Deformation":null,"compliance":0.0,"holdPartIDs":[],"installPartIDs":[20,24,25,29],"partDirections":null}],"benchmark_compliance":5.8975467312505285e-05,"benchmark_time":0.944650902,"cross_secs":[{"A":7.853981633974483e-05}],"elements":[{"end_node_inds":[0,1]},{"end_node_inds":[1,2]},{"end_node_inds":[0,3]},{"end_node_inds":[1,3]},{"end_node_inds":[0,4]},{"end_node_inds":[1,4]},{"end_node_inds":[3,4]},{"end_node_inds":[3,5]},{"end_node_inds":[4,5]},{"end_node_inds":[0,6]},{"end_node_inds":[1,6]},{"end_node_inds":[3,6]},{"end_node_inds":[4,6]},{"end_node_inds":[5,6]},{"end_node_inds":[1,7]},{"end_node_inds":[3,8]},{"end_node_inds":[4,8]},{"end_node_inds":[5,8]},{"end_node_inds":[6,8]},{"end_node_inds":[1,9]},{"end_node_inds":[3,9]},{"end_node_inds":[4,9]},{"end_node_inds":[5,9]},{"end_node_inds":[6,9]},{"end_node_inds":[1,10]},{"end_node_inds":[4,10]},{"end_node_inds":[5,10]},{"end_node_inds":[6,10]},{"end_node_inds":[9,10]},{"end_node_inds":[1,11]},{"end_node_inds":[6,11]},{"end_node_inds":[9,11]},{"end_node_inds":[10,11]},{"end_node_inds":[1,12]},{"end_node_inds":[10,12]},{"end_node_inds":[11,12]}],"materials":[{"E":129000000.0,"G12":46071428.57142857,"density":58.0}],"nodes":[{"is_grounded":1,"node_ind":0,"point":[0.04870843794742074,0.07430496821267929,0.05891285258663332]},{"is_grounded":0,"node_ind":1,"point":[1.2289521629865217,1.349257375717295,0.21457487773057007]},{"is_grounded":1,"node_ind":2,"point":[0.0,2.0582774074413908,0.012022859623440978]},{"is_grounded":0,"node_ind":3,"point":[0.3726471318603773,0.35227401945339004,0.14657947371234606]},{"is_grounded":0,"node_ind":4,"point":[1.2513268502707502,0.16107245408990825,0.25581952610550235]},{"is_grounded":0,"node_ind":5,"point":[1.7194543838709193,0.10679641928041024,0.31943960543174943]},{"is_grounded":0,"node_ind":6,"point":[1.4161344288175717,0.5767520549084222,0.6586864947270783]},{"is_grounded":1,"node_ind":7,"point":[2.697856301587311,2.063187860301233,0.0023311284717905624]},{"is_grounded":1,"node_ind":8,"point":[2.0829944230817157,0.0,0.055782051300257936]},{"is_grounded":1,"node_ind":9,"point":[2.407282365399814,0.20305267688992099,0.0]},{"is_grounded":0,"node_ind":10,"point":[2.857549093571898,0.5918054963230522,0.6739672087200784]},{"is_grounded":0,"node_ind":11,"point":[2.77560703021154,0.9366826654141767,0.5202278702071403]},{"is_grounded":1,"node_ind":12,"point":[3.0,0.9267857885270304,0.07553187463237783]}]}