{"assembly_sequence":[{"Deformation":null,"compliance":0.0,"holdPartIDs":[],"installPartIDs":[14,27,40],"partDirections":null},{"Deformation":null,"compliance":0.0,"holdPartIDs":[],"installPartIDs":[28,30,33,41],"partDirections":null},{"Deformation":null,"compliance":0.0,"holdPartIDs":[],"installPartIDs":[25,32,49,50],"partDirections":null},{"Deformation":null,"compliance":0.0,"holdPartIDs":[],"installPartIDs":[38,39,48,59],"partDirections":null},{"Deformation":null,"compliance":0.0,"holdPartIDs":[],"installPartIDs":[31,57,58,65],"partDirections":null},{"Deformation":null,"compliance":0.0,"holdPartIDs":[],"installPartIDs":[60,62,68,69],"partDirections":null},{"Deformation":null,"compliance":0.0,"holdPartIDs":[],"installPartIDs":[13,24,72,73],"partDirections":null},{"Deformation":null,"compliance":0.0,"holdPartIDs":[],"installPartIDs":[6,8,9],"partDirections":null},{"Deformation":null,"compliance":0.0,"holdPartIDs":[],"installPartIDs":[7,23,61,66],"partDirections":null},{"Deformation":null,"compliance":0.0,"holdPartIDs":[],"installPartIDs":[1,4,21,29],"partDirections":null},{"Deformation":null,"compliance":0.0,"holdPartIDs":[],"installPartIDs":[0,3,5,70],"partDirections":null},{"Deformation":null,"compliance":0.0,"holdPartIDs":[],"installPartIDs":[2,19,20,34],"partDirections":null},{"Deformation":null,"compliance":0.0,"holdPartIDs":[],"installPartIDs":[10,11,12,35],"partDirections":null},{"Deformation":null,"compliance":0.0,"holdPartIDs":[],"installPartIDs":[15,22,26,36],"partDirections":null},{"Deformation":null,"compliance":0.0,"holdPartIDs":[],"installPartIDs":[16,17,18,37],"partDirections":null},{"Deformation":null,"compliance":0.0,"holdPartIDs":[],"installPartIDs":[51,63,67,71],"partDirections":null},{"Deformation":null,"compliance":0.0,"holdPartIDs":[],"installPartIDs":[46,53,56,64],"partDirections":null},{"Deformation":null,"compliance":0.0,"holdPartIDs":[],"installPartIDs":[42,45,47,54],"partDirections":null},{"Deformation":null,"compliance":0.0,"holdPartIDs":[],"installPartIDs":[43,44,52,55],"partDirections":null}],"benchmark_compliance":5.3079069969347297e-05,"benchmark_time":10.547536944,"cross_secs":[{"A":7.853981633974483e-05}],"elements":[{"end_node_inds":[0,1]},{"end_node_inds":[0,2]},{"end_node_inds":[1,3]},{"end_node_inds":[0,4]},{"end_node_inds":[1,4]},{"end_node_inds":[0,5]},{"end_node_inds":[2,5]},{"end_node_inds":[4,5]},{"end_node_inds":[2,6]},{"end_node_inds":[5,6]},{"end_node_inds":[1,7]},{"end_node_inds":[3,7]},{"end_node_inds":[4,7]},{"end_node_inds":[5,8]},{"end_node_inds":[6,8]},{"end_node_inds":[3,9]},{"end_node_inds":[3,10]},{"end_node_inds":[7,10]},{"end_node_inds":[9,10]},{"end_node_inds":[0,11]},{"end_node_inds":[1,11]},{"end_node_inds":[2,11]},{"end_node_inds":[3,11]},{"end_node_inds":[4,11]},{"end_node_inds":[5,11]},{"end_node_inds":[6,11]},{"end_node_inds":[7,11]},{"end_node_inds":[6,12]},{"end_node_inds":[8,12]},{"end_node_inds":[5,13]},{"end_node_inds":[6,13]},{"end_node_inds":[8,13]},{"end_node_inds":[11,13]},{"end_node_inds":[12,13]},{"end_node_inds":[3,14]},{"end_node_inds":[7,14]},{"end_node_inds":[9,14]},{"end_node_inds":[10,14]},{"end_node_inds":[11,14]},{"end_node_inds":[13,14]},{"end_node_inds":[12,15]},{"end_node_inds":[13,15]},{"end_node_inds":[9,16]},{"end_node_inds":[10,16]},{"end_node_inds":[14,16]},{"end_node_inds":[9,17]},{"end_node_inds":[14,17]},{"end_node_inds":[16,17]},{"end_node_inds":[12,18]},{"end_node_inds":[13,18]},{"end_node_inds":[15,18]},{"end_node_inds":[14,19]},{"end_node_inds":[16,19]},{"end_node_inds":[17,19]},{"end_node_inds":[14,20]},{"end_node_inds":[16,20]},{"end_node_inds":[19,20]},{"end_node_inds":[13,21]},{"end_node_inds":[15,21]},{"end_node_inds":[18,21]},{"end_node_inds":[13,22]},{"end_node_inds":[14,22]},{"end_node_inds":[18,22]},{"end_node_inds":[19,22]},{"end_node_inds":[20,22]},{"end_node_inds":[21,22]},{"end_node_inds":[13,23]},{"end_node_inds":[14,23]},{"end_node_inds":[21,23]},{"end_node_inds":[22,23]},{"end_node_inds":[14,24]},{"end_node_inds":[19,24]},{"end_node_inds":[22,24]},{"end_node_inds":[23,24]}],"materials":[{"E":129000000.0,"G12":46071428.57142857,"density":58.0}],"nodes":[{"is_grounded":0,"node_ind":0,"point":[0.0,0.07451188131305815,1.293534782325794]},{"is_grounded":0,"node_ind":1,"point":[0.08364096214428954,0.05122691840272748,1.960166511819898]},{"is_grounded":0,"node_ind":2,"point":[0.23579646921373676,0.07451188131305815,0.6361614579199212]},{"is_grounded":0,"node_ind":3,"point":[0.5270637359502475,0.0,2.552228956790186]},{"is_grounded":0,"node_ind":4,"point":[0.3509206957772865,0.15833774779024856,1.6015360687359108]},{"is_grounded":0,"node_ind":5,"point":[0.5031506309115868,0.15833774779024856,0.8814182036725807]},{"is_grounded":1,"node_ind":6,"point":[0.9074095038862966,0.04424142952962828,0.07669257267241676]},{"is_grounded":0,"node_ind":7,"point":[0.627465999768248,0.15833774779024856,2.2182191927048645]},{"is_grounded":0,"node_ind":8,"point":[0.9558646743930372,0.15833774779024856,0.4035666435566998]},{"is_grounded":0,"node_ind":9,"point":[1.2710730815854547,0.07101913687650856,2.9484448638286027]},{"is_grounded":0,"node_ind":10,"point":[1.1800885350857107,0.15833774779024856,2.5804788333199706]},{"is_grounded":0,"node_ind":11,"point":[1.1623090752581526,0.009313985164132269,1.4759551111950049]},{"is_grounded":0,"node_ind":12,"point":[1.4674581482386886,0.15833774779024856,0.27089850130362897]},{"is_grounded":0,"node_ind":13,"point":[1.7160024058498933,0.009313985164132269,1.2164507530740925]},{"is_grounded":0,"node_ind":14,"point":[1.5934736647397318,0.009313985164132269,1.758424377682339]},{"is_grounded":1,"node_ind":15,"point":[1.9665985095856868,0.08964710720477309,0.0]},{"is_grounded":0,"node_ind":16,"point":[1.806495607513079,0.15833774779024856,2.585503419631087]},{"is_grounded":0,"node_ind":17,"point":[1.8739925544375777,0.07451188131305815,2.936552108815789]},{"is_grounded":0,"node_ind":18,"point":[2.2535370146330544,0.15833774779024856,0.5458629053259405]},{"is_grounded":0,"node_ind":19,"point":[2.5597100853921817,0.09313985164132269,2.5492479691945777]},{"is_grounded":0,"node_ind":20,"point":[2.4107859800694453,0.15833774779024856,2.2182191927048645]},{"is_grounded":0,"node_ind":21,"point":[2.718155911103806,0.1350527848799179,0.4838258797818696]},{"is_grounded":0,"node_ind":22,"point":[2.6763474183993825,0.15833774779024856,1.371254239583369]},{"is_grounded":0,"node_ind":23,"point":[3.0,0.04424142952962828,1.1995514610073015]},{"is_grounded":0,"node_ind":24,"point":[2.94603897444109,0.013970977746198404,1.9449415548279785]}]}