{"assembly_sequence":[{"Deformation":null,"compliance":0.0,"holdPartIDs":[],"installPartIDs":[11,20,34,55],"partDirections":null},{"Deformation":null,"compliance":0.0,"holdPartIDs":[],"installPartIDs":[4,30,45],"partDirections":null},{"Deformation":null,"compliance":0.0,"holdPartIDs":[],"installPartIDs":[28,29,36,72],"partDirections":null},{"Deformation":null,"compliance":0.0,"holdPartIDs":[],"installPartIDs":[18,67,70,79],"partDirections":null},{"Deformation":null,"compliance":0.0,"holdPartIDs":[],"installPartIDs":[37,38,78],"partDirections":null},{"Deformation":null,"compliance":0.0,"holdPartIDs":[],"installPartIDs":[1,3,12,31],"partDirections":null},{"Deformation":null,"compliance":0.0,"holdPartIDs":[],"installPartIDs":[40,42,43,44],"partDirections":null},{"Deformation":null,"compliance":0.0,"holdPartIDs":[],"installPartIDs":[41,50,51,52],"partDirections":null},{"Deformation":null,"compliance":0.0,"holdPartIDs":[],"installPartIDs":[56,58,60,64],"partDirections":null},{"Deformation":null,"compliance":0.0,"holdPartIDs":[],"installPartIDs":[48,59,63,65],"partDirections":null},{"Deformation":null,"compliance":0.0,"holdPartIDs":[],"installPartIDs":[49,57,61,62],"partDirections":null},{"Deformation":null,"compliance":0.0,"holdPartIDs":[],"installPartIDs":[17,26,69,71],"partDirections":null},{"Deformation":null,"compliance":0.0,"holdPartIDs":[],"installPartIDs":[8,10,19,32],"partDirections":null},{"Deformation":null,"compliance":0.0,"holdPartIDs":[],"installPartIDs":[9,27,33],"partDirections":null},{"Deformation":null,"compliance":0.0,"holdPartIDs":[],"installPartIDs":[6,7,16,25],"partDirections":null},{"Deformation":null,"compliance":0.0,"holdPartIDs":[],"installPartIDs":[13,14,15,39],"partDirections":null},{"Deformation":null,"compliance":0.0,"holdPartIDs":[],"installPartIDs":[5,47,54,77],"partDirections":null},{"Deformation":null,"compliance":0.0,"holdPartIDs":[],"installPartIDs":[46,53,74,80],"partDirections":null},{"Deformation":null,"compliance":0.0,"holdPartIDs":[],"installPartIDs":[22,24,68,73],"partDirections":null},{"Deformation":null,"compliance":0.0,"holdPartIDs":[],"installPartIDs":[23,35,66,76],"partDirections":null},{"Deformation":null,"compliance":0.0,"holdPartIDs":[],"installPartIDs":[0,2,21,75],"partDirections":null}],"benchmark_compliance":0.0002211461480319891,"benchmark_time":62.181555457,"cross_secs":[{"A":7.853981633974483e-05}],"elements":[{"end_node_inds":[0,1]},{"end_node_inds":[1,2]},{"end_node_inds":[0,3]},{"end_node_inds":[1,3]},{"end_node_inds":[2,3]},{"end_node_inds":[1,4]},{"end_node_inds":[2,4]},{"end_node_inds":[3,4]},{"end_node_inds":[4,5]},{"end_node_inds":[4,6]},{"end_node_inds":[5,6]},{"end_node_inds":[2,7]},{"end_node_inds":[3,7]},{"end_node_inds":[4,7]},{"end_node_inds":[5,7]},{"end_node_inds":[6,7]},{"end_node_inds":[4,8]},{"end_node_inds":[5,8]},{"end_node_inds":[7,8]},{"end_node_inds":[6,9]},{"end_node_inds":[7,9]},{"end_node_inds":[0,10]},{"end_node_inds":[1,10]},{"end_node_inds":[3,10]},{"end_node_inds":[7,10]},{"end_node_inds":[4,11]},{"end_node_inds":[5,11]},{"end_node_inds":[6,11]},{"end_node_inds":[7,11]},{"end_node_inds":[8,11]},{"end_node_inds":[9,11]},{"end_node_inds":[3,12]},{"end_node_inds":[4,12]},{"end_node_inds":[6,12]},{"end_node_inds":[7,12]},{"end_node_inds":[10,12]},{"end_node_inds":[11,12]},{"end_node_inds":[7,13]},{"end_node_inds":[12,13]},{"end_node_inds":[4,14]},{"end_node_inds":[7,14]},{"end_node_inds":[8,14]},{"end_node_inds":[11,14]},{"end_node_inds":[12,14]},{"end_node_inds":[13,14]},{"end_node_inds":[7,15]},{"end_node_inds":[10,15]},{"end_node_inds":[4,16]},{"end_node_inds":[7,16]},{"end_node_inds":[8,16]},{"end_node_inds":[12,16]},{"end_node_inds":[13,16]},{"end_node_inds":[14,16]},{"end_node_inds":[1,17]},{"end_node_inds":[3,17]},{"end_node_inds":[7,17]},{"end_node_inds":[16,17]},{"end_node_inds":[8,18]},{"end_node_inds":[13,18]},{"end_node_inds":[14,18]},{"end_node_inds":[16,18]},{"end_node_inds":[12,19]},{"end_node_inds":[13,19]},{"end_node_inds":[14,19]},{"end_node_inds":[16,19]},{"end_node_inds":[18,19]},{"end_node_inds":[3,20]},{"end_node_inds":[7,20]},{"end_node_inds":[10,20]},{"end_node_inds":[12,20]},{"end_node_inds":[15,20]},{"end_node_inds":[16,20]},{"end_node_inds":[17,20]},{"end_node_inds":[10,21]},{"end_node_inds":[20,21]},{"end_node_inds":[1,22]},{"end_node_inds":[10,22]},{"end_node_inds":[16,22]},{"end_node_inds":[17,22]},{"end_node_inds":[20,22]},{"end_node_inds":[21,22]}],"materials":[{"E":129000000.0,"G12":46071428.57142857,"density":58.0}],"nodes":[{"is_grounded":0,"node_ind":0,"point":[0.5136623600167055,0.06067953343803566,1.2161946763425742]},{"is_grounded":0,"node_ind":1,"point":[0.0,0.5983167438292248,0.28683071968388396]},{"is_grounded":1,"node_ind":2,"point":[0.23457025644705612,1.3470969067907217,0.03309165893176371]},{"is_grounded":0,"node_ind":3,"point":[0.15396879017124612,1.0138557281449956,0.4665916864208342]},{"is_grounded":0,"node_ind":4,"point":[0.10265389738692417,2.5912922162652974,0.39480858116284384]},{"is_grounded":0,"node_ind":5,"point":[0.1232505473157027,2.688952415779836,0.5339096748426704]},{"is_grounded":0,"node_ind":6,"point":[0.1814435315842549,2.713592789175704,0.14806163889221005]},{"is_grounded":0,"node_ind":7,"point":[1.1456500397349323,1.783978399457871,0.6914431197485801]},{"is_grounded":0,"node_ind":8,"point":[0.9630418327690636,3.0,0.673194165263911]},{"is_grounded":1,"node_ind":9,"point":[0.8773625548379883,2.509289775323751,0.0]},{"is_grounded":0,"node_ind":10,"point":[1.1388228565390621,0.7758496765203715,0.5551686915059352]},{"is_grounded":0,"node_ind":11,"point":[0.9111868227066714,2.8716658756734983,0.26516343809687]},{"is_grounded":1,"node_ind":12,"point":[1.0685217408210257,2.0348980559503476,0.0024192427107166555]},{"is_grounded":0,"node_ind":13,"point":[1.4895009783599535,2.3275865631379027,0.40259284465641393]},{"is_grounded":0,"node_ind":14,"point":[1.316162475406946,2.826125691142488,0.3999421983816082]},{"is_grounded":1,"node_ind":15,"point":[1.345619361615831,1.594815688902511,0.08095037752248843]},{"is_grounded":0,"node_ind":16,"point":[1.941305148793875,2.5073201510204393,0.47613888092821754]},{"is_grounded":1,"node_ind":17,"point":[2.095713254984402,1.3445613067070727,0.048355646297154935]},{"is_grounded":0,"node_ind":18,"point":[2.0868930515577824,2.648830212414245,0.4860632177231767]},{"is_grounded":0,"node_ind":19,"point":[2.0503940167421955,2.713592738336583,0.14806163889221005]},{"is_grounded":0,"node_ind":20,"point":[2.0915745262250183,1.0075254755568814,0.5088840113455506]},{"is_grounded":0,"node_ind":21,"point":[2.106771142372962,0.0,1.2446959491658918]},{"is_grounded":0,"node_ind":22,"point":[2.2318372612972484,0.5983166760437307,0.28683071968388396]}]}