{"assembly_sequence":[{"Deformation":null,"compliance":0.0,"holdPartIDs":[],"installPartIDs":[7,19,21,25],"partDirections":null},{"Deformation":null,"compliance":0.0,"holdPartIDs":[],"installPartIDs":[4,6,15,22],"partDirections":null},{"Deformation":null,"compliance":0.0,"holdPartIDs":[],"installPartIDs":[18,23,24,26],"partDirections":null},{"Deformation":null,"compliance":0.0,"holdPartIDs":[],"installPartIDs":[14,30,31,32],"partDirections":null},{"Deformation":null,"compliance":0.0,"holdPartIDs":[],"installPartIDs":[3,17,27,41],"partDirections":null},{"Deformation":null,"compliance":0.0,"holdPartIDs":[],"installPartIDs":[0,1,38],"partDirections":null},{"Deformation":null,"compliance":0.0,"holdPartIDs":[],"installPartIDs":[2,5,35,39],"partDirections":null},{"Deformation":null,"compliance":0.0,"holdPartIDs":[],"installPartIDs":[8,16,29,33],"partDirections":null},{"Deformation":null,"compliance":0.0,"holdPartIDs":[],"installPartIDs":[9,10,13,20],"partDirections":null},{"Deformation":null,"compliance":0.0,"holdPartIDs":[],"installPartIDs":[12,34,37,42],"partDirections":null},{"Deformation":null,"compliance":0.0,"holdPartIDs":[],"installPartIDs":[11,28,36,40],"partDirections":null}],"benchmark_compliance":0.0002835907614805621,"benchmark_time":0.950752761,"cross_secs":[{"A":7.853981633974483e-05}],"elements":[{"end_node_inds":[0,1]},{"end_node_inds":[0,2]},{"end_node_inds":[1,2]},{"end_node_inds":[0,4]},{"end_node_inds":[3,4]},{"end_node_inds":[0,5]},{"end_node_inds":[3,5]},{"end_node_inds":[4,5]},{"end_node_inds":[0,6]},{"end_node_inds":[2,6]},{"end_node_inds":[5,6]},{"end_node_inds":[1,7]},{"end_node_inds":[2,7]},{"end_node_inds":[6,7]},{"end_node_inds":[3,8]},{"end_node_inds":[5,8]},{"end_node_inds":[6,8]},{"end_node_inds":[0,9]},{"end_node_inds":[3,9]},{"end_node_inds":[8,9]},{"end_node_inds":[6,10]},{"end_node_inds":[8,10]},{"end_node_inds":[9,10]},{"end_node_inds":[9,11]},{"end_node_inds":[10,11]},{"end_node_inds":[10,12]},{"end_node_inds":[11,12]},{"end_node_inds":[0,13]},{"end_node_inds":[1,13]},{"end_node_inds":[6,13]},{"end_node_inds":[9,13]},{"end_node_inds":[10,13]},{"end_node_inds":[12,13]},{"end_node_inds":[6,14]},{"end_node_inds":[7,14]},{"end_node_inds":[13,14]},{"end_node_inds":[1,15]},{"end_node_inds":[7,15]},{"end_node_inds":[13,15]},{"end_node_inds":[14,15]},{"end_node_inds":[1,16]},{"end_node_inds":[13,16]},{"end_node_inds":[15,16]}],"materials":[{"E":129000000.0,"G12":46071428.57142857,"density":58.0}],"nodes":[{"is_grounded":0,"node_ind":0,"point":[0.2519086489986008,2.4679658262353805,0.16459812792865547]},{"is_grounded":0,"node_ind":1,"point":[0.0,3.0,0.11970768909703941]},{"is_grounded":0,"node_ind":2,"point":[0.13979552605114556,2.73398291311769,0.7225866467165325]},{"is_grounded":0,"node_ind":3,"point":[0.4712457779377466,0.0,0.27498513527461427]},{"is_grounded":1,"node_ind":4,"point":[0.42428334310044935,0.5227261034402665,0.09934607068232727]},{"is_grounded":0,"node_ind":5,"point":[0.6702901425515019,0.7039087064191278,0.60714875354486]},{"is_grounded":0,"node_ind":6,"point":[0.7780786977638058,2.4679658262353805,0.8432074394642955]},{"is_grounded":0,"node_ind":7,"point":[0.6932449620334141,3.0,1.0923903000459756]},{"is_grounded":0,"node_ind":8,"point":[0.8733398156019911,1.390073014062679,0.6362543480633707]},{"is_grounded":1,"node_ind":9,"point":[0.8629124334941973,1.5812422032943474,0.0]},{"is_grounded":0,"node_ind":10,"point":[1.0502514976248891,0.739585089244311,0.5882052334261593]},{"is_grounded":0,"node_ind":11,"point":[1.272702971730506,0.028131326889085782,0.2709008640992573]},{"is_grounded":1,"node_ind":12,"point":[1.2402043569789245,0.6476214305427562,0.09972500648056849]},{"is_grounded":0,"node_ind":13,"point":[1.473916217989794,2.4679658262353805,0.16459812792865547]},{"is_grounded":0,"node_ind":14,"point":[1.3941383586765064,2.4679658262353805,0.8906141228366862]},{"is_grounded":0,"node_ind":15,"point":[1.3941383586765064,3.0,0.8906141228366862]},{"is_grounded":0,"node_ind":16,"point":[1.7258248669883947,3.0,0.11970768909703941]}]}