{"assembly_sequence":[{"Deformation":null,"compliance":0.0,"holdPartIDs":[],"installPartIDs":[3,12,21,26],"partDirections":null},{"Deformation":null,"compliance":0.0,"holdPartIDs":[],"installPartIDs":[19,20,22,24],"partDirections":null},{"Deformation":null,"compliance":0.0,"holdPartIDs":[],"installPartIDs":[0,4,10,17],"partDirections":null},{"Deformation":null,"compliance":0.0,"holdPartIDs":[],"installPartIDs":[7,27,29,31],"partDirections":null},{"Deformation":null,"compliance":0.0,"holdPartIDs":[],"installPartIDs":[5,13,16,28],"partDirections":null},{"Deformation":null,"compliance":0.0,"holdPartIDs":[],"installPartIDs":[2,14,18,30],"partDirections":null},{"Deformation":null,"compliance":0.0,"holdPartIDs":[],"installPartIDs":[9,11,15,23],"partDirections":null},{"Deformation":null,"compliance":0.0,"holdPartIDs":[],"installPartIDs":[1,6,8,25],"partDirections":null}],"benchmark_compliance":9.38537305075022e-05,"benchmark_time":0.659558527,"cross_secs":[{"A":7.853981633974483e-05}],"elements":[{"end_node_inds":[0,1]},{"end_node_inds":[0,3]},{"end_node_inds":[1,3]},{"end_node_inds":[2,3]},{"end_node_inds":[0,4]},{"end_node_inds":[0,5]},{"end_node_inds":[3,5]},{"end_node_inds":[4,5]},{"end_node_inds":[3,6]},{"end_node_inds":[5,6]},{"end_node_inds":[3,8]},{"end_node_inds":[6,8]},{"end_node_inds":[7,8]},{"end_node_inds":[5,9]},{"end_node_inds":[5,10]},{"end_node_inds":[6,10]},{"end_node_inds":[9,10]},{"end_node_inds":[3,11]},{"end_node_inds":[3,12]},{"end_node_inds":[7,12]},{"end_node_inds":[8,12]},{"end_node_inds":[11,12]},{"end_node_inds":[8,13]},{"end_node_inds":[6,14]},{"end_node_inds":[8,14]},{"end_node_inds":[10,14]},{"end_node_inds":[13,14]},{"end_node_inds":[9,16]},{"end_node_inds":[10,16]},{"end_node_inds":[13,16]},{"end_node_inds":[14,16]},{"end_node_inds":[15,16]}],"materials":[{"E":129000000.0,"G12":46071428.57142857,"density":58.0}],"nodes":[{"is_grounded":0,"node_ind":0,"point":[0.0,2.4147047029189412,0.7182263917956313]},{"is_grounded":1,"node_ind":1,"point":[0.04166103569479893,1.9985852234478372,0.03267217275266415]},{"is_grounded":1,"node_ind":2,"point":[0.155940246905424,0.15630288181570615,0.0]},{"is_grounded":0,"node_ind":3,"point":[0.155940246905424,0.15630288181570615,0.7508985645482913]},{"is_grounded":1,"node_ind":4,"point":[0.44290387379381624,2.5288256661767976,0.032672172752666526]},{"is_grounded":0,"node_ind":5,"point":[0.44290387379381624,3.0,0.7182263917956234]},{"is_grounded":0,"node_ind":6,"point":[0.8231135022449421,2.1756532077870876,0.9403023180149419]},{"is_grounded":1,"node_ind":7,"point":[1.1999801762767266,0.5233413504038676,0.03267217275266178]},{"is_grounded":0,"node_ind":8,"point":[1.1999801762767266,0.5233413504038676,0.7182263917956234]},{"is_grounded":1,"node_ind":9,"point":[1.2658883768716902,2.5288256661767976,0.032672172752666526]},{"is_grounded":0,"node_ind":10,"point":[1.2658883768716902,3.0,0.7182263917956234]},{"is_grounded":1,"node_ind":11,"point":[1.4239458334365545,0.0,0.04070884521046864]},{"is_grounded":0,"node_ind":12,"point":[1.4239458334365545,0.0,0.7133587692021147]},{"is_grounded":1,"node_ind":13,"point":[1.6019927349989151,0.9718957323361797,0.03267217275266099]},{"is_grounded":0,"node_ind":14,"point":[1.6019927349989151,0.9718957323361797,0.7182263917956313]},{"is_grounded":1,"node_ind":15,"point":[1.6952589051183518,1.9918796415391373,0.03267217275266336]},{"is_grounded":0,"node_ind":16,"point":[1.733921548469413,2.4147047029189412,0.7182263917956313]}]}