{"assembly_sequence":[{"Deformation":null,"compliance":0.0,"holdPartIDs":[],"installPartIDs":[0,8,19],"partDirections":null},{"Deformation":null,"compliance":0.0,"holdPartIDs":[],"installPartIDs":[13,16,31,55],"partDirections":null},{"Deformation":null,"compliance":0.0,"holdPartIDs":[],"installPartIDs":[11,51],"partDirections":null},{"Deformation":null,"compliance":0.0,"holdPartIDs":[],"installPartIDs":[46,48,52,58],"partDirections":null},{"Deformation":null,"compliance":0.0,"holdPartIDs":[],"installPartIDs":[6,10,18,45],"partDirections":null},{"Deformation":null,"compliance":0.0,"holdPartIDs":[],"installPartIDs":[1,5,17,30],"partDirections":null},{"Deformation":null,"compliance":0.0,"holdPartIDs":[],"installPartIDs":[4,7,9,29],"partDirections":null},{"Deformation":null,"compliance":0.0,"holdPartIDs":[],"installPartIDs":[2,3,14,15],"partDirections":null},{"Deformation":null,"compliance":0.0,"holdPartIDs":[],"installPartIDs":[12,47,50,53],"partDirections":null},{"Deformation":null,"compliance":0.0,"holdPartIDs":[],"installPartIDs":[21,22,32,44],"partDirections":null},{"Deformation":null,"compliance":0.0,"holdPartIDs":[],"installPartIDs":[20,23,25,49],"partDirections":null},{"Deformation":null,"compliance":0.0,"holdPartIDs":[],"installPartIDs":[24,26,27,28],"partDirections":null},{"Deformation":null,"compliance":0.0,"holdPartIDs":[],"installPartIDs":[33,34,35,36],"partDirections":null},{"Deformation":null,"compliance":0.0,"holdPartIDs":[],"installPartIDs":[38,39,43,56],"partDirections":null},{"Deformation":null,"compliance":0.0,"holdPartIDs":[],"installPartIDs":[42,57],"partDirections":null},{"Deformation":null,"compliance":0.0,"holdPartIDs":[],"installPartIDs":[37,40,41,54],"partDirections":null}],"benchmark_compliance":7.692519760158501e-05,"benchmark_time":12.194985052,"cross_secs":[{"A":7.853981633974483e-05}],"elements":[{"end_node_inds":[0,2]},{"end_node_inds":[1,2]},{"end_node_inds":[0,3]},{"end_node_inds":[1,3]},{"end_node_inds":[2,3]},{"end_node_inds":[1,4]},{"end_node_inds":[2,4]},{"end_node_inds":[3,4]},{"end_node_inds":[0,5]},{"end_node_inds":[3,5]},{"end_node_inds":[4,5]},{"end_node_inds":[0,6]},{"end_node_inds":[1,6]},{"end_node_inds":[2,6]},{"end_node_inds":[3,6]},{"end_node_inds":[4,6]},{"end_node_inds":[5,6]},{"end_node_inds":[1,7]},{"end_node_inds":[4,7]},{"end_node_inds":[0,8]},{"end_node_inds":[1,9]},{"end_node_inds":[4,9]},{"end_node_inds":[7,9]},{"end_node_inds":[0,10]},{"end_node_inds":[2,10]},{"end_node_inds":[8,10]},{"end_node_inds":[0,11]},{"end_node_inds":[8,11]},{"end_node_inds":[10,11]},{"end_node_inds":[1,12]},{"end_node_inds":[4,12]},{"end_node_inds":[6,12]},{"end_node_inds":[9,12]},{"end_node_inds":[2,13]},{"end_node_inds":[8,13]},{"end_node_inds":[10,13]},{"end_node_inds":[11,13]},{"end_node_inds":[0,14]},{"end_node_inds":[2,14]},{"end_node_inds":[6,14]},{"end_node_inds":[8,14]},{"end_node_inds":[10,14]},{"end_node_inds":[11,14]},{"end_node_inds":[13,14]},{"end_node_inds":[1,15]},{"end_node_inds":[6,15]},{"end_node_inds":[7,15]},{"end_node_inds":[9,15]},{"end_node_inds":[12,15]},{"end_node_inds":[1,16]},{"end_node_inds":[2,16]},{"end_node_inds":[6,16]},{"end_node_inds":[7,16]},{"end_node_inds":[9,16]},{"end_node_inds":[10,16]},{"end_node_inds":[12,16]},{"end_node_inds":[13,16]},{"end_node_inds":[14,16]},{"end_node_inds":[15,16]}],"materials":[{"E":129000000.0,"G12":46071428.57142857,"density":58.0}],"nodes":[{"is_grounded":0,"node_ind":0,"point":[0.3078243299025194,0.8466046844556483,0.8473319852500577]},{"is_grounded":0,"node_ind":1,"point":[0.2982826557294534,2.280470087868058,0.7508875026383101]},{"is_grounded":1,"node_ind":2,"point":[0.20773946358279016,1.2751493741517415,0.041411626992142826]},{"is_grounded":0,"node_ind":3,"point":[0.013501782236776309,1.7468014459392354,0.6999369607716225]},{"is_grounded":0,"node_ind":4,"point":[0.33275015238374045,2.1503933330482683,0.15859526136658153]},{"is_grounded":1,"node_ind":5,"point":[0.0,1.393295409551081,0.0]},{"is_grounded":0,"node_ind":6,"point":[0.7263516509889558,1.4941426132831677,0.9105896381472748]},{"is_grounded":1,"node_ind":7,"point":[0.7323345700922159,2.8018729947119474,0.002434189676281992]},{"is_grounded":1,"node_ind":8,"point":[0.5691992650539761,0.48564829970857565,0.00019573212916931392]},{"is_grounded":0,"node_ind":9,"point":[1.2470600422703702,3.0,0.3403550868269907]},{"is_grounded":0,"node_ind":10,"point":[1.1651572704733246,0.16374821399394016,0.17726816578218]},{"is_grounded":0,"node_ind":11,"point":[1.3776624599784904,0.0,0.5265177657189996]},{"is_grounded":1,"node_ind":12,"point":[1.215826761444942,1.8922324198189695,0.090093283598783]},{"is_grounded":0,"node_ind":13,"point":[1.5146856034524034,0.44298260849080173,0.13178283150648665]},{"is_grounded":0,"node_ind":14,"point":[1.346990753583286,0.9827463200618083,0.5441192542096878]},{"is_grounded":0,"node_ind":15,"point":[1.3908984241054618,2.3189381200837724,0.2595526523092746]},{"is_grounded":0,"node_ind":16,"point":[1.408789202036797,2.1922791592560356,0.38348806051628864]}]}