{"assembly_sequence":[{"Deformation":null,"compliance":0.0,"holdPartIDs":[],"installPartIDs":[0,6,36,38],"partDirections":null},{"Deformation":null,"compliance":0.0,"holdPartIDs":[],"installPartIDs":[9,13,29,37],"partDirections":null},{"Deformation":null,"compliance":0.0,"holdPartIDs":[],"installPartIDs":[2,10,11,31],"partDirections":null},{"Deformation":null,"compliance":0.0,"holdPartIDs":[],"installPartIDs":[20,22,27,32],"partDirections":null},{"Deformation":null,"compliance":0.0,"holdPartIDs":[],"installPartIDs":[16,18,24,26],"partDirections":null},{"Deformation":null,"compliance":0.0,"holdPartIDs":[],"installPartIDs":[17,21,23,30],"partDirections":null},{"Deformation":null,"compliance":0.0,"holdPartIDs":[],"installPartIDs":[8,14,41,42],"partDirections":null},{"Deformation":null,"compliance":0.0,"holdPartIDs":[],"installPartIDs":[7,15,19,40],"partDirections":null},{"Deformation":null,"compliance":0.0,"holdPartIDs":[],"installPartIDs":[1,28,39,43],"partDirections":null},{"Deformation":null,"compliance":0.0,"holdPartIDs":[],"installPartIDs":[4,25,33,35],"partDirections":null},{"Deformation":null,"compliance":0.0,"holdPartIDs":[],"installPartIDs":[3,5,12,34],"partDirections":null}],"benchmark_compliance":2.3918944122237004e-05,"benchmark_time":1.472855414,"cross_secs":[{"A":7.853981633974483e-05}],"elements":[{"end_node_inds":[0,2]},{"end_node_inds":[1,3]},{"end_node_inds":[2,3]},{"end_node_inds":[0,4]},{"end_node_inds":[2,4]},{"end_node_inds":[3,4]},{"end_node_inds":[0,5]},{"end_node_inds":[1,6]},{"end_node_inds":[5,6]},{"end_node_inds":[0,7]},{"end_node_inds":[2,7]},{"end_node_inds":[3,7]},{"end_node_inds":[4,7]},{"end_node_inds":[5,7]},{"end_node_inds":[6,7]},{"end_node_inds":[1,8]},{"end_node_inds":[3,8]},{"end_node_inds":[6,8]},{"end_node_inds":[7,8]},{"end_node_inds":[1,9]},{"end_node_inds":[3,9]},{"end_node_inds":[6,9]},{"end_node_inds":[7,9]},{"end_node_inds":[8,9]},{"end_node_inds":[3,10]},{"end_node_inds":[4,10]},{"end_node_inds":[7,10]},{"end_node_inds":[9,10]},{"end_node_inds":[1,11]},{"end_node_inds":[5,11]},{"end_node_inds":[6,11]},{"end_node_inds":[7,11]},{"end_node_inds":[9,11]},{"end_node_inds":[8,12]},{"end_node_inds":[9,12]},{"end_node_inds":[4,13]},{"end_node_inds":[5,13]},{"end_node_inds":[7,13]},{"end_node_inds":[11,13]},{"end_node_inds":[7,14]},{"end_node_inds":[8,14]},{"end_node_inds":[9,14]},{"end_node_inds":[10,14]},{"end_node_inds":[12,14]}],"materials":[{"E":129000000.0,"G12":46071428.57142857,"density":58.0}],"nodes":[{"is_grounded":1,"node_ind":0,"point":[0.30526696591134295,0.30072919058544106,0.0]},{"is_grounded":0,"node_ind":1,"point":[0.17417318189007366,0.6100111025883589,2.554972479283501]},{"is_grounded":0,"node_ind":2,"point":[0.0,0.40481813525276533,0.6799937597819936]},{"is_grounded":0,"node_ind":3,"point":[0.1409177285327627,0.34541261438536214,1.6084664790211631]},{"is_grounded":0,"node_ind":4,"point":[0.3320391312200022,0.8697836913098127,0.7633043677182685]},{"is_grounded":0,"node_ind":5,"point":[0.23778298518285407,0.6035575453904563,0.7766749980912234]},{"is_grounded":0,"node_ind":6,"point":[0.2167226661130222,0.42569060717365653,1.911231730611883]},{"is_grounded":0,"node_ind":7,"point":[0.666601365548167,0.14341456221278098,1.4488118917569228]},{"is_grounded":0,"node_ind":8,"point":[0.4619311907803501,0.0,2.2801468454084546]},{"is_grounded":0,"node_ind":9,"point":[0.8670401476537963,0.681226407738816,2.23942851373416]},{"is_grounded":0,"node_ind":10,"point":[0.7614419665167919,0.816337087684258,1.5013915863223215]},{"is_grounded":0,"node_ind":11,"point":[0.7318567652667172,0.6651082905858726,1.377146010388993]},{"is_grounded":0,"node_ind":12,"point":[0.8723692544165658,0.10958830651216021,2.9999999999999996]},{"is_grounded":1,"node_ind":13,"point":[0.9215589735571402,0.6750788036357486,0.3858907147206746]},{"is_grounded":0,"node_ind":14,"point":[1.0037769089263897,0.28669609114154904,2.2587987844978508]}]}