{"assembly_sequence":[{"Deformation":null,"compliance":0.0,"holdPartIDs":[],"installPartIDs":[14,23,40],"partDirections":null},{"Deformation":null,"compliance":0.0,"holdPartIDs":[],"installPartIDs":[12,18,20,22],"partDirections":null},{"Deformation":null,"compliance":0.0,"holdPartIDs":[],"installPartIDs":[16,17,27,28],"partDirections":null},{"Deformation":null,"compliance":0.0,"holdPartIDs":[],"installPartIDs":[5,29,32,35],"partDirections":null},{"Deformation":null,"compliance":0.0,"holdPartIDs":[],"installPartIDs":[33,37,41],"partDirections":null},{"Deformation":null,"compliance":0.0,"holdPartIDs":[],"installPartIDs":[4,11,19,34],"partDirections":null},{"Deformation":null,"compliance":0.0,"holdPartIDs":[],"installPartIDs":[2,24,26,30],"partDirections":null},{"Deformation":null,"compliance":0.0,"holdPartIDs":[],"installPartIDs":[0,1,25,36],"partDirections":null},{"Deformation":null,"compliance":0.0,"holdPartIDs":[],"installPartIDs":[3,6,7,13],"partDirections":null},{"Deformation":null,"compliance":0.0,"holdPartIDs":[],"installPartIDs":[15,21,31,38],"partDirections":null},{"Deformation":null,"compliance":0.0,"holdPartIDs":[],"installPartIDs":[8,9,10,39],"partDirections":null}],"benchmark_compliance":6.316943409332811e-05,"benchmark_time":1.416773173,"cross_secs":[{"A":7.853981633974483e-05}],"elements":[{"end_node_inds":[0,1]},{"end_node_inds":[0,2]},{"end_node_inds":[1,2]},{"end_node_inds":[0,3]},{"end_node_inds":[1,3]},{"end_node_inds":[2,3]},{"end_node_inds":[0,4]},{"end_node_inds":[2,4]},{"end_node_inds":[0,5]},{"end_node_inds":[1,5]},{"end_node_inds":[4,5]},{"end_node_inds":[1,6]},{"end_node_inds":[2,6]},{"end_node_inds":[1,7]},{"end_node_inds":[2,7]},{"end_node_inds":[5,7]},{"end_node_inds":[6,7]},{"end_node_inds":[3,8]},{"end_node_inds":[6,8]},{"end_node_inds":[1,9]},{"end_node_inds":[6,9]},{"end_node_inds":[4,10]},{"end_node_inds":[6,10]},{"end_node_inds":[7,10]},{"end_node_inds":[1,11]},{"end_node_inds":[3,11]},{"end_node_inds":[9,11]},{"end_node_inds":[3,12]},{"end_node_inds":[8,12]},{"end_node_inds":[10,12]},{"end_node_inds":[11,12]},{"end_node_inds":[5,13]},{"end_node_inds":[6,13]},{"end_node_inds":[7,13]},{"end_node_inds":[9,13]},{"end_node_inds":[10,13]},{"end_node_inds":[11,13]},{"end_node_inds":[12,13]},{"end_node_inds":[4,14]},{"end_node_inds":[5,14]},{"end_node_inds":[10,14]},{"end_node_inds":[13,14]}],"materials":[{"E":129000000.0,"G12":46071428.57142857,"density":58.0}],"nodes":[{"is_grounded":0,"node_ind":0,"point":[0.06935599056298135,0.465311017566234,2.61023415269165]},{"is_grounded":0,"node_ind":1,"point":[0.18561638947740655,1.3534153544440062,2.5406592890463457]},{"is_grounded":1,"node_ind":2,"point":[0.0,0.6489722794074867,0.4491167817003471]},{"is_grounded":0,"node_ind":3,"point":[0.3295274166245862,1.5429417718842848,0.6354222877939808]},{"is_grounded":0,"node_ind":4,"point":[0.6479563924166286,0.0,0.729909046935297]},{"is_grounded":0,"node_ind":5,"point":[1.0590986894288172,0.1338399886978872,2.5250975607414485]},{"is_grounded":0,"node_ind":6,"point":[0.854943797218588,1.169055518574776,2.1919557197705553]},{"is_grounded":0,"node_ind":7,"point":[0.9751270907165905,0.5786023414313104,0.8012324296644127]},{"is_grounded":1,"node_ind":8,"point":[0.8905203609465236,1.455319679481071,0.0]},{"is_grounded":0,"node_ind":9,"point":[0.9653199591696946,1.468456018697989,3.0]},{"is_grounded":1,"node_ind":10,"point":[1.4057584473606828,0.7209647119838182,0.05225744623964099]},{"is_grounded":0,"node_ind":11,"point":[1.1345886205796143,1.6627799254702886,2.2110396667129466]},{"is_grounded":0,"node_ind":12,"point":[1.4092561159315213,1.4254003606073653,0.6327344579818454]},{"is_grounded":0,"node_ind":13,"point":[1.5599155068995294,0.9102200839692525,2.5915931560695316]},{"is_grounded":0,"node_ind":14,"point":[1.6505696053902954,0.5860269436995442,0.8881720536579107]}]}