{"assembly_sequence":[{"Deformation":null,"compliance":0.0,"holdPartIDs":[],"installPartIDs":[12,23,43],"partDirections":null},{"Deformation":null,"compliance":0.0,"holdPartIDs":[],"installPartIDs":[3,4,9,11],"partDirections":null},{"Deformation":null,"compliance":0.0,"holdPartIDs":[],"installPartIDs":[17,32,38,41],"partDirections":null},{"Deformation":null,"compliance":0.0,"holdPartIDs":[],"installPartIDs":[8,15,33,37],"partDirections":null},{"Deformation":null,"compliance":0.0,"holdPartIDs":[],"installPartIDs":[7,20,27,35],"partDirections":null},{"Deformation":null,"compliance":0.0,"holdPartIDs":[],"installPartIDs":[1,6,10,16],"partDirections":null},{"Deformation":null,"compliance":0.0,"holdPartIDs":[],"installPartIDs":[0,2,5,14],"partDirections":null},{"Deformation":null,"compliance":0.0,"holdPartIDs":[],"installPartIDs":[13,18,19,46],"partDirections":null},{"Deformation":null,"compliance":0.0,"holdPartIDs":[],"installPartIDs":[29,36,40,45],"partDirections":null},{"Deformation":null,"compliance":0.0,"holdPartIDs":[],"installPartIDs":[25,26,31,39],"partDirections":null},{"Deformation":null,"compliance":0.0,"holdPartIDs":[],"installPartIDs":[24,30,34,42],"partDirections":null},{"Deformation":null,"compliance":0.0,"holdPartIDs":[],"installPartIDs":[21,22,28,44],"partDirections":null}],"benchmark_compliance":5.305699026745932e-05,"benchmark_time":1.755553129,"cross_secs":[{"A":7.853981633974483e-05}],"elements":[{"end_node_inds":[0,1]},{"end_node_inds":[0,3]},{"end_node_inds":[1,3]},{"end_node_inds":[2,3]},{"end_node_inds":[3,4]},{"end_node_inds":[1,5]},{"end_node_inds":[3,5]},{"end_node_inds":[4,5]},{"end_node_inds":[3,6]},{"end_node_inds":[4,6]},{"end_node_inds":[5,6]},{"end_node_inds":[3,7]},{"end_node_inds":[6,7]},{"end_node_inds":[0,8]},{"end_node_inds":[1,8]},{"end_node_inds":[3,8]},{"end_node_inds":[5,8]},{"end_node_inds":[6,8]},{"end_node_inds":[0,9]},{"end_node_inds":[1,9]},{"end_node_inds":[8,9]},{"end_node_inds":[5,10]},{"end_node_inds":[8,10]},{"end_node_inds":[6,11]},{"end_node_inds":[5,12]},{"end_node_inds":[6,12]},{"end_node_inds":[11,12]},{"end_node_inds":[8,13]},{"end_node_inds":[10,13]},{"end_node_inds":[5,14]},{"end_node_inds":[10,14]},{"end_node_inds":[12,14]},{"end_node_inds":[6,15]},{"end_node_inds":[8,15]},{"end_node_inds":[10,15]},{"end_node_inds":[13,15]},{"end_node_inds":[14,15]},{"end_node_inds":[6,16]},{"end_node_inds":[11,16]},{"end_node_inds":[12,16]},{"end_node_inds":[14,16]},{"end_node_inds":[15,16]},{"end_node_inds":[12,17]},{"end_node_inds":[16,17]},{"end_node_inds":[10,18]},{"end_node_inds":[13,18]},{"end_node_inds":[15,18]}],"materials":[{"E":129000000.0,"G12":46071428.57142857,"density":58.0}],"nodes":[{"is_grounded":0,"node_ind":0,"point":[0.07958841326227668,0.13328654105812407,2.626336914162231]},{"is_grounded":0,"node_ind":1,"point":[0.6307681825027759,0.6746157890024463,2.300503326931016]},{"is_grounded":1,"node_ind":2,"point":[0.0,0.0,0.0]},{"is_grounded":0,"node_ind":3,"point":[0.2716264908171336,0.302412402939248,1.2313057419083773]},{"is_grounded":1,"node_ind":4,"point":[0.5969387013541038,0.8122819626116572,0.1909909280158274]},{"is_grounded":0,"node_ind":5,"point":[1.0829093726610952,0.8506527245583902,0.8472427813261609]},{"is_grounded":0,"node_ind":6,"point":[1.237412463035829,0.05720037413593668,0.8793129229186802]},{"is_grounded":1,"node_ind":7,"point":[0.8795948804977023,0.0,0.00925889281794168]},{"is_grounded":0,"node_ind":8,"point":[1.1527133857145009,0.12836343534069294,2.0356251908327962]},{"is_grounded":0,"node_ind":9,"point":[0.9258892711812255,0.0,2.9907412124270705]},{"is_grounded":0,"node_ind":10,"point":[2.103232680651607,0.6862928136058758,2.513084048099746]},{"is_grounded":1,"node_ind":11,"point":[1.490800517549335,0.0,0.0]},{"is_grounded":0,"node_ind":12,"point":[1.8852277457500495,0.6428375146643717,0.576677174657351]},{"is_grounded":0,"node_ind":13,"point":[1.5417244152240424,0.0,3.0]},{"is_grounded":0,"node_ind":14,"point":[2.239148135214366,0.4723010680999796,1.4627999995248304]},{"is_grounded":0,"node_ind":15,"point":[2.134857428278584,0.0,2.153404903620898]},{"is_grounded":0,"node_ind":16,"point":[2.511652826823722,0.0,0.7592292411412213]},{"is_grounded":1,"node_ind":17,"point":[2.6158747515439424,0.0,0.0]},{"is_grounded":0,"node_ind":18,"point":[2.6158747515439424,0.0,3.0]}]}