{"assembly_sequence":[{"Deformation":null,"compliance":0.0,"holdPartIDs":[],"installPartIDs":[17],"partDirections":null},{"Deformation":null,"compliance":0.0,"holdPartIDs":[],"installPartIDs":[1,8,37,59],"partDirections":null},{"Deformation":null,"compliance":0.0,"holdPartIDs":[],"installPartIDs":[29,31,33,51],"partDirections":null},{"Deformation":null,"compliance":0.0,"holdPartIDs":[],"installPartIDs":[15,21,22,36],"partDirections":null},{"Deformation":null,"compliance":0.0,"holdPartIDs":[],"installPartIDs":[2,18,30,45],"partDirections":null},{"Deformation":null,"compliance":0.0,"holdPartIDs":[],"installPartIDs":[6,13,54],"partDirections":null},{"Deformation":null,"compliance":0.0,"holdPartIDs":[],"installPartIDs":[5,7,16,48],"partDirections":null},{"Deformation":null,"compliance":0.0,"holdPartIDs":[],"installPartIDs":[41,42,47,50],"partDirections":null},{"Deformation":null,"compliance":0.0,"holdPartIDs":[],"installPartIDs":[4,19,27,43],"partDirections":null},{"Deformation":null,"compliance":0.0,"holdPartIDs":[],"installPartIDs":[3,14,39,55],"partDirections":null},{"Deformation":null,"compliance":0.0,"holdPartIDs":[],"installPartIDs":[28,38,40,44],"partDirections":null},{"Deformation":null,"compliance":0.0,"holdPartIDs":[],"installPartIDs":[10,11,20,56],"partDirections":null},{"Deformation":null,"compliance":0.0,"holdPartIDs":[],"installPartIDs":[0,9,12,57],"partDirections":null},{"Deformation":null,"compliance":0.0,"holdPartIDs":[],"installPartIDs":[25,46,49,58],"partDirections":null},{"Deformation":null,"compliance":0.0,"holdPartIDs":[],"installPartIDs":[24,32,35,53],"partDirections":null},{"Deformation":null,"compliance":0.0,"holdPartIDs":[],"installPartIDs":[23,26,34,52],"partDirections":null}],"benchmark_compliance":9.735012604888005e-05,"benchmark_time":20.613792858,"cross_secs":[{"A":7.853981633974483e-05}],"elements":[{"end_node_inds":[0,1]},{"end_node_inds":[2,3]},{"end_node_inds":[0,4]},{"end_node_inds":[2,4]},{"end_node_inds":[3,4]},{"end_node_inds":[1,5]},{"end_node_inds":[0,6]},{"end_node_inds":[1,6]},{"end_node_inds":[5,6]},{"end_node_inds":[0,7]},{"end_node_inds":[2,7]},{"end_node_inds":[3,7]},{"end_node_inds":[4,7]},{"end_node_inds":[0,9]},{"end_node_inds":[4,9]},{"end_node_inds":[5,9]},{"end_node_inds":[6,9]},{"end_node_inds":[8,9]},{"end_node_inds":[0,10]},{"end_node_inds":[4,10]},{"end_node_inds":[7,10]},{"end_node_inds":[8,10]},{"end_node_inds":[9,10]},{"end_node_inds":[2,11]},{"end_node_inds":[7,11]},{"end_node_inds":[10,11]},{"end_node_inds":[1,12]},{"end_node_inds":[5,12]},{"end_node_inds":[6,12]},{"end_node_inds":[8,12]},{"end_node_inds":[9,12]},{"end_node_inds":[12,13]},{"end_node_inds":[1,14]},{"end_node_inds":[12,14]},{"end_node_inds":[1,15]},{"end_node_inds":[6,15]},{"end_node_inds":[12,15]},{"end_node_inds":[14,15]},{"end_node_inds":[8,16]},{"end_node_inds":[9,16]},{"end_node_inds":[10,16]},{"end_node_inds":[12,16]},{"end_node_inds":[13,16]},{"end_node_inds":[14,16]},{"end_node_inds":[15,16]},{"end_node_inds":[10,17]},{"end_node_inds":[11,17]},{"end_node_inds":[16,17]},{"end_node_inds":[10,18]},{"end_node_inds":[11,18]},{"end_node_inds":[16,18]},{"end_node_inds":[17,18]},{"end_node_inds":[2,19]},{"end_node_inds":[11,19]},{"end_node_inds":[17,19]},{"end_node_inds":[18,19]},{"end_node_inds":[2,20]},{"end_node_inds":[7,20]},{"end_node_inds":[11,20]},{"end_node_inds":[19,20]}],"materials":[{"E":129000000.0,"G12":46071428.57142857,"density":58.0}],"nodes":[{"is_grounded":1,"node_ind":0,"point":[0.0,1.5626601751885612,0.08767873174594765]},{"is_grounded":0,"node_ind":1,"point":[0.2137289337581458,0.0,0.11690525689779165]},{"is_grounded":0,"node_ind":2,"point":[0.2137289337581458,2.9989968293042275,0.23380713895724597]},{"is_grounded":1,"node_ind":3,"point":[0.2137289337581458,3.0,1.6874191686669321e-06]},{"is_grounded":0,"node_ind":4,"point":[0.2139331114775545,1.8233478487708223,0.23380713895724597]},{"is_grounded":1,"node_ind":5,"point":[0.5820106984484568,0.6509862244372255,1.6874191686669321e-06]},{"is_grounded":0,"node_ind":6,"point":[0.5820106984484568,0.6509861189735274,0.23380882637641462]},{"is_grounded":0,"node_ind":7,"point":[0.6015526998407885,2.41142302624777,0.11690441318820731]},{"is_grounded":1,"node_ind":8,"point":[1.275504540968024,1.3899732568669962,1.6874191686669321e-06]},{"is_grounded":0,"node_ind":9,"point":[1.275504540968024,1.3899734677943922,0.23380713895724597]},{"is_grounded":0,"node_ind":10,"point":[1.275504540968024,1.7169190524283595,0.11690441318820731]},{"is_grounded":0,"node_ind":11,"point":[1.9493728548464102,2.411423131711468,0.11690399133341514]},{"is_grounded":0,"node_ind":12,"point":[1.9689140125291575,0.6509863299009235,0.1753561979275188]},{"is_grounded":1,"node_ind":13,"point":[1.968914856238742,0.8593311836784944,1.6874191686669321e-06]},{"is_grounded":1,"node_ind":14,"point":[2.3370928446501797,0.0,1.6874191686669321e-06]},{"is_grounded":0,"node_ind":15,"point":[2.3370928446501797,0.0,0.23380882637641462]},{"is_grounded":0,"node_ind":16,"point":[2.549069393601665,1.301972659801847,0.11690441318820731]},{"is_grounded":1,"node_ind":17,"point":[2.549068971746873,1.8233475323797281,0.05845262844889582]},{"is_grounded":0,"node_ind":18,"point":[2.3370928446501797,1.8233478487708223,0.23380713895724597]},{"is_grounded":0,"node_ind":19,"point":[2.3370928446501797,2.9989972511590195,0.23380713895724597]},{"is_grounded":1,"node_ind":20,"point":[2.3370928446501797,2.9999987344356236,0.0]}]}