{"assembly_sequence":[{"Deformation":null,"compliance":0.0,"holdPartIDs":[],"installPartIDs":[4,5,13],"partDirections":null},{"Deformation":null,"compliance":0.0,"holdPartIDs":[],"installPartIDs":[37,40,41],"partDirections":null},{"Deformation":null,"compliance":0.0,"holdPartIDs":[],"installPartIDs":[8,11,39],"partDirections":null},{"Deformation":null,"compliance":0.0,"holdPartIDs":[],"installPartIDs":[15,21,36,43],"partDirections":null},{"Deformation":null,"compliance":0.0,"holdPartIDs":[],"installPartIDs":[17,23,25,26],"partDirections":null},{"Deformation":null,"compliance":0.0,"holdPartIDs":[],"installPartIDs":[0,2,7],"partDirections":null},{"Deformation":null,"compliance":0.0,"holdPartIDs":[],"installPartIDs":[1,3,9,10],"partDirections":null},{"Deformation":null,"compliance":0.0,"holdPartIDs":[],"installPartIDs":[20,22,32,38],"partDirections":null},{"Deformation":null,"compliance":0.0,"holdPartIDs":[],"installPartIDs":[16,19,24,35],"partDirections":null},{"Deformation":null,"compliance":0.0,"holdPartIDs":[],"installPartIDs":[27,30,31,34],"partDirections":null},{"Deformation":null,"compliance":0.0,"holdPartIDs":[],"installPartIDs":[6,14,33,42],"partDirections":null},{"Deformation":null,"compliance":0.0,"holdPartIDs":[],"installPartIDs":[12,18,28,29],"partDirections":null}],"benchmark_compliance":4.706199200334049e-06,"benchmark_time":2.723388863,"cross_secs":[{"A":7.853981633974483e-05}],"elements":[{"end_node_inds":[0,6]},{"end_node_inds":[1,6]},{"end_node_inds":[2,6]},{"end_node_inds":[0,7]},{"end_node_inds":[1,7]},{"end_node_inds":[3,7]},{"end_node_inds":[6,7]},{"end_node_inds":[6,8]},{"end_node_inds":[2,9]},{"end_node_inds":[4,9]},{"end_node_inds":[6,9]},{"end_node_inds":[8,9]},{"end_node_inds":[6,10]},{"end_node_inds":[7,10]},{"end_node_inds":[0,11]},{"end_node_inds":[1,11]},{"end_node_inds":[3,11]},{"end_node_inds":[4,11]},{"end_node_inds":[5,11]},{"end_node_inds":[6,11]},{"end_node_inds":[7,11]},{"end_node_inds":[8,11]},{"end_node_inds":[9,11]},{"end_node_inds":[10,11]},{"end_node_inds":[11,12]},{"end_node_inds":[11,13]},{"end_node_inds":[11,14]},{"end_node_inds":[11,15]},{"end_node_inds":[8,16]},{"end_node_inds":[11,16]},{"end_node_inds":[13,16]},{"end_node_inds":[15,16]},{"end_node_inds":[11,17]},{"end_node_inds":[16,17]},{"end_node_inds":[16,18]},{"end_node_inds":[11,19]},{"end_node_inds":[11,20]},{"end_node_inds":[17,20]},{"end_node_inds":[19,20]},{"end_node_inds":[20,21]},{"end_node_inds":[20,22]},{"end_node_inds":[20,24]},{"end_node_inds":[11,25]},{"end_node_inds":[20,25]}],"materials":[{"E":129000000.0,"G12":46071428.57142857,"density":58.0}],"nodes":[{"is_grounded":1,"node_ind":0,"point":[0.0,1.4265847744427311,0.0]},{"is_grounded":1,"node_ind":1,"point":[0.4116673481378307,1.4265847744427311,0.0]},{"is_grounded":1,"node_ind":2,"point":[0.4116673481378318,0.6358648182480132,0.08677892148467435]},{"is_grounded":1,"node_ind":3,"point":[0.4116673481378295,2.217304730637449,0.08677892148467366]},{"is_grounded":1,"node_ind":4,"point":[1.036474508437578,0.0,0.0]},{"is_grounded":1,"node_ind":5,"point":[1.0364745084375784,2.8531695488854623,0.0]},{"is_grounded":0,"node_ind":6,"point":[0.602832223659157,1.0041093098689229,0.14744337217763911]},{"is_grounded":0,"node_ind":7,"point":[0.602832223659157,1.8490602390165378,0.1474433721776389]},{"is_grounded":1,"node_ind":8,"point":[1.279855715957035,0.8479492390451551,0.06005486269672452]},{"is_grounded":0,"node_ind":9,"point":[0.8209618667473559,0.7038796128034986,0.29488674435527823]},{"is_grounded":1,"node_ind":10,"point":[0.8209618667473559,2.1492899360819635,0.0]},{"is_grounded":0,"node_ind":11,"point":[1.4072725938116417,1.2434389255208178,0.34790272746358797]},{"is_grounded":1,"node_ind":12,"point":[1.6818967237862947,0.26630482804868943,0.0]},{"is_grounded":1,"node_ind":13,"point":[1.6818967237862932,2.5868647208367728,0.0]},{"is_grounded":1,"node_ind":14,"point":[1.9157060819450429,0.14717300973685046,0.0867789214846739]},{"is_grounded":1,"node_ind":15,"point":[1.915706081945042,2.705996539148614,0.08677892148467459]},{"is_grounded":0,"node_ind":16,"point":[1.9774991303334277,2.2957165927545726,0.1474433721776389]},{"is_grounded":1,"node_ind":17,"point":[2.271388287220684,1.1345423301835331,0.0]},{"is_grounded":1,"node_ind":18,"point":[2.092176670180337,2.648657769225162,0.0]},{"is_grounded":1,"node_ind":19,"point":[2.713525491562422,0.5449068960040214,0.0]},{"is_grounded":0,"node_ind":20,"point":[2.474148825397219,1.4265847744427311,0.29488674435527806]},{"is_grounded":1,"node_ind":21,"point":[2.8452531398342544,1.2410326172242132,0.0]},{"is_grounded":1,"node_ind":22,"point":[2.8452531398342544,1.2410326172242132,0.0867789214846739]},{"is_grounded":1,"node_ind":23,"point":[2.8452531398342544,1.612136931661249,0.0]},{"is_grounded":1,"node_ind":24,"point":[2.8452531398342544,1.612136931661249,0.08677892148467435]},{"is_grounded":1,"node_ind":25,"point":[3.0000000000000004,1.9139643187920903,0.0]}]}