{"assembly_sequence":[{"Deformation":null,"compliance":0.0,"holdPartIDs":[],"installPartIDs":[3,9,20],"partDirections":null},{"Deformation":null,"compliance":0.0,"holdPartIDs":[],"installPartIDs":[10,15,23,24],"partDirections":null},{"Deformation":null,"compliance":0.0,"holdPartIDs":[],"installPartIDs":[16,31,33,34],"partDirections":null},{"Deformation":null,"compliance":0.0,"holdPartIDs":[],"installPartIDs":[26,28,29,32],"partDirections":null},{"Deformation":null,"compliance":0.0,"holdPartIDs":[],"installPartIDs":[19,25,27,30],"partDirections":null},{"Deformation":null,"compliance":0.0,"holdPartIDs":[],"installPartIDs":[1,6,7,14],"partDirections":null},{"Deformation":null,"compliance":0.0,"holdPartIDs":[],"installPartIDs":[4,12,13,22],"partDirections":null},{"Deformation":null,"compliance":0.0,"holdPartIDs":[],"installPartIDs":[0,5,8,18],"partDirections":null},{"Deformation":null,"compliance":0.0,"holdPartIDs":[],"installPartIDs":[2,11,17,21],"partDirections":null}],"benchmark_compliance":1.271009703889949e-05,"benchmark_time":1.393950871,"cross_secs":[{"A":7.853981633974483e-05}],"elements":[{"end_node_inds":[0,1]},{"end_node_inds":[0,3]},{"end_node_inds":[1,3]},{"end_node_inds":[2,3]},{"end_node_inds":[0,4]},{"end_node_inds":[1,4]},{"end_node_inds":[2,4]},{"end_node_inds":[3,4]},{"end_node_inds":[1,5]},{"end_node_inds":[3,5]},{"end_node_inds":[4,5]},{"end_node_inds":[1,7]},{"end_node_inds":[3,7]},{"end_node_inds":[4,7]},{"end_node_inds":[5,7]},{"end_node_inds":[6,7]},{"end_node_inds":[7,8]},{"end_node_inds":[0,9]},{"end_node_inds":[3,9]},{"end_node_inds":[7,9]},{"end_node_inds":[8,9]},{"end_node_inds":[1,10]},{"end_node_inds":[5,10]},{"end_node_inds":[6,10]},{"end_node_inds":[7,10]},{"end_node_inds":[8,10]},{"end_node_inds":[6,11]},{"end_node_inds":[7,11]},{"end_node_inds":[8,11]},{"end_node_inds":[9,11]},{"end_node_inds":[10,11]},{"end_node_inds":[7,12]},{"end_node_inds":[9,12]},{"end_node_inds":[10,12]},{"end_node_inds":[11,12]}],"materials":[{"E":129000000.0,"G12":46071428.57142857,"density":58.0}],"nodes":[{"is_grounded":1,"node_ind":0,"point":[0.0,0.31133510662344216,0.08316044301074019]},{"is_grounded":0,"node_ind":1,"point":[1.0201288368897812,0.9692045457589846,0.12474066451611028]},{"is_grounded":1,"node_ind":2,"point":[1.306278577187894,0.1371628272569964,0.0]},{"is_grounded":0,"node_ind":3,"point":[1.306278577187894,0.1371628272569964,0.16632088602148037]},{"is_grounded":0,"node_ind":4,"point":[1.2934202829110906,0.4339899736635129,0.12474066451611028]},{"is_grounded":1,"node_ind":5,"point":[1.4323006777175054,0.424079071810994,0.041580221505370094]},{"is_grounded":1,"node_ind":6,"point":[2.8291214083647778,0.3884967758000086,0.0]},{"is_grounded":0,"node_ind":7,"point":[2.7321340505152336,0.3051756083550244,0.16632088602148037]},{"is_grounded":1,"node_ind":8,"point":[2.824061336273836,0.04956492772869453,0.0]},{"is_grounded":0,"node_ind":9,"point":[2.8641336057868365,0.0,0.16632088602148037]},{"is_grounded":0,"node_ind":10,"point":[2.9264770377698865,0.4424275931924029,0.16632088602148037]},{"is_grounded":0,"node_ind":11,"point":[2.987342753927424,0.14053683030985256,0.16632088602148037]},{"is_grounded":1,"node_ind":12,"point":[3.0,0.26661978267424685,0.0]}]}