{"assembly_sequence":[{"Deformation":null,"compliance":0.0,"holdPartIDs":[],"installPartIDs":[14,19,26],"partDirections":null},{"Deformation":null,"compliance":0.0,"holdPartIDs":[],"installPartIDs":[0,12,17],"partDirections":null},{"Deformation":null,"compliance":0.0,"holdPartIDs":[],"installPartIDs":[10,18,25,39],"partDirections":null},{"Deformation":null,"compliance":0.0,"holdPartIDs":[],"installPartIDs":[3,28,29,37],"partDirections":null},{"Deformation":null,"compliance":0.0,"holdPartIDs":[],"installPartIDs":[11,32,40],"partDirections":null},{"Deformation":null,"compliance":0.0,"holdPartIDs":[],"installPartIDs":[5,33,35,36],"partDirections":null},{"Deformation":null,"compliance":0.0,"holdPartIDs":[],"installPartIDs":[1,2,7,30],"partDirections":null},{"Deformation":null,"compliance":0.0,"holdPartIDs":[],"installPartIDs":[4,6,13,34],"partDirections":null},{"Deformation":null,"compliance":0.0,"holdPartIDs":[],"installPartIDs":[8,9,20,31],"partDirections":null},{"Deformation":null,"compliance":0.0,"holdPartIDs":[],"installPartIDs":[21,23,27,38],"partDirections":null},{"Deformation":null,"compliance":0.0,"holdPartIDs":[],"installPartIDs":[15,16,22,24],"partDirections":null}],"benchmark_compliance":0.0005412893163986955,"benchmark_time":0.693013589,"cross_secs":[{"A":7.853981633974483e-05}],"elements":[{"end_node_inds":[0,1]},{"end_node_inds":[0,2]},{"end_node_inds":[1,2]},{"end_node_inds":[0,3]},{"end_node_inds":[2,3]},{"end_node_inds":[1,4]},{"end_node_inds":[2,4]},{"end_node_inds":[2,5]},{"end_node_inds":[3,5]},{"end_node_inds":[4,5]},{"end_node_inds":[0,6]},{"end_node_inds":[3,6]},{"end_node_inds":[0,7]},{"end_node_inds":[4,7]},{"end_node_inds":[7,8]},{"end_node_inds":[4,9]},{"end_node_inds":[5,9]},{"end_node_inds":[0,10]},{"end_node_inds":[6,10]},{"end_node_inds":[8,10]},{"end_node_inds":[4,11]},{"end_node_inds":[5,11]},{"end_node_inds":[6,11]},{"end_node_inds":[7,11]},{"end_node_inds":[9,11]},{"end_node_inds":[6,12]},{"end_node_inds":[8,12]},{"end_node_inds":[11,12]},{"end_node_inds":[3,13]},{"end_node_inds":[6,13]},{"end_node_inds":[5,14]},{"end_node_inds":[11,14]},{"end_node_inds":[13,14]},{"end_node_inds":[3,15]},{"end_node_inds":[5,15]},{"end_node_inds":[13,15]},{"end_node_inds":[14,15]},{"end_node_inds":[6,16]},{"end_node_inds":[11,16]},{"end_node_inds":[13,16]},{"end_node_inds":[14,16]}],"materials":[{"E":129000000.0,"G12":46071428.57142857,"density":58.0}],"nodes":[{"is_grounded":0,"node_ind":0,"point":[0.2630599389819162,0.6281413407352854,0.7997415923557111]},{"is_grounded":1,"node_ind":1,"point":[0.0,1.9459131971800183,0.43714673516090835]},{"is_grounded":0,"node_ind":2,"point":[0.32351268473865286,2.538407876132716,2.1843467972250847]},{"is_grounded":0,"node_ind":3,"point":[1.374399740453379,0.8059175613734622,2.3820329921635577]},{"is_grounded":0,"node_ind":4,"point":[0.703061429312966,2.8318687524717325,0.8883382206408168]},{"is_grounded":0,"node_ind":5,"point":[1.726834196877643,2.573689783193163,2.8560609267780634]},{"is_grounded":0,"node_ind":6,"point":[2.0972709397315787,0.0,0.6317466610429414]},{"is_grounded":1,"node_ind":7,"point":[1.11845675445371,1.5272547179565186,0.006061253053298366]},{"is_grounded":0,"node_ind":8,"point":[1.3954023707885024,1.2690718640914977,1.056593903816274]},{"is_grounded":0,"node_ind":9,"point":[1.602419444798264,2.034493902128626,1.6155466682955886]},{"is_grounded":1,"node_ind":10,"point":[1.3186735022708047,0.7182432689173824,0.0]},{"is_grounded":0,"node_ind":11,"point":[1.9931966496778915,2.9224135887206693,0.6164361408404925]},{"is_grounded":1,"node_ind":12,"point":[1.878845352811909,1.1746697408931972,0.006061253053298366]},{"is_grounded":0,"node_ind":13,"point":[2.6482249672437725,0.9654424171229457,1.7082596380914765]},{"is_grounded":0,"node_ind":14,"point":[2.918404659418487,2.4220849499832453,1.514898296596366]},{"is_grounded":0,"node_ind":15,"point":[2.773655452530128,1.9139747124047788,2.5560477217357387]},{"is_grounded":1,"node_ind":16,"point":[3.0,1.4962458376935692,0.3446356208567588]}]}