{"assembly_sequence":[{"Deformation":null,"compliance":0.0,"holdPartIDs":[],"installPartIDs":[10],"partDirections":null},{"Deformation":null,"compliance":0.0,"holdPartIDs":[],"installPartIDs":[6,9,11,30],"partDirections":null},{"Deformation":null,"compliance":0.0,"holdPartIDs":[],"installPartIDs":[2,7,16,27],"partDirections":null},{"Deformation":null,"compliance":0.0,"holdPartIDs":[],"installPartIDs":[1,4,13],"partDirections":null},{"Deformation":null,"compliance":0.0,"holdPartIDs":[],"installPartIDs":[15,24,29,42],"partDirections":null},{"Deformation":null,"compliance":0.0,"holdPartIDs":[],"installPartIDs":[17,18,28,31],"partDirections":null},{"Deformation":null,"compliance":0.0,"holdPartIDs":[],"installPartIDs":[5,8,12,25],"partDirections":null},{"Deformation":null,"compliance":0.0,"holdPartIDs":[],"installPartIDs":[0,14,20,21],"partDirections":null},{"Deformation":null,"compliance":0.0,"holdPartIDs":[],"installPartIDs":[3,19,26,40],"partDirections":null},{"Deformation":null,"compliance":0.0,"holdPartIDs":[],"installPartIDs":[33,37,39,43],"partDirections":null},{"Deformation":null,"compliance":0.0,"holdPartIDs":[],"installPartIDs":[23,34,35,36],"partDirections":null},{"Deformation":null,"compliance":0.0,"holdPartIDs":[],"installPartIDs":[22,32,38,41],"partDirections":null}],"benchmark_compliance":0.000325302109397181,"benchmark_time":1.417684821,"cross_secs":[{"A":7.853981633974483e-05}],"elements":[{"end_node_inds":[0,1]},{"end_node_inds":[0,2]},{"end_node_inds":[0,3]},{"end_node_inds":[1,4]},{"end_node_inds":[0,5]},{"end_node_inds":[1,5]},{"end_node_inds":[2,5]},{"end_node_inds":[0,6]},{"end_node_inds":[1,6]},{"end_node_inds":[2,6]},{"end_node_inds":[3,6]},{"end_node_inds":[5,6]},{"end_node_inds":[1,7]},{"end_node_inds":[5,7]},{"end_node_inds":[1,8]},{"end_node_inds":[5,8]},{"end_node_inds":[6,8]},{"end_node_inds":[7,8]},{"end_node_inds":[7,9]},{"end_node_inds":[7,10]},{"end_node_inds":[8,10]},{"end_node_inds":[9,10]},{"end_node_inds":[1,11]},{"end_node_inds":[4,11]},{"end_node_inds":[9,12]},{"end_node_inds":[9,13]},{"end_node_inds":[10,13]},{"end_node_inds":[12,13]},{"end_node_inds":[7,14]},{"end_node_inds":[9,14]},{"end_node_inds":[12,14]},{"end_node_inds":[13,14]},{"end_node_inds":[1,15]},{"end_node_inds":[8,15]},{"end_node_inds":[10,15]},{"end_node_inds":[11,15]},{"end_node_inds":[13,15]},{"end_node_inds":[14,15]},{"end_node_inds":[1,16]},{"end_node_inds":[4,16]},{"end_node_inds":[7,16]},{"end_node_inds":[11,16]},{"end_node_inds":[14,16]},{"end_node_inds":[15,16]}],"materials":[{"E":129000000.0,"G12":46071428.57142857,"density":58.0}],"nodes":[{"is_grounded":0,"node_ind":0,"point":[0.1649926310249309,0.38774031979039425,0.35956658701448996]},{"is_grounded":0,"node_ind":1,"point":[0.0,0.28656353622865477,1.698955778408665]},{"is_grounded":1,"node_ind":2,"point":[0.888207280422255,0.0,0.0]},{"is_grounded":1,"node_ind":3,"point":[0.888207280422255,0.6803914766051633,0.0]},{"is_grounded":0,"node_ind":4,"point":[0.7983876602736406,0.32900040214320125,1.8318447048877007]},{"is_grounded":0,"node_ind":5,"point":[0.9363181725320336,0.0,0.741516607219055]},{"is_grounded":0,"node_ind":6,"point":[0.9363181725320336,0.6803914766051633,0.741516607219055]},{"is_grounded":0,"node_ind":7,"point":[1.48186141347306,0.0,1.1610801415259544]},{"is_grounded":0,"node_ind":8,"point":[1.48186141347306,0.6803914766051633,1.1610801415259544]},{"is_grounded":0,"node_ind":9,"point":[2.03157107425023,0.0,0.4564468251388903]},{"is_grounded":0,"node_ind":10,"point":[2.03157107425023,0.6803914766051633,0.4564468251388903]},{"is_grounded":0,"node_ind":11,"point":[2.21669966036377,0.3352194076055818,1.833616564450442]},{"is_grounded":1,"node_ind":12,"point":[2.7624004391376187,0.01607293647134805,0.017182304514606332]},{"is_grounded":0,"node_ind":13,"point":[2.803231662788873,0.6700921281141744,0.1686337747838588]},{"is_grounded":0,"node_ind":14,"point":[2.8368058527612328,0.07292095841426109,0.6967833609156384]},{"is_grounded":0,"node_ind":15,"point":[2.9643741399533896,0.6122031045081529,1.2759398460889104]},{"is_grounded":0,"node_ind":16,"point":[3.0,0.23876579327451994,1.8318447048877007]}]}