{"assembly_sequence":[{"Deformation":null,"compliance":0.0,"holdPartIDs":[],"installPartIDs":[27,31,32,37],"partDirections":null},{"Deformation":null,"compliance":0.0,"holdPartIDs":[],"installPartIDs":[35,36,38],"partDirections":null},{"Deformation":null,"compliance":0.0,"holdPartIDs":[],"installPartIDs":[24,28,43,44],"partDirections":null},{"Deformation":null,"compliance":0.0,"holdPartIDs":[],"installPartIDs":[42,47,48],"partDirections":null},{"Deformation":null,"compliance":0.0,"holdPartIDs":[],"installPartIDs":[9,30,41],"partDirections":null},{"Deformation":null,"compliance":0.0,"holdPartIDs":[],"installPartIDs":[10,11,16,34],"partDirections":null},{"Deformation":null,"compliance":0.0,"holdPartIDs":[],"installPartIDs":[4,13,15,29],"partDirections":null},{"Deformation":null,"compliance":0.0,"holdPartIDs":[],"installPartIDs":[25,26,33,45],"partDirections":null},{"Deformation":null,"compliance":0.0,"holdPartIDs":[],"installPartIDs":[14,20,23,40],"partDirections":null},{"Deformation":null,"compliance":0.0,"holdPartIDs":[],"installPartIDs":[3,7,12,46],"partDirections":null},{"Deformation":null,"compliance":0.0,"holdPartIDs":[],"installPartIDs":[2,5,22,39],"partDirections":null},{"Deformation":null,"compliance":0.0,"holdPartIDs":[],"installPartIDs":[0,1,8,19],"partDirections":null},{"Deformation":null,"compliance":0.0,"holdPartIDs":[],"installPartIDs":[6,17,18,21],"partDirections":null}],"benchmark_compliance":0.00021091639580205087,"benchmark_time":2.18337097,"cross_secs":[{"A":7.853981633974483e-05}],"elements":[{"end_node_inds":[0,1]},{"end_node_inds":[1,2]},{"end_node_inds":[0,3]},{"end_node_inds":[2,5]},{"end_node_inds":[4,5]},{"end_node_inds":[0,6]},{"end_node_inds":[1,6]},{"end_node_inds":[2,6]},{"end_node_inds":[0,7]},{"end_node_inds":[3,7]},{"end_node_inds":[4,7]},{"end_node_inds":[6,7]},{"end_node_inds":[2,8]},{"end_node_inds":[4,8]},{"end_node_inds":[5,8]},{"end_node_inds":[6,8]},{"end_node_inds":[7,8]},{"end_node_inds":[0,9]},{"end_node_inds":[1,9]},{"end_node_inds":[0,10]},{"end_node_inds":[9,10]},{"end_node_inds":[1,11]},{"end_node_inds":[2,11]},{"end_node_inds":[9,11]},{"end_node_inds":[10,11]},{"end_node_inds":[6,12]},{"end_node_inds":[8,12]},{"end_node_inds":[10,12]},{"end_node_inds":[11,12]},{"end_node_inds":[6,13]},{"end_node_inds":[7,13]},{"end_node_inds":[10,13]},{"end_node_inds":[12,13]},{"end_node_inds":[7,14]},{"end_node_inds":[8,14]},{"end_node_inds":[12,14]},{"end_node_inds":[13,14]},{"end_node_inds":[13,15]},{"end_node_inds":[14,15]},{"end_node_inds":[2,16]},{"end_node_inds":[5,16]},{"end_node_inds":[11,16]},{"end_node_inds":[12,16]},{"end_node_inds":[14,16]},{"end_node_inds":[15,16]},{"end_node_inds":[4,17]},{"end_node_inds":[5,17]},{"end_node_inds":[15,17]},{"end_node_inds":[16,17]}],"materials":[{"E":129000000.0,"G12":46071428.57142857,"density":58.0}],"nodes":[{"is_grounded":0,"node_ind":0,"point":[0.0,0.2999537838671418,0.7922912702503203]},{"is_grounded":0,"node_ind":1,"point":[0.1949254639807599,0.38199438085626664,1.9997691901911285]},{"is_grounded":0,"node_ind":2,"point":[0.1949254639807599,1.4153863640627298,2.511691460098751]},{"is_grounded":1,"node_ind":3,"point":[0.1949254639807599,1.4788183883494264,0.0862031499686092]},{"is_grounded":1,"node_ind":4,"point":[0.0,2.4554264703058393,0.4029708991129807]},{"is_grounded":0,"node_ind":5,"point":[0.1949254639807599,2.607184654887813,1.9620590366561697]},{"is_grounded":0,"node_ind":6,"point":[0.5847763919422797,1.2777835589031052,1.42285631461654]},{"is_grounded":0,"node_ind":7,"point":[0.5847763919422797,1.5803184467834335,1.0812095253870753]},{"is_grounded":0,"node_ind":8,"point":[0.5847763919422797,1.720601870125398,1.4930623275093613]},{"is_grounded":0,"node_ind":9,"point":[1.6763589902345353,0.0,1.4917182177284698]},{"is_grounded":1,"node_ind":10,"point":[1.6763589902345353,1.093165421377808,0.0]},{"is_grounded":0,"node_ind":11,"point":[1.6763589902345353,1.1088293063142696,2.6717486082627806]},{"is_grounded":0,"node_ind":12,"point":[1.6763589902345353,1.2777835589031052,1.42285631461654]},{"is_grounded":0,"node_ind":13,"point":[1.6763589902345353,1.5803184467834335,1.0812095253870753]},{"is_grounded":0,"node_ind":14,"point":[1.6763589902345353,1.720601870125398,1.4930623275093613]},{"is_grounded":1,"node_ind":15,"point":[1.6763589902345353,2.3950493204565633,0.31244269616544895]},{"is_grounded":0,"node_ind":16,"point":[1.6763589902345353,2.2567301028573827,2.5664473477331655]},{"is_grounded":0,"node_ind":17,"point":[1.6763589902345353,3.0,1.3556278024256132]}]}