{"assembly_sequence":[{"Deformation":null,"compliance":0.0,"holdPartIDs":[],"installPartIDs":[14,16,19,24],"partDirections":null},{"Deformation":null,"compliance":0.0,"holdPartIDs":[],"installPartIDs":[17,18,22,25],"partDirections":null},{"Deformation":null,"compliance":0.0,"holdPartIDs":[],"installPartIDs":[8,11,20,23],"partDirections":null},{"Deformation":null,"compliance":0.0,"holdPartIDs":[],"installPartIDs":[1,3,49,50],"partDirections":null},{"Deformation":null,"compliance":0.0,"holdPartIDs":[],"installPartIDs":[0,5,13,51],"partDirections":null},{"Deformation":null,"compliance":0.0,"holdPartIDs":[],"installPartIDs":[2,4,15,56],"partDirections":null},{"Deformation":null,"compliance":0.0,"holdPartIDs":[],"installPartIDs":[12,21,48,53],"partDirections":null},{"Deformation":null,"compliance":0.0,"holdPartIDs":[],"installPartIDs":[6,7,40,41],"partDirections":null},{"Deformation":null,"compliance":0.0,"holdPartIDs":[],"installPartIDs":[10,44,45,47],"partDirections":null},{"Deformation":null,"compliance":0.0,"holdPartIDs":[],"installPartIDs":[37,38,43,55],"partDirections":null},{"Deformation":null,"compliance":0.0,"holdPartIDs":[],"installPartIDs":[9,39,42,54],"partDirections":null},{"Deformation":null,"compliance":0.0,"holdPartIDs":[],"installPartIDs":[27,31,32,46],"partDirections":null},{"Deformation":null,"compliance":0.0,"holdPartIDs":[],"installPartIDs":[29,33,35,52],"partDirections":null},{"Deformation":null,"compliance":0.0,"holdPartIDs":[],"installPartIDs":[30],"partDirections":null},{"Deformation":null,"compliance":0.0,"holdPartIDs":[],"installPartIDs":[26,28,34,36],"partDirections":null}],"benchmark_compliance":0.0009451730400377952,"benchmark_time":4.477550923,"cross_secs":[{"A":7.853981633974483e-05}],"elements":[{"end_node_inds":[0,1]},{"end_node_inds":[0,2]},{"end_node_inds":[1,2]},{"end_node_inds":[0,3]},{"end_node_inds":[1,3]},{"end_node_inds":[0,4]},{"end_node_inds":[1,5]},{"end_node_inds":[1,6]},{"end_node_inds":[5,6]},{"end_node_inds":[1,7]},{"end_node_inds":[3,7]},{"end_node_inds":[0,8]},{"end_node_inds":[1,8]},{"end_node_inds":[2,8]},{"end_node_inds":[4,8]},{"end_node_inds":[1,9]},{"end_node_inds":[6,9]},{"end_node_inds":[5,10]},{"end_node_inds":[6,10]},{"end_node_inds":[9,10]},{"end_node_inds":[0,11]},{"end_node_inds":[3,11]},{"end_node_inds":[4,11]},{"end_node_inds":[4,12]},{"end_node_inds":[8,12]},{"end_node_inds":[11,12]},{"end_node_inds":[1,13]},{"end_node_inds":[7,13]},{"end_node_inds":[3,14]},{"end_node_inds":[7,14]},{"end_node_inds":[13,14]},{"end_node_inds":[1,15]},{"end_node_inds":[13,15]},{"end_node_inds":[14,15]},{"end_node_inds":[3,16]},{"end_node_inds":[14,16]},{"end_node_inds":[15,16]},{"end_node_inds":[1,17]},{"end_node_inds":[5,17]},{"end_node_inds":[15,17]},{"end_node_inds":[5,18]},{"end_node_inds":[10,18]},{"end_node_inds":[15,18]},{"end_node_inds":[17,18]},{"end_node_inds":[9,19]},{"end_node_inds":[10,19]},{"end_node_inds":[15,19]},{"end_node_inds":[18,19]},{"end_node_inds":[3,20]},{"end_node_inds":[8,20]},{"end_node_inds":[11,20]},{"end_node_inds":[12,20]},{"end_node_inds":[15,20]},{"end_node_inds":[16,20]},{"end_node_inds":[15,22]},{"end_node_inds":[19,22]},{"end_node_inds":[20,22]}],"materials":[{"E":129000000.0,"G12":46071428.57142857,"density":58.0}],"nodes":[{"is_grounded":0,"node_ind":0,"point":[0.0,1.052467110944929,1.2440407681688943]},{"is_grounded":0,"node_ind":1,"point":[0.03963183067936653,1.5516650086507493,1.268189362918607]},{"is_grounded":0,"node_ind":2,"point":[0.18394845799954254,1.37580408293458,0.9361442447977182]},{"is_grounded":0,"node_ind":3,"point":[0.3379442459238603,1.2241294113761958,1.5368004203857888]},{"is_grounded":0,"node_ind":4,"point":[0.433413258983608,0.3017728671896531,0.44558005218907565]},{"is_grounded":0,"node_ind":5,"point":[0.6282121109883009,2.431096008632944,0.6072961526878194]},{"is_grounded":0,"node_ind":6,"point":[0.6265577169874116,2.8503002614323583,0.3102022231566157]},{"is_grounded":0,"node_ind":7,"point":[0.981496070601194,1.2191724324379438,1.858206311356671]},{"is_grounded":1,"node_ind":8,"point":[0.7457358098110409,0.430833221860487,0.1416589077000268]},{"is_grounded":1,"node_ind":9,"point":[0.9627517859623956,2.4163721576897164,0.1341853906807483]},{"is_grounded":0,"node_ind":10,"point":[0.9402047706725822,2.6931299399020587,0.5074685665596375]},{"is_grounded":0,"node_ind":11,"point":[0.8251881151836366,0.26515106206610245,0.7255008935328552]},{"is_grounded":0,"node_ind":12,"point":[0.9053285237936317,0.052233512557321074,0.39345821031372646]},{"is_grounded":0,"node_ind":13,"point":[1.344094345138498,1.569655289436011,1.890830266498476]},{"is_grounded":0,"node_ind":14,"point":[1.6513670101552143,1.0304988368017747,1.8710387762670735]},{"is_grounded":0,"node_ind":15,"point":[1.7738893020612814,1.8330163798885026,1.8330803698676643]},{"is_grounded":0,"node_ind":16,"point":[1.9088452067513126,0.5455318563523618,1.7354214442102371]},{"is_grounded":0,"node_ind":17,"point":[1.9046808094891772,2.417514126615196,1.5230067019149132]},{"is_grounded":0,"node_ind":18,"point":[2.0784937225949904,2.7898735707697346,1.3016928502305622]},{"is_grounded":0,"node_ind":19,"point":[2.238556304135665,2.431096008632944,1.0543465507409937]},{"is_grounded":0,"node_ind":20,"point":[2.2166911298202874,0.0,1.3847091517456647]},{"is_grounded":1,"node_ind":21,"point":[2.6083411820869755,1.35672726071878,0.0]},{"is_grounded":1,"node_ind":22,"point":[3.0,1.35672726071878,0.27694085638842886]}]}