{"assembly_sequence":[{"Deformation":null,"compliance":0.0,"holdPartIDs":[],"installPartIDs":[5],"partDirections":null},{"Deformation":null,"compliance":0.0,"holdPartIDs":[],"installPartIDs":[18,19,21,36],"partDirections":null},{"Deformation":null,"compliance":0.0,"holdPartIDs":[],"installPartIDs":[3,4,11,12],"partDirections":null},{"Deformation":null,"compliance":0.0,"holdPartIDs":[],"installPartIDs":[8,16,17,38],"partDirections":null},{"Deformation":null,"compliance":0.0,"holdPartIDs":[],"installPartIDs":[0,7,15,20],"partDirections":null},{"Deformation":null,"compliance":0.0,"holdPartIDs":[],"installPartIDs":[2,22,31,39],"partDirections":null},{"Deformation":null,"compliance":0.0,"holdPartIDs":[],"installPartIDs":[6,13,33,37],"partDirections":null},{"Deformation":null,"compliance":0.0,"holdPartIDs":[],"installPartIDs":[32,35,40,41],"partDirections":null},{"Deformation":null,"compliance":0.0,"holdPartIDs":[],"installPartIDs":[1,23,25,30],"partDirections":null},{"Deformation":null,"compliance":0.0,"holdPartIDs":[],"installPartIDs":[24,34],"partDirections":null},{"Deformation":null,"compliance":0.0,"holdPartIDs":[],"installPartIDs":[10,14,29],"partDirections":null},{"Deformation":null,"compliance":0.0,"holdPartIDs":[],"installPartIDs":[9,26,27,28],"partDirections":null}],"benchmark_compliance":1.3290531802455259e-05,"benchmark_time":1.240786731,"cross_secs":[{"A":7.853981633974483e-05}],"elements":[{"end_node_inds":[0,1]},{"end_node_inds":[0,2]},{"end_node_inds":[0,4]},{"end_node_inds":[1,4]},{"end_node_inds":[2,4]},{"end_node_inds":[3,4]},{"end_node_inds":[0,5]},{"end_node_inds":[1,5]},{"end_node_inds":[2,5]},{"end_node_inds":[1,6]},{"end_node_inds":[5,6]},{"end_node_inds":[1,7]},{"end_node_inds":[4,7]},{"end_node_inds":[1,8]},{"end_node_inds":[6,8]},{"end_node_inds":[1,9]},{"end_node_inds":[1,10]},{"end_node_inds":[1,11]},{"end_node_inds":[3,11]},{"end_node_inds":[4,11]},{"end_node_inds":[9,11]},{"end_node_inds":[10,11]},{"end_node_inds":[1,12]},{"end_node_inds":[5,12]},{"end_node_inds":[8,12]},{"end_node_inds":[9,12]},{"end_node_inds":[5,13]},{"end_node_inds":[6,13]},{"end_node_inds":[8,13]},{"end_node_inds":[12,13]},{"end_node_inds":[2,14]},{"end_node_inds":[4,14]},{"end_node_inds":[5,14]},{"end_node_inds":[11,14]},{"end_node_inds":[12,14]},{"end_node_inds":[9,15]},{"end_node_inds":[11,15]},{"end_node_inds":[12,15]},{"end_node_inds":[11,16]},{"end_node_inds":[12,16]},{"end_node_inds":[14,16]},{"end_node_inds":[15,16]}],"materials":[{"E":129000000.0,"G12":46071428.57142857,"density":58.0}],"nodes":[{"is_grounded":0,"node_ind":0,"point":[0.0,0.6037127375,1.3749995000000002]},{"is_grounded":0,"node_ind":1,"point":[0.33191280875000007,0.29748466281249997,1.406249625]},{"is_grounded":0,"node_ind":2,"point":[0.35792610375000006,1.00296745,1.3749995000000002]},{"is_grounded":1,"node_ind":3,"point":[0.4303706950000001,0.6803807871689674,0.0]},{"is_grounded":0,"node_ind":4,"point":[0.4303706950000001,0.6803807871689674,1.249999]},{"is_grounded":0,"node_ind":5,"point":[0.4303706950000001,0.6803807871689674,1.5]},{"is_grounded":0,"node_ind":6,"point":[0.4303706950000001,0.6803807871689674,3.0]},{"is_grounded":1,"node_ind":7,"point":[0.39728732000000005,0.33742892125,0.0]},{"is_grounded":0,"node_ind":8,"point":[0.39728732000000005,0.33742892125,3.0]},{"is_grounded":0,"node_ind":9,"point":[0.6373923600000001,0.0,1.3749995000000002]},{"is_grounded":1,"node_ind":10,"point":[0.720648685,0.4337915228859919,0.0]},{"is_grounded":0,"node_ind":11,"point":[0.720648685,0.4337915228859919,1.249999]},{"is_grounded":0,"node_ind":12,"point":[0.720648685,0.4337915228859919,1.5]},{"is_grounded":0,"node_ind":13,"point":[0.720648685,0.4337915228859919,3.0]},{"is_grounded":0,"node_ind":14,"point":[0.8514508,0.9526414124999999,1.3749995000000002]},{"is_grounded":0,"node_ind":15,"point":[0.9537237000000002,0.17616544999999997,1.3749995000000002]},{"is_grounded":0,"node_ind":16,"point":[1.0664402625000002,0.5202508040439675,1.3749995000000002]}]}