{"assembly_sequence":[{"Deformation":null,"compliance":0.0,"holdPartIDs":[],"installPartIDs":[17,18,19,28],"partDirections":null},{"Deformation":null,"compliance":0.0,"holdPartIDs":[],"installPartIDs":[6,7,27,34],"partDirections":null},{"Deformation":null,"compliance":0.0,"holdPartIDs":[],"installPartIDs":[2,5,9,15],"partDirections":null},{"Deformation":null,"compliance":0.0,"holdPartIDs":[],"installPartIDs":[0,3,10,12],"partDirections":null},{"Deformation":null,"compliance":0.0,"holdPartIDs":[],"installPartIDs":[11,16,30,40],"partDirections":null},{"Deformation":null,"compliance":0.0,"holdPartIDs":[],"installPartIDs":[1,4,8,14],"partDirections":null},{"Deformation":null,"compliance":0.0,"holdPartIDs":[],"installPartIDs":[13,32,41,42],"partDirections":null},{"Deformation":null,"compliance":0.0,"holdPartIDs":[],"installPartIDs":[33,47,50,51],"partDirections":null},{"Deformation":null,"compliance":0.0,"holdPartIDs":[],"installPartIDs":[23,24,25,39],"partDirections":null},{"Deformation":null,"compliance":0.0,"holdPartIDs":[],"installPartIDs":[29,35,37,38],"partDirections":null},{"Deformation":null,"compliance":0.0,"holdPartIDs":[],"installPartIDs":[21,22,26,31],"partDirections":null},{"Deformation":null,"compliance":0.0,"holdPartIDs":[],"installPartIDs":[44,48,49,53],"partDirections":null},{"Deformation":null,"compliance":0.0,"holdPartIDs":[],"installPartIDs":[43,46,52],"partDirections":null},{"Deformation":null,"compliance":0.0,"holdPartIDs":[],"installPartIDs":[20,36,45],"partDirections":null}],"benchmark_compliance":0.00035638599223491914,"benchmark_time":3.168585893,"cross_secs":[{"A":7.853981633974483e-05}],"elements":[{"end_node_inds":[0,1]},{"end_node_inds":[0,2]},{"end_node_inds":[0,3]},{"end_node_inds":[1,3]},{"end_node_inds":[3,4]},{"end_node_inds":[0,5]},{"end_node_inds":[1,5]},{"end_node_inds":[3,5]},{"end_node_inds":[2,6]},{"end_node_inds":[0,7]},{"end_node_inds":[2,7]},{"end_node_inds":[6,7]},{"end_node_inds":[0,8]},{"end_node_inds":[2,8]},{"end_node_inds":[3,8]},{"end_node_inds":[3,9]},{"end_node_inds":[4,9]},{"end_node_inds":[5,10]},{"end_node_inds":[7,10]},{"end_node_inds":[9,10]},{"end_node_inds":[3,11]},{"end_node_inds":[4,11]},{"end_node_inds":[8,11]},{"end_node_inds":[2,12]},{"end_node_inds":[6,12]},{"end_node_inds":[8,12]},{"end_node_inds":[11,12]},{"end_node_inds":[6,13]},{"end_node_inds":[10,14]},{"end_node_inds":[4,15]},{"end_node_inds":[9,15]},{"end_node_inds":[11,15]},{"end_node_inds":[6,16]},{"end_node_inds":[12,16]},{"end_node_inds":[13,16]},{"end_node_inds":[9,17]},{"end_node_inds":[11,17]},{"end_node_inds":[14,17]},{"end_node_inds":[15,17]},{"end_node_inds":[12,18]},{"end_node_inds":[13,18]},{"end_node_inds":[14,18]},{"end_node_inds":[16,18]},{"end_node_inds":[11,19]},{"end_node_inds":[12,19]},{"end_node_inds":[17,19]},{"end_node_inds":[18,19]},{"end_node_inds":[14,20]},{"end_node_inds":[17,20]},{"end_node_inds":[19,20]},{"end_node_inds":[14,21]},{"end_node_inds":[18,21]},{"end_node_inds":[19,21]},{"end_node_inds":[20,21]}],"materials":[{"E":129000000.0,"G12":46071428.57142857,"density":58.0}],"nodes":[{"is_grounded":0,"node_ind":0,"point":[0.1324240935534788,1.6074190053753887,0.46739567992636516]},{"is_grounded":0,"node_ind":1,"point":[0.0,0.9484300469967887,0.21249378664433663]},{"is_grounded":0,"node_ind":2,"point":[0.5270506385642472,2.395827635398121,0.3372764548374968]},{"is_grounded":0,"node_ind":3,"point":[0.45079651190932174,0.545008134655004,0.38334501569391943]},{"is_grounded":0,"node_ind":4,"point":[1.019724007242308,0.0,0.47905808473511646]},{"is_grounded":1,"node_ind":5,"point":[0.5976962932468841,1.1690608511176523,0.0]},{"is_grounded":0,"node_ind":6,"point":[1.2124867037921174,2.81896976799283,0.24678724979510966]},{"is_grounded":1,"node_ind":7,"point":[1.0570619558517493,1.739313384344684,0.019244778170184114]},{"is_grounded":0,"node_ind":8,"point":[0.8310555334970435,1.4276898694475475,0.6917986215869077]},{"is_grounded":1,"node_ind":9,"point":[1.48996590863652,0.6776655179609606,0.0]},{"is_grounded":0,"node_ind":10,"point":[1.4924083583375183,1.2802323685819306,0.20230359051189026]},{"is_grounded":0,"node_ind":11,"point":[1.5546269274393756,0.9453096822032723,0.6917986215869077]},{"is_grounded":0,"node_ind":12,"point":[1.5546269274393756,1.9100701781182865,0.6917986215869077]},{"is_grounded":1,"node_ind":13,"point":[1.7162661580109704,2.3975490828206616,0.0]},{"is_grounded":1,"node_ind":14,"point":[2.0842159684422605,1.4291518067376718,0.005959537174660094]},{"is_grounded":0,"node_ind":15,"point":[2.0334325751152256,0.002438045543261398,0.39947980161208385]},{"is_grounded":0,"node_ind":16,"point":[1.9408788403914894,2.8201325075678128,0.600993341903221]},{"is_grounded":0,"node_ind":17,"point":[2.629518854711138,0.46215426745963173,0.3629670477380862]},{"is_grounded":0,"node_ind":18,"point":[2.5823183302361152,2.4190915678760385,0.38062601648751904]},{"is_grounded":0,"node_ind":19,"point":[2.278198240430732,1.4276898694475475,0.6917986215869077]},{"is_grounded":0,"node_ind":20,"point":[3.0,1.1608550652148555,0.26916380581630905]},{"is_grounded":0,"node_ind":21,"point":[2.9161080333859815,1.8196714156018976,0.36625422541551667]}]}