{"assembly_sequence":[{"Deformation":null,"compliance":0.0,"holdPartIDs":[],"installPartIDs":[0],"partDirections":null},{"Deformation":null,"compliance":0.0,"holdPartIDs":[],"installPartIDs":[29,31,32,35],"partDirections":null},{"Deformation":null,"compliance":0.0,"holdPartIDs":[],"installPartIDs":[37,38,40],"partDirections":null},{"Deformation":null,"compliance":0.0,"holdPartIDs":[],"installPartIDs":[23,39,41],"partDirections":null},{"Deformation":null,"compliance":0.0,"holdPartIDs":[],"installPartIDs":[15,25,33,36],"partDirections":null},{"Deformation":null,"compliance":0.0,"holdPartIDs":[],"installPartIDs":[8,24,26,30],"partDirections":null},{"Deformation":null,"compliance":0.0,"holdPartIDs":[],"installPartIDs":[1,2,7,16],"partDirections":null},{"Deformation":null,"compliance":0.0,"holdPartIDs":[],"installPartIDs":[3,4,5,14],"partDirections":null},{"Deformation":null,"compliance":0.0,"holdPartIDs":[],"installPartIDs":[6,17,27,34],"partDirections":null},{"Deformation":null,"compliance":0.0,"holdPartIDs":[],"installPartIDs":[10,11,12,18],"partDirections":null},{"Deformation":null,"compliance":0.0,"holdPartIDs":[],"installPartIDs":[13,19,21,22],"partDirections":null},{"Deformation":null,"compliance":0.0,"holdPartIDs":[],"installPartIDs":[9,20,28],"partDirections":null}],"benchmark_compliance":0.0002790071458513826,"benchmark_time":1.32099109,"cross_secs":[{"A":7.853981633974483e-05}],"elements":[{"end_node_inds":[0,1]},{"end_node_inds":[0,2]},{"end_node_inds":[1,2]},{"end_node_inds":[1,3]},{"end_node_inds":[2,3]},{"end_node_inds":[2,4]},{"end_node_inds":[3,4]},{"end_node_inds":[0,5]},{"end_node_inds":[1,5]},{"end_node_inds":[1,6]},{"end_node_inds":[1,7]},{"end_node_inds":[3,7]},{"end_node_inds":[4,7]},{"end_node_inds":[6,7]},{"end_node_inds":[2,8]},{"end_node_inds":[4,8]},{"end_node_inds":[5,8]},{"end_node_inds":[4,9]},{"end_node_inds":[7,9]},{"end_node_inds":[1,10]},{"end_node_inds":[6,10]},{"end_node_inds":[7,10]},{"end_node_inds":[9,10]},{"end_node_inds":[1,11]},{"end_node_inds":[5,11]},{"end_node_inds":[4,12]},{"end_node_inds":[1,13]},{"end_node_inds":[9,13]},{"end_node_inds":[10,13]},{"end_node_inds":[11,13]},{"end_node_inds":[5,14]},{"end_node_inds":[11,14]},{"end_node_inds":[13,14]},{"end_node_inds":[4,15]},{"end_node_inds":[9,15]},{"end_node_inds":[12,15]},{"end_node_inds":[13,15]},{"end_node_inds":[8,16]},{"end_node_inds":[12,16]},{"end_node_inds":[13,16]},{"end_node_inds":[14,16]},{"end_node_inds":[15,16]}],"materials":[{"E":129000000.0,"G12":46071428.57142857,"density":58.0}],"nodes":[{"is_grounded":1,"node_ind":0,"point":[0.489357605642328,1.7835652316838437,0.059413579730694104]},{"is_grounded":0,"node_ind":1,"point":[0.5919716002233351,1.9755983681768499,1.3048063142882314]},{"is_grounded":0,"node_ind":2,"point":[0.13695759596464296,0.6694895856108938,0.18439893067722726]},{"is_grounded":0,"node_ind":3,"point":[0.0,0.980982330691645,1.0986092674158865]},{"is_grounded":0,"node_ind":4,"point":[0.9540079076412369,0.0,0.43442257453048005]},{"is_grounded":0,"node_ind":5,"point":[0.9793399951253094,2.6733662781990124,0.49831531137033674]},{"is_grounded":0,"node_ind":6,"point":[1.263443477612487,1.2623778191363033,3.0000000000000004]},{"is_grounded":0,"node_ind":7,"point":[1.079195733765035,0.787203937856548,1.988263348364998]},{"is_grounded":1,"node_ind":8,"point":[1.578675091771455,1.0652337490941073,0.0]},{"is_grounded":0,"node_ind":9,"point":[1.6645716210123573,0.5424349791108638,1.320266228070081]},{"is_grounded":0,"node_ind":10,"point":[1.8029408969923608,1.4664319345513626,2.1166482418485306]},{"is_grounded":0,"node_ind":11,"point":[2.004735938351884,2.567671825696802,0.6776103035044668]},{"is_grounded":1,"node_ind":12,"point":[1.9629305326316073,0.2191879534356668,0.08705781577057847]},{"is_grounded":0,"node_ind":13,"point":[2.444286667975405,1.6526693890741482,1.0638609635844973]},{"is_grounded":1,"node_ind":14,"point":[2.1134182146863214,2.020655324738342,0.007550402508726876]},{"is_grounded":0,"node_ind":15,"point":[2.450975736967602,0.39962946120705084,0.783436407096655]},{"is_grounded":0,"node_ind":16,"point":[2.6683919963498135,1.1610581239335107,0.17529698106945024]}]}