{"assembly_sequence":[{"Deformation":null,"compliance":0.0,"holdPartIDs":[],"installPartIDs":[0],"partDirections":null},{"Deformation":null,"compliance":0.0,"holdPartIDs":[],"installPartIDs":[8,22,29,30],"partDirections":null},{"Deformation":null,"compliance":0.0,"holdPartIDs":[],"installPartIDs":[19,43,44,61],"partDirections":null},{"Deformation":null,"compliance":0.0,"holdPartIDs":[],"installPartIDs":[20,27,31,46],"partDirections":null},{"Deformation":null,"compliance":0.0,"holdPartIDs":[],"installPartIDs":[28,47,51,62],"partDirections":null},{"Deformation":null,"compliance":0.0,"holdPartIDs":[],"installPartIDs":[1,14,24,50],"partDirections":null},{"Deformation":null,"compliance":0.0,"holdPartIDs":[],"installPartIDs":[2,34,48],"partDirections":null},{"Deformation":null,"compliance":0.0,"holdPartIDs":[],"installPartIDs":[21,23,41,45],"partDirections":null},{"Deformation":null,"compliance":0.0,"holdPartIDs":[],"installPartIDs":[38,40,42,49],"partDirections":null},{"Deformation":null,"compliance":0.0,"holdPartIDs":[],"installPartIDs":[18,25,36,37],"partDirections":null},{"Deformation":null,"compliance":0.0,"holdPartIDs":[],"installPartIDs":[9,15,54,55],"partDirections":null},{"Deformation":null,"compliance":0.0,"holdPartIDs":[],"installPartIDs":[13,26,33,60],"partDirections":null},{"Deformation":null,"compliance":0.0,"holdPartIDs":[],"installPartIDs":[3,12,17,39],"partDirections":null},{"Deformation":null,"compliance":0.0,"holdPartIDs":[],"installPartIDs":[16,32,35,58],"partDirections":null},{"Deformation":null,"compliance":0.0,"holdPartIDs":[],"installPartIDs":[4,6,7,10],"partDirections":null},{"Deformation":null,"compliance":0.0,"holdPartIDs":[],"installPartIDs":[5,11,57],"partDirections":null},{"Deformation":null,"compliance":0.0,"holdPartIDs":[],"installPartIDs":[52,53,56,59],"partDirections":null}],"benchmark_compliance":9.271071927958554e-05,"benchmark_time":1.798707594,"cross_secs":[{"A":7.853981633974483e-05}],"elements":[{"end_node_inds":[0,1]},{"end_node_inds":[0,2]},{"end_node_inds":[1,2]},{"end_node_inds":[3,4]},{"end_node_inds":[3,5]},{"end_node_inds":[4,5]},{"end_node_inds":[4,6]},{"end_node_inds":[5,6]},{"end_node_inds":[0,7]},{"end_node_inds":[3,8]},{"end_node_inds":[5,8]},{"end_node_inds":[5,9]},{"end_node_inds":[6,9]},{"end_node_inds":[8,9]},{"end_node_inds":[2,10]},{"end_node_inds":[3,11]},{"end_node_inds":[4,11]},{"end_node_inds":[6,11]},{"end_node_inds":[8,11]},{"end_node_inds":[0,12]},{"end_node_inds":[1,12]},{"end_node_inds":[2,12]},{"end_node_inds":[7,12]},{"end_node_inds":[8,12]},{"end_node_inds":[2,13]},{"end_node_inds":[8,13]},{"end_node_inds":[9,13]},{"end_node_inds":[10,13]},{"end_node_inds":[12,13]},{"end_node_inds":[7,14]},{"end_node_inds":[12,14]},{"end_node_inds":[13,14]},{"end_node_inds":[6,15]},{"end_node_inds":[9,15]},{"end_node_inds":[13,15]},{"end_node_inds":[6,16]},{"end_node_inds":[8,16]},{"end_node_inds":[11,16]},{"end_node_inds":[12,16]},{"end_node_inds":[6,17]},{"end_node_inds":[12,17]},{"end_node_inds":[15,17]},{"end_node_inds":[16,17]},{"end_node_inds":[12,18]},{"end_node_inds":[14,18]},{"end_node_inds":[17,18]},{"end_node_inds":[13,19]},{"end_node_inds":[13,20]},{"end_node_inds":[15,20]},{"end_node_inds":[17,20]},{"end_node_inds":[18,20]},{"end_node_inds":[19,20]},{"end_node_inds":[6,21]},{"end_node_inds":[16,21]},{"end_node_inds":[11,22]},{"end_node_inds":[16,22]},{"end_node_inds":[21,22]},{"end_node_inds":[6,23]},{"end_node_inds":[11,23]},{"end_node_inds":[21,23]},{"end_node_inds":[22,23]},{"end_node_inds":[18,24]},{"end_node_inds":[20,24]}],"materials":[{"E":129000000.0,"G12":46071428.57142857,"density":58.0}],"nodes":[{"is_grounded":1,"node_ind":0,"point":[0.0,0.0,0.0]},{"is_grounded":0,"node_ind":1,"point":[0.0,0.0,1.0541377350147474]},{"is_grounded":0,"node_ind":2,"point":[0.26238240437467736,0.6652403382392141,0.5263235078751225]},{"is_grounded":0,"node_ind":3,"point":[0.17420122080711745,0.0,2.403274454467666]},{"is_grounded":0,"node_ind":4,"point":[0.05572533970029964,0.0,3.0]},{"is_grounded":0,"node_ind":5,"point":[0.3401222778628179,0.7362214328640599,2.632775497029884]},{"is_grounded":0,"node_ind":6,"point":[1.0296784723320362,0.6737344675026153,2.6454496568629216]},{"is_grounded":0,"node_ind":7,"point":[0.5016471643776118,0.0,0.38543362029736766]},{"is_grounded":0,"node_ind":8,"point":[0.5295098015210419,0.2295098241128672,1.646874399340411]},{"is_grounded":0,"node_ind":9,"point":[0.8473378919614346,0.7205961222876847,1.7467561282073316]},{"is_grounded":1,"node_ind":10,"point":[0.5376066833185023,0.22945027861520517,0.0]},{"is_grounded":0,"node_ind":11,"point":[0.98458518153156,0.0,2.781176782931778]},{"is_grounded":0,"node_ind":12,"point":[0.8946417711878792,0.0,1.1638618615994005]},{"is_grounded":0,"node_ind":13,"point":[1.11284957458207,0.6708552802036181,0.30983465308753316]},{"is_grounded":1,"node_ind":14,"point":[1.0752133012235652,0.0,0.0]},{"is_grounded":0,"node_ind":15,"point":[1.4592210547825861,0.723995132814127,1.0543932530743045]},{"is_grounded":0,"node_ind":16,"point":[1.3119865263049975,0.0,2.1246476288126437]},{"is_grounded":0,"node_ind":17,"point":[1.6121055718782493,0.2295098241128672,1.4625669180677419]},{"is_grounded":0,"node_ind":18,"point":[1.80372093936136,0.0,0.4971522016797536]},{"is_grounded":1,"node_ind":19,"point":[1.612700856522099,0.22945027861520517,0.0]},{"is_grounded":0,"node_ind":20,"point":[1.855956270416777,0.776264967821425,0.35423241958505947]},{"is_grounded":0,"node_ind":21,"point":[1.9215800937378138,0.6080240947920782,2.3872512993637027]},{"is_grounded":0,"node_ind":22,"point":[2.127088676381492,0.0,2.015518829455033]},{"is_grounded":0,"node_ind":23,"point":[2.127088676381492,0.0,3.0]},{"is_grounded":1,"node_ind":24,"point":[2.150307531204752,0.0,0.0]}]}