{"assembly_sequence":[{"Deformation":null,"compliance":0.0,"holdPartIDs":[],"installPartIDs":[],"partDirections":null},{"Deformation":null,"compliance":0.0,"holdPartIDs":[],"installPartIDs":[7],"partDirections":null},{"Deformation":null,"compliance":0.0,"holdPartIDs":[],"installPartIDs":[3],"partDirections":null},{"Deformation":null,"compliance":0.0,"holdPartIDs":[],"installPartIDs":[19],"partDirections":null},{"Deformation":null,"compliance":0.0,"holdPartIDs":[],"installPartIDs":[6],"partDirections":null},{"Deformation":null,"compliance":0.0,"holdPartIDs":[],"installPartIDs":[0],"partDirections":null},{"Deformation":null,"compliance":0.0,"holdPartIDs":[],"installPartIDs":[12],"partDirections":null},{"Deformation":null,"compliance":0.0,"holdPartIDs":[],"installPartIDs":[1],"partDirections":null},{"Deformation":null,"compliance":0.0,"holdPartIDs":[],"installPartIDs":[13],"partDirections":null},{"Deformation":null,"compliance":0.0,"holdPartIDs":[],"installPartIDs":[31],"partDirections":null},{"Deformation":null,"compliance":0.0,"holdPartIDs":[],"installPartIDs":[27],"partDirections":null},{"Deformation":null,"compliance":0.0,"holdPartIDs":[],"installPartIDs":[29],"partDirections":null},{"Deformation":null,"compliance":0.0,"holdPartIDs":[],"installPartIDs":[21],"partDirections":null},{"Deformation":null,"compliance":0.0,"holdPartIDs":[],"installPartIDs":[4],"partDirections":null},{"Deformation":null,"compliance":0.0,"holdPartIDs":[],"installPartIDs":[28],"partDirections":null},{"Deformation":null,"compliance":0.0,"holdPartIDs":[],"installPartIDs":[17],"partDirections":null},{"Deformation":null,"compliance":0.0,"holdPartIDs":[],"installPartIDs":[30],"partDirections":null},{"Deformation":null,"compliance":0.0,"holdPartIDs":[],"installPartIDs":[9],"partDirections":null},{"Deformation":null,"compliance":0.0,"holdPartIDs":[],"installPartIDs":[2],"partDirections":null},{"Deformation":null,"compliance":0.0,"holdPartIDs":[],"installPartIDs":[22],"partDirections":null},{"Deformation":null,"compliance":0.0,"holdPartIDs":[],"installPartIDs":[8],"partDirections":null},{"Deformation":null,"compliance":0.0,"holdPartIDs":[],"installPartIDs":[18],"partDirections":null},{"Deformation":null,"compliance":0.0,"holdPartIDs":[],"installPartIDs":[11],"partDirections":null},{"Deformation":null,"compliance":0.0,"holdPartIDs":[],"installPartIDs":[26],"partDirections":null},{"Deformation":null,"compliance":0.0,"holdPartIDs":[],"installPartIDs":[23],"partDirections":null},{"Deformation":null,"compliance":0.0,"holdPartIDs":[],"installPartIDs":[14],"partDirections":null},{"Deformation":null,"compliance":0.0,"holdPartIDs":[],"installPartIDs":[16],"partDirections":null},{"Deformation":null,"compliance":0.0,"holdPartIDs":[],"installPartIDs":[10],"partDirections":null},{"Deformation":null,"compliance":0.0,"holdPartIDs":[],"installPartIDs":[24],"partDirections":null},{"Deformation":null,"compliance":0.0,"holdPartIDs":[],"installPartIDs":[25],"partDirections":null},{"Deformation":null,"compliance":0.0,"holdPartIDs":[],"installPartIDs":[34],"partDirections":null},{"Deformation":null,"compliance":0.0,"holdPartIDs":[],"installPartIDs":[15],"partDirections":null},{"Deformation":null,"compliance":0.0,"holdPartIDs":[],"installPartIDs":[32],"partDirections":null},{"Deformation":null,"compliance":0.0,"holdPartIDs":[],"installPartIDs":[33],"partDirections":null},{"Deformation":null,"compliance":0.0,"holdPartIDs":[],"installPartIDs":[35],"partDirections":null},{"Deformation":null,"compliance":0.0,"holdPartIDs":[],"installPartIDs":[20],"partDirections":null},{"Deformation":null,"compliance":0.0,"holdPartIDs":[],"installPartIDs":[5],"partDirections":null}],"benchmark_compliance":0.000687697251969941,"benchmark_time":3420.976436722,"cross_secs":[{"A":7.853981633974483e-05}],"elements":[{"end_node_inds":[0,1]},{"end_node_inds":[0,2]},{"end_node_inds":[1,2]},{"end_node_inds":[0,3]},{"end_node_inds":[2,3]},{"end_node_inds":[0,4]},{"end_node_inds":[1,4]},{"end_node_inds":[2,5]},{"end_node_inds":[1,6]},{"end_node_inds":[2,6]},{"end_node_inds":[1,7]},{"end_node_inds":[6,7]},{"end_node_inds":[1,8]},{"end_node_inds":[4,8]},{"end_node_inds":[7,8]},{"end_node_inds":[6,9]},{"end_node_inds":[7,9]},{"end_node_inds":[2,10]},{"end_node_inds":[6,10]},{"end_node_inds":[8,11]},{"end_node_inds":[2,12]},{"end_node_inds":[10,12]},{"end_node_inds":[6,13]},{"end_node_inds":[7,13]},{"end_node_inds":[8,13]},{"end_node_inds":[9,13]},{"end_node_inds":[10,13]},{"end_node_inds":[8,14]},{"end_node_inds":[10,14]},{"end_node_inds":[11,14]},{"end_node_inds":[13,14]},{"end_node_inds":[14,15]},{"end_node_inds":[10,16]},{"end_node_inds":[12,16]},{"end_node_inds":[14,16]},{"end_node_inds":[15,16]}],"materials":[{"E":129000000.0,"G12":46071428.57142857,"density":58.0}],"nodes":[{"is_grounded":0,"node_ind":0,"point":[0.0,0.7572144356866611,2.0000000000000084]},{"is_grounded":0,"node_ind":1,"point":[0.23492817083994344,1.475662909448134,2.0000000000000084]},{"is_grounded":0,"node_ind":2,"point":[0.41666631276408467,0.08085959653059571,2.0000000000000084]},{"is_grounded":1,"node_ind":3,"point":[0.30902910977601733,0.7398070818744535,0.0]},{"is_grounded":1,"node_ind":4,"point":[0.5985505779584197,1.3962800117830314,5.625245329087062e-15]},{"is_grounded":1,"node_ind":5,"point":[0.6424854528158848,0.2568184584379174,5.507746612709841e-15]},{"is_grounded":0,"node_ind":6,"point":[0.8044584570695033,0.7073064862536981,2.2500000000000067]},{"is_grounded":0,"node_ind":7,"point":[0.9029387436397198,1.1251518355371954,2.2500000000000067]},{"is_grounded":0,"node_ind":8,"point":[1.0073103830218226,1.827354073524459,2.0000000000000084]},{"is_grounded":0,"node_ind":9,"point":[0.9602171182632363,0.8529072503248776,3.0]},{"is_grounded":0,"node_ind":10,"point":[1.3919784490329403,0.0,2.0000000000000084]},{"is_grounded":1,"node_ind":11,"point":[1.1555524842503069,1.4995287458101778,1.5127944486974154e-14]},{"is_grounded":1,"node_ind":12,"point":[1.3566756187938036,0.3709571113189029,1.5069195269957702e-14]},{"is_grounded":0,"node_ind":13,"point":[1.2250537814882787,0.8992027234689807,2.2500000000000067]},{"is_grounded":0,"node_ind":14,"point":[1.7096288775404145,1.4096349651614701,2.0000000000000084]},{"is_grounded":1,"node_ind":15,"point":[1.5768279731273513,1.0908747244005308,1.5127944486974154e-14]},{"is_grounded":0,"node_ind":16,"point":[1.883962084849659,0.5738567203904141,2.0000000000000084]}]}