{"assembly_sequence":[{"Deformation":null,"compliance":0.0,"holdPartIDs":[],"installPartIDs":[],"partDirections":null},{"Deformation":null,"compliance":0.0,"holdPartIDs":[],"installPartIDs":[13],"partDirections":null},{"Deformation":null,"compliance":0.0,"holdPartIDs":[],"installPartIDs":[14],"partDirections":null},{"Deformation":null,"compliance":0.0,"holdPartIDs":[],"installPartIDs":[36],"partDirections":null},{"Deformation":null,"compliance":0.0,"holdPartIDs":[],"installPartIDs":[20],"partDirections":null},{"Deformation":null,"compliance":0.0,"holdPartIDs":[],"installPartIDs":[12],"partDirections":null},{"Deformation":null,"compliance":0.0,"holdPartIDs":[],"installPartIDs":[10],"partDirections":null},{"Deformation":null,"compliance":0.0,"holdPartIDs":[],"installPartIDs":[4],"partDirections":null},{"Deformation":null,"compliance":0.0,"holdPartIDs":[],"installPartIDs":[11],"partDirections":null},{"Deformation":null,"compliance":0.0,"holdPartIDs":[],"installPartIDs":[7],"partDirections":null},{"Deformation":null,"compliance":0.0,"holdPartIDs":[],"installPartIDs":[],"partDirections":null},{"Deformation":null,"compliance":0.0,"holdPartIDs":[],"installPartIDs":[1],"partDirections":null},{"Deformation":null,"compliance":0.0,"holdPartIDs":[],"installPartIDs":[24],"partDirections":null},{"Deformation":null,"compliance":0.0,"holdPartIDs":[],"installPartIDs":[2],"partDirections":null},{"Deformation":null,"compliance":0.0,"holdPartIDs":[],"installPartIDs":[23],"partDirections":null},{"Deformation":null,"compliance":0.0,"holdPartIDs":[],"installPartIDs":[5],"partDirections":null},{"Deformation":null,"compliance":0.0,"holdPartIDs":[],"installPartIDs":[46],"partDirections":null},{"Deformation":null,"compliance":0.0,"holdPartIDs":[],"installPartIDs":[3],"partDirections":null},{"Deformation":null,"compliance":0.0,"holdPartIDs":[],"installPartIDs":[22],"partDirections":null},{"Deformation":null,"compliance":0.0,"holdPartIDs":[],"installPartIDs":[21],"partDirections":null},{"Deformation":null,"compliance":0.0,"holdPartIDs":[],"installPartIDs":[],"partDirections":null},{"Deformation":null,"compliance":0.0,"holdPartIDs":[],"installPartIDs":[43],"partDirections":null},{"Deformation":null,"compliance":0.0,"holdPartIDs":[],"installPartIDs":[53],"partDirections":null},{"Deformation":null,"compliance":0.0,"holdPartIDs":[],"installPartIDs":[55],"partDirections":null},{"Deformation":null,"compliance":0.0,"holdPartIDs":[],"installPartIDs":[37],"partDirections":null},{"Deformation":null,"compliance":0.0,"holdPartIDs":[],"installPartIDs":[54],"partDirections":null},{"Deformation":null,"compliance":0.0,"holdPartIDs":[],"installPartIDs":[39],"partDirections":null},{"Deformation":null,"compliance":0.0,"holdPartIDs":[],"installPartIDs":[44],"partDirections":null},{"Deformation":null,"compliance":0.0,"holdPartIDs":[],"installPartIDs":[45],"partDirections":null},{"Deformation":null,"compliance":0.0,"holdPartIDs":[],"installPartIDs":[34],"partDirections":null},{"Deformation":null,"compliance":0.0,"holdPartIDs":[],"installPartIDs":[],"partDirections":null},{"Deformation":null,"compliance":0.0,"holdPartIDs":[],"installPartIDs":[52],"partDirections":null},{"Deformation":null,"compliance":0.0,"holdPartIDs":[],"installPartIDs":[33],"partDirections":null},{"Deformation":null,"compliance":0.0,"holdPartIDs":[],"installPartIDs":[9],"partDirections":null},{"Deformation":null,"compliance":0.0,"holdPartIDs":[],"installPartIDs":[27],"partDirections":null},{"Deformation":null,"compliance":0.0,"holdPartIDs":[],"installPartIDs":[25],"partDirections":null},{"Deformation":null,"compliance":0.0,"holdPartIDs":[],"installPartIDs":[38],"partDirections":null},{"Deformation":null,"compliance":0.0,"holdPartIDs":[],"installPartIDs":[8],"partDirections":null},{"Deformation":null,"compliance":0.0,"holdPartIDs":[],"installPartIDs":[0],"partDirections":null},{"Deformation":null,"compliance":0.0,"holdPartIDs":[],"installPartIDs":[6],"partDirections":null},{"Deformation":null,"compliance":0.0,"holdPartIDs":[],"installPartIDs":[],"partDirections":null},{"Deformation":null,"compliance":0.0,"holdPartIDs":[],"installPartIDs":[15],"partDirections":null},{"Deformation":null,"compliance":0.0,"holdPartIDs":[],"installPartIDs":[26],"partDirections":null},{"Deformation":null,"compliance":0.0,"holdPartIDs":[],"installPartIDs":[16],"partDirections":null},{"Deformation":null,"compliance":0.0,"holdPartIDs":[],"installPartIDs":[50],"partDirections":null},{"Deformation":null,"compliance":0.0,"holdPartIDs":[],"installPartIDs":[49],"partDirections":null},{"Deformation":null,"compliance":0.0,"holdPartIDs":[],"installPartIDs":[42],"partDirections":null},{"Deformation":null,"compliance":0.0,"holdPartIDs":[],"installPartIDs":[51],"partDirections":null},{"Deformation":null,"compliance":0.0,"holdPartIDs":[],"installPartIDs":[41],"partDirections":null},{"Deformation":null,"compliance":0.0,"holdPartIDs":[],"installPartIDs":[47],"partDirections":null},{"Deformation":null,"compliance":0.0,"holdPartIDs":[],"installPartIDs":[],"partDirections":null},{"Deformation":null,"compliance":0.0,"holdPartIDs":[],"installPartIDs":[18],"partDirections":null},{"Deformation":null,"compliance":0.0,"holdPartIDs":[],"installPartIDs":[19],"partDirections":null},{"Deformation":null,"compliance":0.0,"holdPartIDs":[],"installPartIDs":[48],"partDirections":null},{"Deformation":null,"compliance":0.0,"holdPartIDs":[],"installPartIDs":[56],"partDirections":null},{"Deformation":null,"compliance":0.0,"holdPartIDs":[],"installPartIDs":[40],"partDirections":null},{"Deformation":null,"compliance":0.0,"holdPartIDs":[],"installPartIDs":[31],"partDirections":null},{"Deformation":null,"compliance":0.0,"holdPartIDs":[],"installPartIDs":[17],"partDirections":null},{"Deformation":null,"compliance":0.0,"holdPartIDs":[],"installPartIDs":[29],"partDirections":null},{"Deformation":null,"compliance":0.0,"holdPartIDs":[],"installPartIDs":[35],"partDirections":null},{"Deformation":null,"compliance":0.0,"holdPartIDs":[],"installPartIDs":[28],"partDirections":null},{"Deformation":null,"compliance":0.0,"holdPartIDs":[],"installPartIDs":[32],"partDirections":null},{"Deformation":null,"compliance":0.0,"holdPartIDs":[],"installPartIDs":[30],"partDirections":null}],"benchmark_compliance":0.005267320047037007,"benchmark_time":92.64484597100001,"cross_secs":[{"A":7.853981633974483e-05}],"elements":[{"end_node_inds":[0,1]},{"end_node_inds":[1,2]},{"end_node_inds":[0,3]},{"end_node_inds":[1,3]},{"end_node_inds":[2,3]},{"end_node_inds":[0,4]},{"end_node_inds":[1,4]},{"end_node_inds":[3,4]},{"end_node_inds":[1,5]},{"end_node_inds":[2,5]},{"end_node_inds":[3,6]},{"end_node_inds":[4,6]},{"end_node_inds":[2,7]},{"end_node_inds":[3,7]},{"end_node_inds":[6,7]},{"end_node_inds":[1,8]},{"end_node_inds":[5,8]},{"end_node_inds":[1,9]},{"end_node_inds":[4,9]},{"end_node_inds":[8,9]},{"end_node_inds":[2,10]},{"end_node_inds":[5,10]},{"end_node_inds":[4,11]},{"end_node_inds":[4,12]},{"end_node_inds":[6,12]},{"end_node_inds":[5,13]},{"end_node_inds":[8,13]},{"end_node_inds":[10,13]},{"end_node_inds":[4,14]},{"end_node_inds":[9,14]},{"end_node_inds":[11,14]},{"end_node_inds":[4,15]},{"end_node_inds":[9,15]},{"end_node_inds":[11,15]},{"end_node_inds":[12,15]},{"end_node_inds":[14,15]},{"end_node_inds":[6,16]},{"end_node_inds":[10,17]},{"end_node_inds":[13,17]},{"end_node_inds":[16,17]},{"end_node_inds":[8,18]},{"end_node_inds":[13,18]},{"end_node_inds":[17,18]},{"end_node_inds":[6,19]},{"end_node_inds":[12,19]},{"end_node_inds":[15,19]},{"end_node_inds":[16,19]},{"end_node_inds":[8,20]},{"end_node_inds":[9,20]},{"end_node_inds":[15,20]},{"end_node_inds":[17,20]},{"end_node_inds":[18,20]},{"end_node_inds":[15,21]},{"end_node_inds":[16,21]},{"end_node_inds":[17,21]},{"end_node_inds":[19,21]},{"end_node_inds":[20,21]}],"materials":[{"E":129000000.0,"G12":46071428.57142857,"density":58.0}],"nodes":[{"is_grounded":0,"node_ind":0,"point":[0.10549838988919087,1.6933841886376624,1.5307820622495047]},{"is_grounded":0,"node_ind":1,"point":[0.27120760585597714,0.7033492488804909,1.354531622300655]},{"is_grounded":0,"node_ind":2,"point":[0.15059435012824798,0.9973245940747039,0.3230939792292024]},{"is_grounded":0,"node_ind":3,"point":[0.0,1.7795038600047055,0.44891463414432675]},{"is_grounded":0,"node_ind":4,"point":[0.3902976245660917,2.4062440251514765,1.311744695064448]},{"is_grounded":0,"node_ind":5,"point":[0.5756499179066171,0.3403932962037857,0.21252865863998424]},{"is_grounded":0,"node_ind":6,"point":[0.8329298470927762,2.7238384517596415,0.2801781070730644]},{"is_grounded":1,"node_ind":7,"point":[0.7692858363913125,1.8700712058614861,0.000317159074543332]},{"is_grounded":0,"node_ind":8,"point":[1.512961478200806,0.15269205134950156,1.455239006085915]},{"is_grounded":0,"node_ind":9,"point":[1.3060636213056536,1.534261276163922,1.0199879214416963]},{"is_grounded":1,"node_ind":10,"point":[1.19292104326683,1.0046345543657018,0.0]},{"is_grounded":0,"node_ind":11,"point":[0.9857268973013142,2.493985691635762,2.0002897250444804]},{"is_grounded":0,"node_ind":12,"point":[1.453176409564362,3.0,1.2877193479904148]},{"is_grounded":0,"node_ind":13,"point":[1.860086656568132,0.0,0.5847536517003933]},{"is_grounded":0,"node_ind":14,"point":[1.4632064599456878,2.4304039370414574,1.2135811190706398]},{"is_grounded":0,"node_ind":15,"point":[2.276790859405723,2.152213234769847,1.2841932050407119]},{"is_grounded":1,"node_ind":16,"point":[1.8602570840603918,2.211717711756803,0.022747716726748933]},{"is_grounded":0,"node_ind":17,"point":[2.4748423619958877,0.7733103706146701,0.16307763769212552]},{"is_grounded":0,"node_ind":18,"point":[2.4989006936824385,0.4955248825585314,1.4903575903763469]},{"is_grounded":0,"node_ind":19,"point":[2.384239389078917,2.7026459513577907,0.6528285130208168]},{"is_grounded":0,"node_ind":20,"point":[2.8366850990106585,1.4525073700002047,1.362910137427689]},{"is_grounded":0,"node_ind":21,"point":[2.936228417943155,1.6909714439112318,0.31510926769329983]}],"num_landmark":5}