{"assembly_sequence":[{"Deformation":null,"compliance":0.0,"holdPartIDs":[],"installPartIDs":[],"partDirections":null},{"Deformation":null,"compliance":0.0,"holdPartIDs":[],"installPartIDs":[23],"partDirections":null},{"Deformation":null,"compliance":0.0,"holdPartIDs":[],"installPartIDs":[12],"partDirections":null},{"Deformation":null,"compliance":0.0,"holdPartIDs":[],"installPartIDs":[41],"partDirections":null},{"Deformation":null,"compliance":0.0,"holdPartIDs":[],"installPartIDs":[42],"partDirections":null},{"Deformation":null,"compliance":0.0,"holdPartIDs":[],"installPartIDs":[38],"partDirections":null},{"Deformation":null,"compliance":0.0,"holdPartIDs":[],"installPartIDs":[],"partDirections":null},{"Deformation":null,"compliance":0.0,"holdPartIDs":[],"installPartIDs":[39],"partDirections":null},{"Deformation":null,"compliance":0.0,"holdPartIDs":[],"installPartIDs":[47],"partDirections":null},{"Deformation":null,"compliance":0.0,"holdPartIDs":[],"installPartIDs":[44],"partDirections":null},{"Deformation":null,"compliance":0.0,"holdPartIDs":[],"installPartIDs":[48],"partDirections":null},{"Deformation":null,"compliance":0.0,"holdPartIDs":[],"installPartIDs":[45],"partDirections":null},{"Deformation":null,"compliance":0.0,"holdPartIDs":[],"installPartIDs":[],"partDirections":null},{"Deformation":null,"compliance":0.0,"holdPartIDs":[],"installPartIDs":[10],"partDirections":null},{"Deformation":null,"compliance":0.0,"holdPartIDs":[],"installPartIDs":[25],"partDirections":null},{"Deformation":null,"compliance":0.0,"holdPartIDs":[],"installPartIDs":[26],"partDirections":null},{"Deformation":null,"compliance":0.0,"holdPartIDs":[],"installPartIDs":[22],"partDirections":null},{"Deformation":null,"compliance":0.0,"holdPartIDs":[],"installPartIDs":[34],"partDirections":null},{"Deformation":null,"compliance":0.0,"holdPartIDs":[],"installPartIDs":[46],"partDirections":null},{"Deformation":null,"compliance":0.0,"holdPartIDs":[],"installPartIDs":[],"partDirections":null},{"Deformation":null,"compliance":0.0,"holdPartIDs":[],"installPartIDs":[3],"partDirections":null},{"Deformation":null,"compliance":0.0,"holdPartIDs":[],"installPartIDs":[20],"partDirections":null},{"Deformation":null,"compliance":0.0,"holdPartIDs":[],"installPartIDs":[32],"partDirections":null},{"Deformation":null,"compliance":0.0,"holdPartIDs":[],"installPartIDs":[30],"partDirections":null},{"Deformation":null,"compliance":0.0,"holdPartIDs":[],"installPartIDs":[43],"partDirections":null},{"Deformation":null,"compliance":0.0,"holdPartIDs":[],"installPartIDs":[],"partDirections":null},{"Deformation":null,"compliance":0.0,"holdPartIDs":[],"installPartIDs":[8],"partDirections":null},{"Deformation":null,"compliance":0.0,"holdPartIDs":[],"installPartIDs":[9],"partDirections":null},{"Deformation":null,"compliance":0.0,"holdPartIDs":[],"installPartIDs":[2],"partDirections":null},{"Deformation":null,"compliance":0.0,"holdPartIDs":[],"installPartIDs":[11],"partDirections":null},{"Deformation":null,"compliance":0.0,"holdPartIDs":[],"installPartIDs":[14],"partDirections":null},{"Deformation":null,"compliance":0.0,"holdPartIDs":[],"installPartIDs":[],"partDirections":null},{"Deformation":null,"compliance":0.0,"holdPartIDs":[],"installPartIDs":[18],"partDirections":null},{"Deformation":null,"compliance":0.0,"holdPartIDs":[],"installPartIDs":[16],"partDirections":null},{"Deformation":null,"compliance":0.0,"holdPartIDs":[],"installPartIDs":[29],"partDirections":null},{"Deformation":null,"compliance":0.0,"holdPartIDs":[],"installPartIDs":[15],"partDirections":null},{"Deformation":null,"compliance":0.0,"holdPartIDs":[],"installPartIDs":[17],"partDirections":null},{"Deformation":null,"compliance":0.0,"holdPartIDs":[],"installPartIDs":[6],"partDirections":null},{"Deformation":null,"compliance":0.0,"holdPartIDs":[],"installPartIDs":[],"partDirections":null},{"Deformation":null,"compliance":0.0,"holdPartIDs":[],"installPartIDs":[7],"partDirections":null},{"Deformation":null,"compliance":0.0,"holdPartIDs":[],"installPartIDs":[19],"partDirections":null},{"Deformation":null,"compliance":0.0,"holdPartIDs":[],"installPartIDs":[40],"partDirections":null},{"Deformation":null,"compliance":0.0,"holdPartIDs":[],"installPartIDs":[13],"partDirections":null},{"Deformation":null,"compliance":0.0,"holdPartIDs":[],"installPartIDs":[33],"partDirections":null},{"Deformation":null,"compliance":0.0,"holdPartIDs":[],"installPartIDs":[],"partDirections":null},{"Deformation":null,"compliance":0.0,"holdPartIDs":[],"installPartIDs":[35],"partDirections":null},{"Deformation":null,"compliance":0.0,"holdPartIDs":[],"installPartIDs":[36],"partDirections":null},{"Deformation":null,"compliance":0.0,"holdPartIDs":[],"installPartIDs":[28],"partDirections":null},{"Deformation":null,"compliance":0.0,"holdPartIDs":[],"installPartIDs":[0],"partDirections":null},{"Deformation":null,"compliance":0.0,"holdPartIDs":[],"installPartIDs":[5],"partDirections":null},{"Deformation":null,"compliance":0.0,"holdPartIDs":[],"installPartIDs":[],"partDirections":null},{"Deformation":null,"compliance":0.0,"holdPartIDs":[],"installPartIDs":[21],"partDirections":null},{"Deformation":null,"compliance":0.0,"holdPartIDs":[],"installPartIDs":[4],"partDirections":null},{"Deformation":null,"compliance":0.0,"holdPartIDs":[],"installPartIDs":[24],"partDirections":null},{"Deformation":null,"compliance":0.0,"holdPartIDs":[],"installPartIDs":[37],"partDirections":null},{"Deformation":null,"compliance":0.0,"holdPartIDs":[],"installPartIDs":[1],"partDirections":null},{"Deformation":null,"compliance":0.0,"holdPartIDs":[],"installPartIDs":[27],"partDirections":null},{"Deformation":null,"compliance":0.0,"holdPartIDs":[],"installPartIDs":[31],"partDirections":null}],"benchmark_compliance":0.0001725276733945563,"benchmark_time":8.426848005,"cross_secs":[{"A":7.853981633974483e-05}],"elements":[{"end_node_inds":[0,1]},{"end_node_inds":[0,2]},{"end_node_inds":[1,2]},{"end_node_inds":[0,3]},{"end_node_inds":[2,3]},{"end_node_inds":[1,4]},{"end_node_inds":[2,4]},{"end_node_inds":[0,5]},{"end_node_inds":[1,5]},{"end_node_inds":[2,5]},{"end_node_inds":[0,6]},{"end_node_inds":[2,6]},{"end_node_inds":[3,6]},{"end_node_inds":[1,7]},{"end_node_inds":[2,7]},{"end_node_inds":[4,7]},{"end_node_inds":[2,8]},{"end_node_inds":[4,8]},{"end_node_inds":[7,8]},{"end_node_inds":[0,9]},{"end_node_inds":[3,9]},{"end_node_inds":[3,10]},{"end_node_inds":[6,10]},{"end_node_inds":[9,10]},{"end_node_inds":[3,11]},{"end_node_inds":[9,11]},{"end_node_inds":[10,11]},{"end_node_inds":[4,12]},{"end_node_inds":[7,12]},{"end_node_inds":[8,12]},{"end_node_inds":[12,13]},{"end_node_inds":[4,14]},{"end_node_inds":[12,14]},{"end_node_inds":[9,15]},{"end_node_inds":[10,15]},{"end_node_inds":[11,15]},{"end_node_inds":[9,16]},{"end_node_inds":[12,16]},{"end_node_inds":[13,16]},{"end_node_inds":[15,16]},{"end_node_inds":[11,17]},{"end_node_inds":[15,17]},{"end_node_inds":[16,17]},{"end_node_inds":[12,18]},{"end_node_inds":[13,18]},{"end_node_inds":[14,18]},{"end_node_inds":[15,18]},{"end_node_inds":[16,18]},{"end_node_inds":[17,18]}],"materials":[{"E":129000000.0,"G12":46071428.57142857,"density":58.0}],"nodes":[{"is_grounded":0,"node_ind":0,"point":[0.2438172589584673,0.6011957393811266,0.12414154375070545]},{"is_grounded":0,"node_ind":1,"point":[0.0,2.035054797448884,0.1261286625268081]},{"is_grounded":0,"node_ind":2,"point":[0.21982428049328004,2.177001501896164,0.6623923601413886]},{"is_grounded":0,"node_ind":3,"point":[0.47223364521322997,0.5699205328090583,0.4034694484273213]},{"is_grounded":0,"node_ind":4,"point":[0.5249370873166699,3.0,0.4068513157132357]},{"is_grounded":1,"node_ind":5,"point":[0.27319615148904297,1.830353912673857,0.0]},{"is_grounded":1,"node_ind":6,"point":[0.5551255744672933,0.5220490363505056,0.004317552771327122]},{"is_grounded":1,"node_ind":7,"point":[1.1730615773622801,2.6263283105144257,0.0]},{"is_grounded":0,"node_ind":8,"point":[1.154205512337434,2.8359355409186815,1.135523357152224]},{"is_grounded":1,"node_ind":9,"point":[1.7265243412410807,0.0660957931140287,0.06275080787405833]},{"is_grounded":0,"node_ind":10,"point":[1.6991528436257046,0.09871243352640985,0.4199179115859545]},{"is_grounded":0,"node_ind":11,"point":[2.138118158070329,0.0,0.13940768400329928]},{"is_grounded":0,"node_ind":12,"point":[2.4180879941029323,2.680232602681422,0.8021611986274035]},{"is_grounded":1,"node_ind":13,"point":[2.5595250387486392,2.1602013304780643,0.011224615080615544]},{"is_grounded":1,"node_ind":14,"point":[2.8511546968076122,2.5944908196130942,0.07969035784412806]},{"is_grounded":0,"node_ind":15,"point":[2.7143144147221583,0.7145836445797995,0.37640985566191226]},{"is_grounded":0,"node_ind":16,"point":[2.7659911167928373,1.2252235568568972,0.27037860985506085]},{"is_grounded":1,"node_ind":17,"point":[2.868787746421127,0.8360150988026583,0.03726730792141231]},{"is_grounded":0,"node_ind":18,"point":[2.9870530362837004,1.6710590269388308,0.3292448568197776]}],"num_landmark":2}