{"assembly_sequence":[{"Deformation":null,"compliance":0.0,"holdPartIDs":[],"installPartIDs":[],"partDirections":null},{"Deformation":null,"compliance":0.0,"holdPartIDs":[],"installPartIDs":[35],"partDirections":null},{"Deformation":null,"compliance":0.0,"holdPartIDs":[],"installPartIDs":[31],"partDirections":null},{"Deformation":null,"compliance":0.0,"holdPartIDs":[],"installPartIDs":[34],"partDirections":null},{"Deformation":null,"compliance":0.0,"holdPartIDs":[],"installPartIDs":[13],"partDirections":null},{"Deformation":null,"compliance":0.0,"holdPartIDs":[],"installPartIDs":[],"partDirections":null},{"Deformation":null,"compliance":0.0,"holdPartIDs":[],"installPartIDs":[30],"partDirections":null},{"Deformation":null,"compliance":0.0,"holdPartIDs":[],"installPartIDs":[1],"partDirections":null},{"Deformation":null,"compliance":0.0,"holdPartIDs":[],"installPartIDs":[0],"partDirections":null},{"Deformation":null,"compliance":0.0,"holdPartIDs":[],"installPartIDs":[3],"partDirections":null},{"Deformation":null,"compliance":0.0,"holdPartIDs":[],"installPartIDs":[],"partDirections":null},{"Deformation":null,"compliance":0.0,"holdPartIDs":[],"installPartIDs":[12],"partDirections":null},{"Deformation":null,"compliance":0.0,"holdPartIDs":[],"installPartIDs":[22],"partDirections":null},{"Deformation":null,"compliance":0.0,"holdPartIDs":[],"installPartIDs":[20],"partDirections":null},{"Deformation":null,"compliance":0.0,"holdPartIDs":[],"installPartIDs":[33],"partDirections":null},{"Deformation":null,"compliance":0.0,"holdPartIDs":[],"installPartIDs":[],"partDirections":null},{"Deformation":null,"compliance":0.0,"holdPartIDs":[],"installPartIDs":[7],"partDirections":null},{"Deformation":null,"compliance":0.0,"holdPartIDs":[],"installPartIDs":[15],"partDirections":null},{"Deformation":null,"compliance":0.0,"holdPartIDs":[],"installPartIDs":[16],"partDirections":null},{"Deformation":null,"compliance":0.0,"holdPartIDs":[],"installPartIDs":[8],"partDirections":null},{"Deformation":null,"compliance":0.0,"holdPartIDs":[],"installPartIDs":[],"partDirections":null},{"Deformation":null,"compliance":0.0,"holdPartIDs":[],"installPartIDs":[18],"partDirections":null},{"Deformation":null,"compliance":0.0,"holdPartIDs":[],"installPartIDs":[14],"partDirections":null},{"Deformation":null,"compliance":0.0,"holdPartIDs":[],"installPartIDs":[21],"partDirections":null},{"Deformation":null,"compliance":0.0,"holdPartIDs":[],"installPartIDs":[19],"partDirections":null},{"Deformation":null,"compliance":0.0,"holdPartIDs":[],"installPartIDs":[],"partDirections":null},{"Deformation":null,"compliance":0.0,"holdPartIDs":[],"installPartIDs":[6],"partDirections":null},{"Deformation":null,"compliance":0.0,"holdPartIDs":[],"installPartIDs":[11],"partDirections":null},{"Deformation":null,"compliance":0.0,"holdPartIDs":[],"installPartIDs":[10],"partDirections":null},{"Deformation":null,"compliance":0.0,"holdPartIDs":[],"installPartIDs":[17],"partDirections":null},{"Deformation":null,"compliance":0.0,"holdPartIDs":[],"installPartIDs":[],"partDirections":null},{"Deformation":null,"compliance":0.0,"holdPartIDs":[],"installPartIDs":[4],"partDirections":null},{"Deformation":null,"compliance":0.0,"holdPartIDs":[],"installPartIDs":[32],"partDirections":null},{"Deformation":null,"compliance":0.0,"holdPartIDs":[],"installPartIDs":[5],"partDirections":null},{"Deformation":null,"compliance":0.0,"holdPartIDs":[],"installPartIDs":[2],"partDirections":null},{"Deformation":null,"compliance":0.0,"holdPartIDs":[],"installPartIDs":[],"partDirections":null},{"Deformation":null,"compliance":0.0,"holdPartIDs":[],"installPartIDs":[27],"partDirections":null},{"Deformation":null,"compliance":0.0,"holdPartIDs":[],"installPartIDs":[26],"partDirections":null},{"Deformation":null,"compliance":0.0,"holdPartIDs":[],"installPartIDs":[28],"partDirections":null},{"Deformation":null,"compliance":0.0,"holdPartIDs":[],"installPartIDs":[29],"partDirections":null},{"Deformation":null,"compliance":0.0,"holdPartIDs":[],"installPartIDs":[],"partDirections":null},{"Deformation":null,"compliance":0.0,"holdPartIDs":[],"installPartIDs":[9],"partDirections":null},{"Deformation":null,"compliance":0.0,"holdPartIDs":[],"installPartIDs":[25],"partDirections":null},{"Deformation":null,"compliance":0.0,"holdPartIDs":[],"installPartIDs":[24],"partDirections":null},{"Deformation":null,"compliance":0.0,"holdPartIDs":[],"installPartIDs":[23],"partDirections":null}],"benchmark_compliance":0.00010507995038548753,"benchmark_time":4.672374454,"cross_secs":[{"A":7.853981633974483e-05}],"elements":[{"end_node_inds":[0,1]},{"end_node_inds":[0,2]},{"end_node_inds":[0,3]},{"end_node_inds":[0,4]},{"end_node_inds":[3,4]},{"end_node_inds":[3,5]},{"end_node_inds":[3,6]},{"end_node_inds":[4,6]},{"end_node_inds":[5,6]},{"end_node_inds":[3,7]},{"end_node_inds":[5,7]},{"end_node_inds":[6,7]},{"end_node_inds":[0,8]},{"end_node_inds":[1,8]},{"end_node_inds":[3,9]},{"end_node_inds":[4,9]},{"end_node_inds":[6,9]},{"end_node_inds":[7,9]},{"end_node_inds":[3,10]},{"end_node_inds":[9,10]},{"end_node_inds":[0,11]},{"end_node_inds":[3,11]},{"end_node_inds":[10,11]},{"end_node_inds":[6,12]},{"end_node_inds":[7,12]},{"end_node_inds":[9,12]},{"end_node_inds":[4,14]},{"end_node_inds":[9,14]},{"end_node_inds":[10,14]},{"end_node_inds":[0,15]},{"end_node_inds":[1,15]},{"end_node_inds":[8,15]},{"end_node_inds":[10,15]},{"end_node_inds":[11,15]},{"end_node_inds":[13,15]},{"end_node_inds":[15,16]}],"materials":[{"E":129000000.0,"G12":46071428.57142857,"density":58.0}],"nodes":[{"is_grounded":0,"node_ind":0,"point":[0.06051187452788042,0.8233710195629214,0.30614273790258767]},{"is_grounded":0,"node_ind":1,"point":[0.5807654631534342,0.6830461474070174,0.7372806275168616]},{"is_grounded":1,"node_ind":2,"point":[0.08086443651225032,1.4124813524671753,0.01555861288495854]},{"is_grounded":0,"node_ind":3,"point":[0.3821368258978658,1.7264333676356274,0.547922059757913]},{"is_grounded":1,"node_ind":4,"point":[0.2426345984062358,2.3041811853502847,0.09031003690943765]},{"is_grounded":0,"node_ind":5,"point":[0.0,2.2602034844934917,1.3764672796128425]},{"is_grounded":0,"node_ind":6,"point":[0.051914092912529464,2.6117235833616284,0.7930401835720031]},{"is_grounded":0,"node_ind":7,"point":[0.06575342775557753,2.915485908128147,1.5359122008899642]},{"is_grounded":1,"node_ind":8,"point":[0.5609447972706729,0.5011790801510374,0.05355087298997927]},{"is_grounded":0,"node_ind":9,"point":[0.6902784191409559,2.432179714508439,0.935762220189445]},{"is_grounded":1,"node_ind":10,"point":[1.0310016115221414,1.5645393600241497,0.08512232089364358]},{"is_grounded":0,"node_ind":11,"point":[0.7209042507074751,1.077003247287896,0.46676423365369385]},{"is_grounded":0,"node_ind":12,"point":[1.013656704900007,3.0,1.5056065523430635]},{"is_grounded":1,"node_ind":13,"point":[1.2131854165770295,0.0,0.06100472018890754]},{"is_grounded":0,"node_ind":14,"point":[1.334835221053121,2.5908150703793873,0.2803899730996363]},{"is_grounded":0,"node_ind":15,"point":[1.3039285319074654,0.7211389072957326,0.5050967811448793]},{"is_grounded":1,"node_ind":16,"point":[1.1812047179363911,0.6663499955986225,0.0]}],"num_landmark":2}